"Chr"	"Pos"	"Ref"	"Alt"	"Mutation_Type"	"Variant_Gene"	"Variant_Group"	"Signature"	"Probability"	"Signatures_Count"
"chr1"	"  5212240"	"GG"	"AA"	"CC>TT"	"MIR4689"	"intergenic"	"DBS1"	1	3
"chr1"	"  5212240"	"GG"	"AA"	"CC>TT"	"MIR4689"	"intergenic"	"DBS4"	6.33551281215233e-18	3
"chr1"	"  5212240"	"GG"	"AA"	"CC>TT"	"MIR4689"	"intergenic"	"DBS9"	5.7839147505621e-18	3
"chr1"	"  7948559"	"TG"	"GT"	"TG>GT"	"PARK7"	"intergenic"	"DBS1"	0.504959943151293	3
"chr1"	"  7948559"	"TG"	"GT"	"TG>GT"	"PARK7"	"intergenic"	"DBS4"	0.00666617746334928	3
"chr1"	"  7948559"	"TG"	"GT"	"TG>GT"	"PARK7"	"intergenic"	"DBS9"	0.488373879385358	3
"chr1"	" 15030929"	"CC"	"TT"	"CC>TT"	"KAZN"	"intronic"	"DBS1"	1	3
"chr1"	" 15030929"	"CC"	"TT"	"CC>TT"	"KAZN"	"intronic"	"DBS4"	6.33551281215233e-18	3
"chr1"	" 15030929"	"CC"	"TT"	"CC>TT"	"KAZN"	"intronic"	"DBS9"	5.7839147505621e-18	3
"chr1"	" 55418580"	"AG"	"GT"	"CT>AC"	"LINC01753"	"intergenic"	"DBS1"	0.999999999999975	3
"chr1"	" 55418580"	"AG"	"GT"	"CT>AC"	"LINC01753"	"intergenic"	"DBS4"	1.29734367370562e-14	3
"chr1"	" 55418580"	"AG"	"GT"	"CT>AC"	"LINC01753"	"intergenic"	"DBS9"	1.18439113507927e-14	3
"chr1"	" 80471962"	"GC"	"AA"	"GC>AA"	"ADGRL4"	"intergenic"	"DBS1"	0.00616490728676492	3
"chr1"	" 80471962"	"GC"	"AA"	"GC>AA"	"ADGRL4"	"intergenic"	"DBS4"	0.993835092713235	3
"chr1"	" 80471962"	"GC"	"AA"	"GC>AA"	"ADGRL4"	"intergenic"	"DBS9"	1.93632669927446e-17	3
"chr1"	" 83129492"	"TC"	"GT"	"TC>GT"	"LINC01362"	"ncRNA_intronic"	"DBS1"	0.999999999999998	3
"chr1"	" 83129492"	"TC"	"GT"	"TC>GT"	"LINC01362"	"ncRNA_intronic"	"DBS4"	1.06585686133857e-15	3
"chr1"	" 83129492"	"TC"	"GT"	"TC>GT"	"LINC01362"	"ncRNA_intronic"	"DBS9"	9.87082725364935e-16	3
"chr1"	" 94276320"	"GG"	"AA"	"CC>TT"	"ABCD3"	"intergenic"	"DBS1"	1	3
"chr1"	" 94276320"	"GG"	"AA"	"CC>TT"	"ABCD3"	"intergenic"	"DBS4"	6.33551281215233e-18	3
"chr1"	" 94276320"	"GG"	"AA"	"CC>TT"	"ABCD3"	"intergenic"	"DBS9"	5.7839147505621e-18	3
"chr1"	"123712738"	"AT"	"CC"	"AT>CC"	"NONE;NONE"	"intergenic"	"DBS1"	0.232701080599681	3
"chr1"	"123712738"	"AT"	"CC"	"AT>CC"	"NONE;NONE"	"intergenic"	"DBS4"	4.2590330684517e-15	3
"chr1"	"123712738"	"AT"	"CC"	"AT>CC"	"NONE;NONE"	"intergenic"	"DBS9"	0.767298919400314	3
"chr1"	"145880108"	"CC"	"TT"	"CC>TT"	"ANKRD35"	"intronic"	"DBS1"	1	3
"chr1"	"145880108"	"CC"	"TT"	"CC>TT"	"ANKRD35"	"intronic"	"DBS4"	6.33551281215233e-18	3
"chr1"	"145880108"	"CC"	"TT"	"CC>TT"	"ANKRD35"	"intronic"	"DBS9"	5.7839147505621e-18	3
"chr1"	"150053313"	"GG"	"AA"	"CC>TT"	"OTUD7B"	"intergenic"	"DBS1"	1	3
"chr1"	"150053313"	"GG"	"AA"	"CC>TT"	"OTUD7B"	"intergenic"	"DBS4"	6.33551281215233e-18	3
"chr1"	"150053313"	"GG"	"AA"	"CC>TT"	"OTUD7B"	"intergenic"	"DBS9"	5.7839147505621e-18	3
"chr1"	"151676559"	"GC"	"AA"	"GC>AA"	"SNX27"	"intronic"	"DBS1"	0.00616490728676492	3
"chr1"	"151676559"	"GC"	"AA"	"GC>AA"	"SNX27"	"intronic"	"DBS4"	0.993835092713235	3
"chr1"	"151676559"	"GC"	"AA"	"GC>AA"	"SNX27"	"intronic"	"DBS9"	1.93632669927446e-17	3
"chr1"	"161216290"	"GG"	"AA"	"CC>TT"	"FCER1G"	"intronic"	"DBS1"	1	3
"chr1"	"161216290"	"GG"	"AA"	"CC>TT"	"FCER1G"	"intronic"	"DBS4"	6.33551281215233e-18	3
"chr1"	"161216290"	"GG"	"AA"	"CC>TT"	"FCER1G"	"intronic"	"DBS9"	5.7839147505621e-18	3
"chr1"	"166112594"	"GC"	"AA"	"GC>AA"	"FAM78B"	"intronic"	"DBS1"	0.00616490728676492	3
"chr1"	"166112594"	"GC"	"AA"	"GC>AA"	"FAM78B"	"intronic"	"DBS4"	0.993835092713235	3
"chr1"	"166112594"	"GC"	"AA"	"GC>AA"	"FAM78B"	"intronic"	"DBS9"	1.93632669927446e-17	3
"chr1"	"171237545"	"CG"	"TT"	"CG>TT"	"FMO2"	"intergenic"	"DBS1"	0.275589069854089	3
"chr1"	"171237545"	"CG"	"TT"	"CG>TT"	"FMO2"	"intergenic"	"DBS4"	0.623043726056084	3
"chr1"	"171237545"	"CG"	"TT"	"CG>TT"	"FMO2"	"intergenic"	"DBS9"	0.101367204089827	3
"chr1"	"177272684"	"GG"	"AA"	"CC>TT"	"BRINP2"	"intronic"	"DBS1"	1	3
"chr1"	"177272684"	"GG"	"AA"	"CC>TT"	"BRINP2"	"intronic"	"DBS4"	6.33551281215233e-18	3
"chr1"	"177272684"	"GG"	"AA"	"CC>TT"	"BRINP2"	"intronic"	"DBS9"	5.7839147505621e-18	3
"chr1"	"185193893"	"TA"	"CT"	"TA>CT"	"SWT1"	"intronic"	"DBS1"	0.0459242011402859	3
"chr1"	"185193893"	"TA"	"CT"	"TA>CT"	"SWT1"	"intronic"	"DBS4"	0.442988043542677	3
"chr1"	"185193893"	"TA"	"CT"	"TA>CT"	"SWT1"	"intronic"	"DBS9"	0.511087755317038	3
"chr1"	"189445613"	"GT"	"TA"	"AC>TA"	"LINC01037"	"intergenic"	"DBS1"	0.0482828892437181	3
"chr1"	"189445613"	"GT"	"TA"	"AC>TA"	"LINC01037"	"intergenic"	"DBS4"	0.039681378117234	3
"chr1"	"189445613"	"GT"	"TA"	"AC>TA"	"LINC01037"	"intergenic"	"DBS9"	0.912035732639048	3
"chr1"	"210898301"	"GG"	"AA"	"CC>TT"	"KCNH1"	"intronic"	"DBS1"	1	3
"chr1"	"210898301"	"GG"	"AA"	"CC>TT"	"KCNH1"	"intronic"	"DBS4"	6.33551281215233e-18	3
"chr1"	"210898301"	"GG"	"AA"	"CC>TT"	"KCNH1"	"intronic"	"DBS9"	5.7839147505621e-18	3
"chr1"	"225354660"	"TC"	"AA"	"TC>AA"	"DNAH14"	"intronic"	"DBS1"	3.67802642335704e-05	3
"chr1"	"225354660"	"TC"	"AA"	"TC>AA"	"DNAH14"	"intronic"	"DBS4"	0.993112797405182	3
"chr1"	"225354660"	"TC"	"AA"	"TC>AA"	"DNAH14"	"intronic"	"DBS9"	0.00685042233058458	3
"chr1"	"231842555"	"TC"	"AA"	"TC>AA"	"TSNAX-DISC1"	"ncRNA_intronic"	"DBS1"	3.67802642335704e-05	3
"chr1"	"231842555"	"TC"	"AA"	"TC>AA"	"TSNAX-DISC1"	"ncRNA_intronic"	"DBS4"	0.993112797405182	3
"chr1"	"231842555"	"TC"	"AA"	"TC>AA"	"TSNAX-DISC1"	"ncRNA_intronic"	"DBS9"	0.00685042233058458	3
"chr2"	" 14342319"	"CC"	"TT"	"CC>TT"	"LINC00276"	"ncRNA_intronic"	"DBS1"	1	3
"chr2"	" 14342319"	"CC"	"TT"	"CC>TT"	"LINC00276"	"ncRNA_intronic"	"DBS4"	6.33551281215233e-18	3
"chr2"	" 14342319"	"CC"	"TT"	"CC>TT"	"LINC00276"	"ncRNA_intronic"	"DBS9"	5.7839147505621e-18	3
"chr2"	" 43132675"	"GG"	"AT"	"CC>AT"	"ZFP36L2"	"intergenic"	"DBS1"	0.449299588636031	3
"chr2"	" 43132675"	"GG"	"AT"	"CC>AT"	"ZFP36L2"	"intergenic"	"DBS4"	0.292930834079442	3
"chr2"	" 43132675"	"GG"	"AT"	"CC>AT"	"ZFP36L2"	"intergenic"	"DBS9"	0.257769577284527	3
"chr2"	" 90000786"	"GA"	"CT"	"TC>AG"	"LSP1P4"	"intergenic"	"DBS1"	0.000113818351899265	3
"chr2"	" 90000786"	"GA"	"CT"	"TC>AG"	"LSP1P4"	"intergenic"	"DBS4"	0.0534892417087619	3
"chr2"	" 90000786"	"GA"	"CT"	"TC>AG"	"LSP1P4"	"intergenic"	"DBS9"	0.946396939939339	3
"chr2"	"118681674"	"GG"	"AA"	"CC>TT"	"EN1"	"intergenic"	"DBS1"	1	3
"chr2"	"118681674"	"GG"	"AA"	"CC>TT"	"EN1"	"intergenic"	"DBS4"	6.33551281215233e-18	3
"chr2"	"118681674"	"GG"	"AA"	"CC>TT"	"EN1"	"intergenic"	"DBS9"	5.7839147505621e-18	3
"chr2"	"123803563"	"TC"	"AT"	"TC>AT"	"LINC01826"	"intergenic"	"DBS1"	0.0656175130164748	3
"chr2"	"123803563"	"TC"	"AT"	"TC>AT"	"LINC01826"	"intergenic"	"DBS4"	0.174201414099044	3
"chr2"	"123803563"	"TC"	"AT"	"TC>AT"	"LINC01826"	"intergenic"	"DBS9"	0.760181072884481	3
"chr2"	"153768821"	"GC"	"AG"	"GC>AG"	"RPRM"	"intergenic"	"DBS1"	0.00138773555684606	3
"chr2"	"153768821"	"GC"	"AG"	"GC>AG"	"RPRM"	"intergenic"	"DBS4"	0.113807898274034	3
"chr2"	"153768821"	"GC"	"AG"	"GC>AG"	"RPRM"	"intergenic"	"DBS9"	0.88480436616912	3
"chr2"	"165708166"	"TG"	"CA"	"TG>CA"	"GALNT3"	"intergenic"	"DBS1"	0.0207475205989959	3
"chr2"	"165708166"	"TG"	"CA"	"TG>CA"	"GALNT3"	"intergenic"	"DBS4"	0.0464289723596042	3
"chr2"	"165708166"	"TG"	"CA"	"TG>CA"	"GALNT3"	"intergenic"	"DBS9"	0.9328235070414	3
"chr3"	"  3222980"	"CC"	"AA"	"CC>AA"	"LOC100130207"	"intergenic"	"DBS1"	0.999999999999019	3
"chr3"	"  3222980"	"CC"	"AA"	"CC>AA"	"LOC100130207"	"intergenic"	"DBS4"	5.12817923851072e-13	3
"chr3"	"  3222980"	"CC"	"AA"	"CC>AA"	"LOC100130207"	"intergenic"	"DBS9"	4.68169703394095e-13	3
"chr3"	" 18330855"	"CA"	"TG"	"TG>CA"	"LOC339862"	"intergenic"	"DBS1"	0.0207475205989959	3
"chr3"	" 18330855"	"CA"	"TG"	"TG>CA"	"LOC339862"	"intergenic"	"DBS4"	0.0464289723596042	3
"chr3"	" 18330855"	"CA"	"TG"	"TG>CA"	"LOC339862"	"intergenic"	"DBS9"	0.9328235070414	3
"chr3"	" 26163842"	"GG"	"AA"	"CC>TT"	"LRRC3B"	"intergenic"	"DBS1"	1	3
"chr3"	" 26163842"	"GG"	"AA"	"CC>TT"	"LRRC3B"	"intergenic"	"DBS4"	6.33551281215233e-18	3
"chr3"	" 26163842"	"GG"	"AA"	"CC>TT"	"LRRC3B"	"intergenic"	"DBS9"	5.7839147505621e-18	3
"chr3"	" 49171568"	"CC"	"TT"	"CC>TT"	"KLHDC8B"	"upstream"	"DBS1"	1	3
"chr3"	" 49171568"	"CC"	"TT"	"CC>TT"	"KLHDC8B"	"upstream"	"DBS4"	6.33551281215233e-18	3
"chr3"	" 49171568"	"CC"	"TT"	"CC>TT"	"KLHDC8B"	"upstream"	"DBS9"	5.7839147505621e-18	3
"chr3"	" 54958974"	"GC"	"AT"	"GC>AT"	"CACNA2D3;LRTM1"	"intronic"	"DBS1"	0.000636215563103686	3
"chr3"	" 54958974"	"GC"	"AT"	"GC>AT"	"CACNA2D3;LRTM1"	"intronic"	"DBS4"	0.0937385691323811	3
"chr3"	" 54958974"	"GC"	"AT"	"GC>AT"	"CACNA2D3;LRTM1"	"intronic"	"DBS9"	0.905625215304515	3
"chr3"	" 55690241"	"CC"	"TT"	"CC>TT"	"ERC2"	"intronic"	"DBS1"	1	3
"chr3"	" 55690241"	"CC"	"TT"	"CC>TT"	"ERC2"	"intronic"	"DBS4"	6.33551281215233e-18	3
"chr3"	" 55690241"	"CC"	"TT"	"CC>TT"	"ERC2"	"intronic"	"DBS9"	5.7839147505621e-18	3
"chr3"	" 69350701"	"AT"	"GA"	"AT>GA"	"FRMD4B"	"intronic"	"DBS1"	0.360775393051869	3
"chr3"	" 69350701"	"AT"	"GA"	"AT>GA"	"FRMD4B"	"intronic"	"DBS4"	0.0428170832324835	3
"chr3"	" 69350701"	"AT"	"GA"	"AT>GA"	"FRMD4B"	"intronic"	"DBS9"	0.596407523715648	3
"chr3"	" 89528353"	"TA"	"CT"	"TA>CT"	"EPHA3"	"intergenic"	"DBS1"	0.0459242011402859	3
"chr3"	" 89528353"	"TA"	"CT"	"TA>CT"	"EPHA3"	"intergenic"	"DBS4"	0.442988043542677	3
"chr3"	" 89528353"	"TA"	"CT"	"TA>CT"	"EPHA3"	"intergenic"	"DBS9"	0.511087755317038	3
"chr3"	"106430433"	"AT"	"GA"	"AT>GA"	"LINC00882"	"intergenic"	"DBS1"	0.360775393051869	3
"chr3"	"106430433"	"AT"	"GA"	"AT>GA"	"LINC00882"	"intergenic"	"DBS4"	0.0428170832324835	3
"chr3"	"106430433"	"AT"	"GA"	"AT>GA"	"LINC00882"	"intergenic"	"DBS9"	0.596407523715648	3
"chr3"	"127092154"	"GG"	"AA"	"CC>TT"	"C3orf56"	"intergenic"	"DBS1"	1	3
"chr3"	"127092154"	"GG"	"AA"	"CC>TT"	"C3orf56"	"intergenic"	"DBS4"	6.33551281215233e-18	3
"chr3"	"127092154"	"GG"	"AA"	"CC>TT"	"C3orf56"	"intergenic"	"DBS9"	5.7839147505621e-18	3
"chr3"	"166945073"	"GG"	"AA"	"CC>TT"	"ZBBX"	"intergenic"	"DBS1"	1	3
"chr3"	"166945073"	"GG"	"AA"	"CC>TT"	"ZBBX"	"intergenic"	"DBS4"	6.33551281215233e-18	3
"chr3"	"166945073"	"GG"	"AA"	"CC>TT"	"ZBBX"	"intergenic"	"DBS9"	5.7839147505621e-18	3
"chr3"	"168032761"	"GC"	"AG"	"GC>AG"	"GOLIM4"	"exonic"	"DBS1"	0.00138773555684606	3
"chr3"	"168032761"	"GC"	"AG"	"GC>AG"	"GOLIM4"	"exonic"	"DBS4"	0.113807898274034	3
"chr3"	"168032761"	"GC"	"AG"	"GC>AG"	"GOLIM4"	"exonic"	"DBS9"	0.88480436616912	3
"chr3"	"195148305"	"AC"	"TT"	"AC>TT"	"XXYLT1-AS2"	"ncRNA_intronic"	"DBS1"	0.519069484521656	3
"chr3"	"195148305"	"AC"	"TT"	"AC>TT"	"XXYLT1-AS2"	"ncRNA_intronic"	"DBS4"	0.00244893084556135	3
"chr3"	"195148305"	"AC"	"TT"	"AC>TT"	"XXYLT1-AS2"	"ncRNA_intronic"	"DBS9"	0.478481584632783	3
"chr4"	" 23791053"	"TT"	"AG"	"TT>AG"	"PPARGC1A"	"downstream"	"DBS1"	0.452840300198962	3
"chr4"	" 23791053"	"TT"	"AG"	"TT>AG"	"PPARGC1A"	"downstream"	"DBS4"	5.8889497593162e-15	3
"chr4"	" 23791053"	"TT"	"AG"	"TT>AG"	"PPARGC1A"	"downstream"	"DBS9"	0.547159699801032	3
"chr4"	" 49640381"	"CG"	"AA"	"CG>TT"	"CWH43"	"intergenic"	"DBS1"	0.275589069854089	3
"chr4"	" 49640381"	"CG"	"AA"	"CG>TT"	"CWH43"	"intergenic"	"DBS4"	0.623043726056084	3
"chr4"	" 49640381"	"CG"	"AA"	"CG>TT"	"CWH43"	"intergenic"	"DBS9"	0.101367204089827	3
"chr4"	" 60265761"	"GA"	"TT"	"TC>AA"	"LINC02429"	"intergenic"	"DBS1"	3.67802642335704e-05	3
"chr4"	" 60265761"	"GA"	"TT"	"TC>AA"	"LINC02429"	"intergenic"	"DBS4"	0.993112797405182	3
"chr4"	" 60265761"	"GA"	"TT"	"TC>AA"	"LINC02429"	"intergenic"	"DBS9"	0.00685042233058458	3
"chr4"	" 61024587"	"GC"	"CA"	"GC>CA"	"LINC02271"	"intergenic"	"DBS1"	0.00236322857467331	3
"chr4"	" 61024587"	"GC"	"CA"	"GC>CA"	"LINC02271"	"intergenic"	"DBS4"	0.379141416700301	3
"chr4"	" 61024587"	"GC"	"CA"	"GC>CA"	"LINC02271"	"intergenic"	"DBS9"	0.618495354725025	3
"chr4"	" 67373374"	"GA"	"AC"	"TC>GT"	"MIR1269A"	"intergenic"	"DBS1"	0.999999999999998	3
"chr4"	" 67373374"	"GA"	"AC"	"TC>GT"	"MIR1269A"	"intergenic"	"DBS4"	1.06585686133857e-15	3
"chr4"	" 67373374"	"GA"	"AC"	"TC>GT"	"MIR1269A"	"intergenic"	"DBS9"	9.87082725364935e-16	3
"chr4"	"126545827"	"TC"	"AA"	"TC>AA"	"INTU"	"intergenic"	"DBS1"	3.67802642335704e-05	3
"chr4"	"126545827"	"TC"	"AA"	"TC>AA"	"INTU"	"intergenic"	"DBS4"	0.993112797405182	3
"chr4"	"126545827"	"TC"	"AA"	"TC>AA"	"INTU"	"intergenic"	"DBS9"	0.00685042233058458	3
"chr4"	"164397064"	"AG"	"GA"	"CT>TC"	"SMIM31"	"intergenic"	"DBS1"	0.998430532082265	3
"chr4"	"164397064"	"AG"	"GA"	"CT>TC"	"SMIM31"	"intergenic"	"DBS4"	5.16889387549331e-16	3
"chr4"	"164397064"	"AG"	"GA"	"CT>TC"	"SMIM31"	"intergenic"	"DBS9"	0.00156946791773495	3
"chr4"	"172523298"	"CC"	"TT"	"CC>TT"	"GALNTL6"	"intronic"	"DBS1"	1	3
"chr4"	"172523298"	"CC"	"TT"	"CC>TT"	"GALNTL6"	"intronic"	"DBS4"	6.33551281215233e-18	3
"chr4"	"172523298"	"CC"	"TT"	"CC>TT"	"GALNTL6"	"intronic"	"DBS9"	5.7839147505621e-18	3
"chr4"	"174425911"	"GG"	"TT"	"CC>AA"	"HPGD"	"intergenic"	"DBS1"	0.999999999999019	3
"chr4"	"174425911"	"GG"	"TT"	"CC>AA"	"HPGD"	"intergenic"	"DBS4"	5.12817923851072e-13	3
"chr4"	"174425911"	"GG"	"TT"	"CC>AA"	"HPGD"	"intergenic"	"DBS9"	4.68169703394095e-13	3
"chr4"	"180930288"	"CC"	"AG"	"CC>AG"	"LINC00290"	"intergenic"	"DBS1"	0.000655871918281347	3
"chr4"	"180930288"	"CC"	"AG"	"CC>AG"	"LINC00290"	"intergenic"	"DBS4"	0.224845798198575	3
"chr4"	"180930288"	"CC"	"AG"	"CC>AG"	"LINC00290"	"intergenic"	"DBS9"	0.774498329883144	3
"chr4"	"182206369"	"GA"	"TG"	"TC>CA"	"TENM3"	"intergenic"	"DBS1"	4.77582567335257e-05	3
"chr4"	"182206369"	"GA"	"TG"	"TC>CA"	"TENM3"	"intergenic"	"DBS4"	0.709851625034301	3
"chr4"	"182206369"	"GA"	"TG"	"TC>CA"	"TENM3"	"intergenic"	"DBS9"	0.290100616708965	3
"chr5"	" 21801991"	"TC"	"CA"	"TC>CA"	"CDH12"	"intronic"	"DBS1"	4.77582567335257e-05	3
"chr5"	" 21801991"	"TC"	"CA"	"TC>CA"	"CDH12"	"intronic"	"DBS4"	0.709851625034301	3
"chr5"	" 21801991"	"TC"	"CA"	"TC>CA"	"CDH12"	"intronic"	"DBS9"	0.290100616708965	3
"chr5"	" 27656999"	"TC"	"AA"	"TC>AA"	"LINC02103"	"intergenic"	"DBS1"	3.67802642335704e-05	3
"chr5"	" 27656999"	"TC"	"AA"	"TC>AA"	"LINC02103"	"intergenic"	"DBS4"	0.993112797405182	3
"chr5"	" 27656999"	"TC"	"AA"	"TC>AA"	"LINC02103"	"intergenic"	"DBS9"	0.00685042233058458	3
"chr5"	" 36977767"	"CC"	"TT"	"CC>TT"	"NIPBL"	"intronic"	"DBS1"	1	3
"chr5"	" 36977767"	"CC"	"TT"	"CC>TT"	"NIPBL"	"intronic"	"DBS4"	6.33551281215233e-18	3
"chr5"	" 36977767"	"CC"	"TT"	"CC>TT"	"NIPBL"	"intronic"	"DBS9"	5.7839147505621e-18	3
"chr5"	" 92037297"	"CC"	"TT"	"CC>TT"	"NR2F1-AS1"	"intergenic"	"DBS1"	1	3
"chr5"	" 92037297"	"CC"	"TT"	"CC>TT"	"NR2F1-AS1"	"intergenic"	"DBS4"	6.33551281215233e-18	3
"chr5"	" 92037297"	"CC"	"TT"	"CC>TT"	"NR2F1-AS1"	"intergenic"	"DBS9"	5.7839147505621e-18	3
"chr5"	" 97593565"	"GA"	"TT"	"TC>AA"	"LINC01340"	"ncRNA_intronic"	"DBS1"	3.67802642335704e-05	3
"chr5"	" 97593565"	"GA"	"TT"	"TC>AA"	"LINC01340"	"ncRNA_intronic"	"DBS4"	0.993112797405182	3
"chr5"	" 97593565"	"GA"	"TT"	"TC>AA"	"LINC01340"	"ncRNA_intronic"	"DBS9"	0.00685042233058458	3
"chr5"	"102215115"	"GG"	"AA"	"CC>TT"	"ST8SIA4"	"intergenic"	"DBS1"	1	3
"chr5"	"102215115"	"GG"	"AA"	"CC>TT"	"ST8SIA4"	"intergenic"	"DBS4"	6.33551281215233e-18	3
"chr5"	"102215115"	"GG"	"AA"	"CC>TT"	"ST8SIA4"	"intergenic"	"DBS9"	5.7839147505621e-18	3
"chr5"	"110908088"	"GG"	"AA"	"CC>TT"	"TSLP"	"intergenic"	"DBS1"	1	3
"chr5"	"110908088"	"GG"	"AA"	"CC>TT"	"TSLP"	"intergenic"	"DBS4"	6.33551281215233e-18	3
"chr5"	"110908088"	"GG"	"AA"	"CC>TT"	"TSLP"	"intergenic"	"DBS9"	5.7839147505621e-18	3
"chr5"	"123484458"	"GA"	"TT"	"TC>AA"	"CEP120"	"intergenic"	"DBS1"	3.67802642335704e-05	3
"chr5"	"123484458"	"GA"	"TT"	"TC>AA"	"CEP120"	"intergenic"	"DBS4"	0.993112797405182	3
"chr5"	"123484458"	"GA"	"TT"	"TC>AA"	"CEP120"	"intergenic"	"DBS9"	0.00685042233058458	3
"chr6"	" 20754279"	"GG"	"TT"	"CC>AA"	"CDKAL1"	"intronic"	"DBS1"	0.999999999999019	3
"chr6"	" 20754279"	"GG"	"TT"	"CC>AA"	"CDKAL1"	"intronic"	"DBS4"	5.12817923851072e-13	3
"chr6"	" 20754279"	"GG"	"TT"	"CC>AA"	"CDKAL1"	"intronic"	"DBS9"	4.68169703394095e-13	3
"chr6"	" 32758756"	"TG"	"CA"	"TG>CA"	"HLA-DQB2"	"intronic"	"DBS1"	0.0207475205989959	3
"chr6"	" 32758756"	"TG"	"CA"	"TG>CA"	"HLA-DQB2"	"intronic"	"DBS4"	0.0464289723596042	3
"chr6"	" 32758756"	"TG"	"CA"	"TG>CA"	"HLA-DQB2"	"intronic"	"DBS9"	0.9328235070414	3
"chr6"	" 37846873"	"GG"	"TT"	"CC>AA"	"ZFAND3"	"intronic"	"DBS1"	0.999999999999019	3
"chr6"	" 37846873"	"GG"	"TT"	"CC>AA"	"ZFAND3"	"intronic"	"DBS4"	5.12817923851072e-13	3
"chr6"	" 37846873"	"GG"	"TT"	"CC>AA"	"ZFAND3"	"intronic"	"DBS9"	4.68169703394095e-13	3
"chr6"	" 62620137"	"CC"	"AA"	"CC>AA"	"LGSN"	"intergenic"	"DBS1"	0.999999999999019	3
"chr6"	" 62620137"	"CC"	"AA"	"CC>AA"	"LGSN"	"intergenic"	"DBS4"	5.12817923851072e-13	3
"chr6"	" 62620137"	"CC"	"AA"	"CC>AA"	"LGSN"	"intergenic"	"DBS9"	4.68169703394095e-13	3
"chr6"	" 84065909"	"TG"	"AT"	"TG>AT"	"MRAP2"	"intronic"	"DBS1"	0.854478959408328	3
"chr6"	" 84065909"	"TG"	"AT"	"TG>AT"	"MRAP2"	"intronic"	"DBS4"	1.9273180642944e-15	3
"chr6"	" 84065909"	"TG"	"AT"	"TG>AT"	"MRAP2"	"intronic"	"DBS9"	0.14552104059167	3
"chr6"	"101722090"	"AC"	"TT"	"AC>TT"	"GRIK2"	"intronic"	"DBS1"	0.519069484521656	3
"chr6"	"101722090"	"AC"	"TT"	"AC>TT"	"GRIK2"	"intronic"	"DBS4"	0.00244893084556135	3
"chr6"	"101722090"	"AC"	"TT"	"AC>TT"	"GRIK2"	"intronic"	"DBS9"	0.478481584632783	3
"chr6"	"108529588"	"TA"	"CC"	"TA>GG"	"FOXO3"	"intergenic"	"DBS1"	0.0196241354167864	3
"chr6"	"108529588"	"TA"	"CC"	"TA>GG"	"FOXO3"	"intergenic"	"DBS4"	0.481237212844857	3
"chr6"	"108529588"	"TA"	"CC"	"TA>GG"	"FOXO3"	"intergenic"	"DBS9"	0.499138651738357	3
"chr6"	"141313086"	"CT"	"TA"	"CT>TA"	"NMBR"	"intergenic"	"DBS1"	0.999999999999999	3
"chr6"	"141313086"	"CT"	"TA"	"CT>TA"	"NMBR"	"intergenic"	"DBS4"	6.96014083588564e-16	3
"chr6"	"141313086"	"CT"	"TA"	"CT>TA"	"NMBR"	"intergenic"	"DBS9"	6.35415986681469e-16	3
"chr6"	"144547415"	"GA"	"TG"	"TC>CA"	"UTRN"	"intronic"	"DBS1"	4.77582567335257e-05	3
"chr6"	"144547415"	"GA"	"TG"	"TC>CA"	"UTRN"	"intronic"	"DBS4"	0.709851625034301	3
"chr6"	"144547415"	"GA"	"TG"	"TC>CA"	"UTRN"	"intronic"	"DBS9"	0.290100616708965	3
"chr6"	"162248234"	"TA"	"AT"	"TA>AT"	"PRKN"	"intronic"	"DBS1"	0.0154718353852149	3
"chr6"	"162248234"	"TA"	"AT"	"TA>AT"	"PRKN"	"intronic"	"DBS4"	0.723261025577111	3
"chr6"	"162248234"	"TA"	"AT"	"TA>AT"	"PRKN"	"intronic"	"DBS9"	0.261267139037674	3
"chr7"	"  2466393"	"GC"	"TT"	"GC>AA"	"CHST12"	"intergenic"	"DBS1"	0.00616490728676492	3
"chr7"	"  2466393"	"GC"	"TT"	"GC>AA"	"CHST12"	"intergenic"	"DBS4"	0.993835092713235	3
"chr7"	"  2466393"	"GC"	"TT"	"GC>AA"	"CHST12"	"intergenic"	"DBS9"	1.93632669927446e-17	3
"chr7"	"  5232966"	"CC"	"TA"	"CC>TA"	"WIPI2"	"UTR3"	"DBS1"	0.95325513963906	3
"chr7"	"  5232966"	"CC"	"TA"	"CC>TA"	"WIPI2"	"UTR3"	"DBS4"	0.012100289444261	3
"chr7"	"  5232966"	"CC"	"TA"	"CC>TA"	"WIPI2"	"UTR3"	"DBS9"	0.0346445709166788	3
"chr7"	" 30204595"	"GC"	"AG"	"GC>AG"	"LOC105375218"	"intergenic"	"DBS1"	0.00138773555684606	3
"chr7"	" 30204595"	"GC"	"AG"	"GC>AG"	"LOC105375218"	"intergenic"	"DBS4"	0.113807898274034	3
"chr7"	" 30204595"	"GC"	"AG"	"GC>AG"	"LOC105375218"	"intergenic"	"DBS9"	0.88480436616912	3
"chr7"	" 67329382"	"GG"	"AA"	"CC>TT"	"STAG3L4"	"intergenic"	"DBS1"	1	3
"chr7"	" 67329382"	"GG"	"AA"	"CC>TT"	"STAG3L4"	"intergenic"	"DBS4"	6.33551281215233e-18	3
"chr7"	" 67329382"	"GG"	"AA"	"CC>TT"	"STAG3L4"	"intergenic"	"DBS9"	5.7839147505621e-18	3
"chr7"	" 81792789"	"GG"	"AA"	"CC>TT"	"CACNA2D1"	"intergenic"	"DBS1"	1	3
"chr7"	" 81792789"	"GG"	"AA"	"CC>TT"	"CACNA2D1"	"intergenic"	"DBS4"	6.33551281215233e-18	3
"chr7"	" 81792789"	"GG"	"AA"	"CC>TT"	"CACNA2D1"	"intergenic"	"DBS9"	5.7839147505621e-18	3
"chr7"	" 82035689"	"TA"	"GT"	"TA>GT"	"CACNA2D1"	"intronic"	"DBS1"	0.0983797700680963	3
"chr7"	" 82035689"	"TA"	"GT"	"TA>GT"	"CACNA2D1"	"intronic"	"DBS4"	0.535443962548534	3
"chr7"	" 82035689"	"TA"	"GT"	"TA>GT"	"CACNA2D1"	"intronic"	"DBS9"	0.36617626738337	3
"chr7"	" 95070353"	"CA"	"AC"	"TG>GT"	"PPP1R9A"	"intronic"	"DBS1"	0.504959943151293	3
"chr7"	" 95070353"	"CA"	"AC"	"TG>GT"	"PPP1R9A"	"intronic"	"DBS4"	0.00666617746334928	3
"chr7"	" 95070353"	"CA"	"AC"	"TG>GT"	"PPP1R9A"	"intronic"	"DBS9"	0.488373879385358	3
"chr7"	"105645762"	"GA"	"TT"	"TC>AA"	"ATXN7L1"	"intronic"	"DBS1"	3.67802642335704e-05	3
"chr7"	"105645762"	"GA"	"TT"	"TC>AA"	"ATXN7L1"	"intronic"	"DBS4"	0.993112797405182	3
"chr7"	"105645762"	"GA"	"TT"	"TC>AA"	"ATXN7L1"	"intronic"	"DBS9"	0.00685042233058458	3
"chr7"	"115383625"	"AA"	"CT"	"TT>AG"	"SNORA25B"	"intergenic"	"DBS1"	0.452840300198962	3
"chr7"	"115383625"	"AA"	"CT"	"TT>AG"	"SNORA25B"	"intergenic"	"DBS4"	5.8889497593162e-15	3
"chr7"	"115383625"	"AA"	"CT"	"TT>AG"	"SNORA25B"	"intergenic"	"DBS9"	0.547159699801032	3
"chr7"	"131181875"	"GT"	"TG"	"AC>CA"	"MKLN1"	"intronic"	"DBS1"	0.00295851131232958	3
"chr7"	"131181875"	"GT"	"TG"	"AC>CA"	"MKLN1"	"intronic"	"DBS4"	0.191376323845303	3
"chr7"	"131181875"	"GT"	"TG"	"AC>CA"	"MKLN1"	"intronic"	"DBS9"	0.805665164842367	3
"chr7"	"145652597"	"CA"	"GC"	"TG>GC"	"CNTNAP2"	"intergenic"	"DBS1"	0.0328149506361377	3
"chr7"	"145652597"	"CA"	"GC"	"TG>GC"	"CNTNAP2"	"intergenic"	"DBS4"	0.173132242502585	3
"chr7"	"145652597"	"CA"	"GC"	"TG>GC"	"CNTNAP2"	"intergenic"	"DBS9"	0.794052806861277	3
"chr7"	"147231266"	"CC"	"TT"	"CC>TT"	"CNTNAP2"	"intronic"	"DBS1"	1	3
"chr7"	"147231266"	"CC"	"TT"	"CC>TT"	"CNTNAP2"	"intronic"	"DBS4"	6.33551281215233e-18	3
"chr7"	"147231266"	"CC"	"TT"	"CC>TT"	"CNTNAP2"	"intronic"	"DBS9"	5.7839147505621e-18	3
"chr7"	"152746990"	"TC"	"AA"	"TC>AA"	"XRCC2"	"intergenic"	"DBS1"	3.67802642335704e-05	3
"chr7"	"152746990"	"TC"	"AA"	"TC>AA"	"XRCC2"	"intergenic"	"DBS4"	0.993112797405182	3
"chr7"	"152746990"	"TC"	"AA"	"TC>AA"	"XRCC2"	"intergenic"	"DBS9"	0.00685042233058458	3
"chr7"	"152815883"	"GA"	"TT"	"TC>AA"	"ACTR3B"	"intronic"	"DBS1"	3.67802642335704e-05	3
"chr7"	"152815883"	"GA"	"TT"	"TC>AA"	"ACTR3B"	"intronic"	"DBS4"	0.993112797405182	3
"chr7"	"152815883"	"GA"	"TT"	"TC>AA"	"ACTR3B"	"intronic"	"DBS9"	0.00685042233058458	3
"chr8"	"  5438132"	"AG"	"GC"	"CT>GC"	"LOC100287015"	"intergenic"	"DBS1"	0.12480694639048	3
"chr8"	"  5438132"	"AG"	"GC"	"CT>GC"	"LOC100287015"	"intergenic"	"DBS4"	0.0277681173305787	3
"chr8"	"  5438132"	"AG"	"GC"	"CT>GC"	"LOC100287015"	"intergenic"	"DBS9"	0.847424936278941	3
"chr8"	" 17056953"	"TG"	"AT"	"TG>AT"	"MICU3"	"intronic"	"DBS1"	0.854478959408328	3
"chr8"	" 17056953"	"TG"	"AT"	"TG>AT"	"MICU3"	"intronic"	"DBS4"	1.9273180642944e-15	3
"chr8"	" 17056953"	"TG"	"AT"	"TG>AT"	"MICU3"	"intronic"	"DBS9"	0.14552104059167	3
"chr8"	" 19858448"	"GG"	"AA"	"CC>TT"	"LPL"	"intergenic"	"DBS1"	1	3
"chr8"	" 19858448"	"GG"	"AA"	"CC>TT"	"LPL"	"intergenic"	"DBS4"	6.33551281215233e-18	3
"chr8"	" 19858448"	"GG"	"AA"	"CC>TT"	"LPL"	"intergenic"	"DBS9"	5.7839147505621e-18	3
"chr8"	" 49150688"	"CC"	"AA"	"CC>AA"	"LOC100507464"	"intergenic"	"DBS1"	0.999999999999019	3
"chr8"	" 49150688"	"CC"	"AA"	"CC>AA"	"LOC100507464"	"intergenic"	"DBS4"	5.12817923851072e-13	3
"chr8"	" 49150688"	"CC"	"AA"	"CC>AA"	"LOC100507464"	"intergenic"	"DBS9"	4.68169703394095e-13	3
"chr8"	" 77787805"	"GC"	"TT"	"GC>AA"	"PKIA"	"intergenic"	"DBS1"	0.00616490728676492	3
"chr8"	" 77787805"	"GC"	"TT"	"GC>AA"	"PKIA"	"intergenic"	"DBS4"	0.993835092713235	3
"chr8"	" 77787805"	"GC"	"TT"	"GC>AA"	"PKIA"	"intergenic"	"DBS9"	1.93632669927446e-17	3
"chr8"	"104764276"	"AG"	"CT"	"CT>AG"	"ZFPM2"	"intergenic"	"DBS1"	4.7334970553522e-15	3
"chr8"	"104764276"	"AG"	"CT"	"CT>AG"	"ZFPM2"	"intergenic"	"DBS4"	0.468182199567373	3
"chr8"	"104764276"	"AG"	"CT"	"CT>AG"	"ZFPM2"	"intergenic"	"DBS9"	0.531817800432623	3
"chr8"	"111095853"	"AT"	"TA"	"AT>TA"	"LINC01608"	"intergenic"	"DBS1"	0.214297190559366	3
"chr8"	"111095853"	"AT"	"TA"	"AT>TA"	"LINC01608"	"intergenic"	"DBS4"	0.322158684659372	3
"chr8"	"111095853"	"AT"	"TA"	"AT>TA"	"LINC01608"	"intergenic"	"DBS9"	0.463544124781263	3
"chr9"	"  9984858"	"TC"	"AT"	"TC>AT"	"PTPRD"	"intronic"	"DBS1"	0.0656175130164748	3
"chr9"	"  9984858"	"TC"	"AT"	"TC>AT"	"PTPRD"	"intronic"	"DBS4"	0.174201414099044	3
"chr9"	"  9984858"	"TC"	"AT"	"TC>AT"	"PTPRD"	"intronic"	"DBS9"	0.760181072884481	3
"chr9"	" 29941545"	"CC"	"TT"	"CC>TT"	"LINGO2"	"intergenic"	"DBS1"	1	3
"chr9"	" 29941545"	"CC"	"TT"	"CC>TT"	"LINGO2"	"intergenic"	"DBS4"	6.33551281215233e-18	3
"chr9"	" 29941545"	"CC"	"TT"	"CC>TT"	"LINGO2"	"intergenic"	"DBS9"	5.7839147505621e-18	3
"chr9"	" 38701466"	"TA"	"GG"	"TA>GG"	"CNTNAP3"	"intergenic"	"DBS1"	0.0196241354167864	3
"chr9"	" 38701466"	"TA"	"GG"	"TA>GG"	"CNTNAP3"	"intergenic"	"DBS4"	0.481237212844857	3
"chr9"	" 38701466"	"TA"	"GG"	"TA>GG"	"CNTNAP3"	"intergenic"	"DBS9"	0.499138651738357	3
"chr9"	"114556500"	"CC"	"AG"	"CC>AG"	"WHRN"	"intergenic"	"DBS1"	0.000655871918281347	3
"chr9"	"114556500"	"CC"	"AG"	"CC>AG"	"WHRN"	"intergenic"	"DBS4"	0.224845798198575	3
"chr9"	"114556500"	"CC"	"AG"	"CC>AG"	"WHRN"	"intergenic"	"DBS9"	0.774498329883144	3
"chr9"	"136267620"	"CC"	"TT"	"CC>TT"	"QSOX2"	"intergenic"	"DBS1"	1	3
"chr9"	"136267620"	"CC"	"TT"	"CC>TT"	"QSOX2"	"intergenic"	"DBS4"	6.33551281215233e-18	3
"chr9"	"136267620"	"CC"	"TT"	"CC>TT"	"QSOX2"	"intergenic"	"DBS9"	5.7839147505621e-18	3
"chr10"	"  3043635"	"GG"	"CT"	"CC>AG"	"LINC02645"	"intergenic"	"DBS1"	0.000655871918281347	3
"chr10"	"  3043635"	"GG"	"CT"	"CC>AG"	"LINC02645"	"intergenic"	"DBS4"	0.224845798198575	3
"chr10"	"  3043635"	"GG"	"CT"	"CC>AG"	"LINC02645"	"intergenic"	"DBS9"	0.774498329883144	3
"chr10"	"  3197350"	"GG"	"AA"	"CC>TT"	"LOC105376360"	"intergenic"	"DBS1"	1	3
"chr10"	"  3197350"	"GG"	"AA"	"CC>TT"	"LOC105376360"	"intergenic"	"DBS4"	6.33551281215233e-18	3
"chr10"	"  3197350"	"GG"	"AA"	"CC>TT"	"LOC105376360"	"intergenic"	"DBS9"	5.7839147505621e-18	3
"chr10"	"  8806585"	"CA"	"AC"	"TG>GT"	"LOC105376398"	"intergenic"	"DBS1"	0.504959943151293	3
"chr10"	"  8806585"	"CA"	"AC"	"TG>GT"	"LOC105376398"	"intergenic"	"DBS4"	0.00666617746334928	3
"chr10"	"  8806585"	"CA"	"AC"	"TG>GT"	"LOC105376398"	"intergenic"	"DBS9"	0.488373879385358	3
"chr10"	" 21430465"	"GA"	"TT"	"TC>AA"	"MIR1915HG"	"intergenic"	"DBS1"	3.67802642335704e-05	3
"chr10"	" 21430465"	"GA"	"TT"	"TC>AA"	"MIR1915HG"	"intergenic"	"DBS4"	0.993112797405182	3
"chr10"	" 21430465"	"GA"	"TT"	"TC>AA"	"MIR1915HG"	"intergenic"	"DBS9"	0.00685042233058458	3
"chr10"	" 31055766"	"CC"	"TT"	"CC>TT"	"LINC02664"	"intergenic"	"DBS1"	1	3
"chr10"	" 31055766"	"CC"	"TT"	"CC>TT"	"LINC02664"	"intergenic"	"DBS4"	6.33551281215233e-18	3
"chr10"	" 31055766"	"CC"	"TT"	"CC>TT"	"LINC02664"	"intergenic"	"DBS9"	5.7839147505621e-18	3
"chr10"	" 79899285"	"TC"	"AT"	"TC>AT"	"NUTM2E"	"intergenic"	"DBS1"	0.0656175130164748	3
"chr10"	" 79899285"	"TC"	"AT"	"TC>AT"	"NUTM2E"	"intergenic"	"DBS4"	0.174201414099044	3
"chr10"	" 79899285"	"TC"	"AT"	"TC>AT"	"NUTM2E"	"intergenic"	"DBS9"	0.760181072884481	3
"chr10"	" 80361639"	"TC"	"CT"	"TC>CT"	"DYDC2"	"intronic"	"DBS1"	0.0629440436107226	3
"chr10"	" 80361639"	"TC"	"CT"	"TC>CT"	"DYDC2"	"intronic"	"DBS4"	0.000213011179077821	3
"chr10"	" 80361639"	"TC"	"CT"	"TC>CT"	"DYDC2"	"intronic"	"DBS9"	0.9368429452102	3
"chr10"	"107708277"	"GC"	"CT"	"GC>AG"	"SORCS1"	"intergenic"	"DBS1"	0.00138773555684606	3
"chr10"	"107708277"	"GC"	"CT"	"GC>AG"	"SORCS1"	"intergenic"	"DBS4"	0.113807898274034	3
"chr10"	"107708277"	"GC"	"CT"	"GC>AG"	"SORCS1"	"intergenic"	"DBS9"	0.88480436616912	3
"chr10"	"109559041"	"GC"	"TT"	"GC>AA"	"LINC01435"	"intergenic"	"DBS1"	0.00616490728676492	3
"chr10"	"109559041"	"GC"	"TT"	"GC>AA"	"LINC01435"	"intergenic"	"DBS4"	0.993835092713235	3
"chr10"	"109559041"	"GC"	"TT"	"GC>AA"	"LINC01435"	"intergenic"	"DBS9"	1.93632669927446e-17	3
"chr11"	" 11110749"	"GG"	"TT"	"CC>AA"	"ZBED5-AS1"	"intergenic"	"DBS1"	0.999999999999019	3
"chr11"	" 11110749"	"GG"	"TT"	"CC>AA"	"ZBED5-AS1"	"intergenic"	"DBS4"	5.12817923851072e-13	3
"chr11"	" 11110749"	"GG"	"TT"	"CC>AA"	"ZBED5-AS1"	"intergenic"	"DBS9"	4.68169703394095e-13	3
"chr11"	" 23014613"	"GA"	"TT"	"TC>AA"	"MIR8054"	"intergenic"	"DBS1"	3.67802642335704e-05	3
"chr11"	" 23014613"	"GA"	"TT"	"TC>AA"	"MIR8054"	"intergenic"	"DBS4"	0.993112797405182	3
"chr11"	" 23014613"	"GA"	"TT"	"TC>AA"	"MIR8054"	"intergenic"	"DBS9"	0.00685042233058458	3
"chr11"	" 23450884"	"CC"	"AA"	"CC>AA"	"LUZP2"	"intergenic"	"DBS1"	0.999999999999019	3
"chr11"	" 23450884"	"CC"	"AA"	"CC>AA"	"LUZP2"	"intergenic"	"DBS4"	5.12817923851072e-13	3
"chr11"	" 23450884"	"CC"	"AA"	"CC>AA"	"LUZP2"	"intergenic"	"DBS9"	4.68169703394095e-13	3
"chr11"	" 59406731"	"CT"	"GA"	"CT>GA"	"OR5AN1"	"intergenic"	"DBS1"	0.0410242545621015	3
"chr11"	" 59406731"	"CT"	"GA"	"CT>GA"	"OR5AN1"	"intergenic"	"DBS4"	0.240359852913258	3
"chr11"	" 59406731"	"CT"	"GA"	"CT>GA"	"OR5AN1"	"intergenic"	"DBS9"	0.718615892524641	3
"chr11"	" 99945894"	"GT"	"AA"	"AC>TT"	"CNTN5"	"intronic"	"DBS1"	0.519069484521656	3
"chr11"	" 99945894"	"GT"	"AA"	"AC>TT"	"CNTN5"	"intronic"	"DBS4"	0.00244893084556135	3
"chr11"	" 99945894"	"GT"	"AA"	"AC>TT"	"CNTN5"	"intronic"	"DBS9"	0.478481584632783	3
"chr11"	"118433166"	"CA"	"TG"	"TG>CA"	"LOC100131626"	"intergenic"	"DBS1"	0.0207475205989959	3
"chr11"	"118433166"	"CA"	"TG"	"TG>CA"	"LOC100131626"	"intergenic"	"DBS4"	0.0464289723596042	3
"chr11"	"118433166"	"CA"	"TG"	"TG>CA"	"LOC100131626"	"intergenic"	"DBS9"	0.9328235070414	3
"chr11"	"122903775"	"CG"	"TC"	"CG>TC"	"JHY"	"intronic"	"DBS1"	0.146898388904558	3
"chr11"	"122903775"	"CG"	"TC"	"CG>TC"	"JHY"	"intronic"	"DBS4"	6.33746463683232e-14	3
"chr11"	"122903775"	"CG"	"TC"	"CG>TC"	"JHY"	"intronic"	"DBS9"	0.853101611095379	3
"chr11"	"131221340"	"GG"	"AA"	"CC>TT"	"SNX19"	"intergenic"	"DBS1"	1	3
"chr11"	"131221340"	"GG"	"AA"	"CC>TT"	"SNX19"	"intergenic"	"DBS4"	6.33551281215233e-18	3
"chr11"	"131221340"	"GG"	"AA"	"CC>TT"	"SNX19"	"intergenic"	"DBS9"	5.7839147505621e-18	3
"chr11"	"133312187"	"TC"	"AA"	"TC>AA"	"OPCML"	"intronic"	"DBS1"	3.67802642335704e-05	3
"chr11"	"133312187"	"TC"	"AA"	"TC>AA"	"OPCML"	"intronic"	"DBS4"	0.993112797405182	3
"chr11"	"133312187"	"TC"	"AA"	"TC>AA"	"OPCML"	"intronic"	"DBS9"	0.00685042233058458	3
"chr11"	"133414895"	"CC"	"AA"	"CC>AA"	"OPCML"	"intronic"	"DBS1"	0.999999999999019	3
"chr11"	"133414895"	"CC"	"AA"	"CC>AA"	"OPCML"	"intronic"	"DBS4"	5.12817923851072e-13	3
"chr11"	"133414895"	"CC"	"AA"	"CC>AA"	"OPCML"	"intronic"	"DBS9"	4.68169703394095e-13	3
"chr11"	"134319426"	"GC"	"AT"	"GC>AT"	"GLB1L3"	"UTR3"	"DBS1"	0.000636215563103686	3
"chr11"	"134319426"	"GC"	"AT"	"GC>AT"	"GLB1L3"	"UTR3"	"DBS4"	0.0937385691323811	3
"chr11"	"134319426"	"GC"	"AT"	"GC>AT"	"GLB1L3"	"UTR3"	"DBS9"	0.905625215304515	3
"chr12"	"  3526111"	"TC"	"GA"	"TC>GA"	"PRMT8"	"intronic"	"DBS1"	0.00169622329125933	3
"chr12"	"  3526111"	"TC"	"GA"	"TC>GA"	"PRMT8"	"intronic"	"DBS4"	0.746827668356227	3
"chr12"	"  3526111"	"TC"	"GA"	"TC>GA"	"PRMT8"	"intronic"	"DBS9"	0.251476108352514	3
"chr12"	"  5428515"	"CC"	"TT"	"CC>TT"	"LINC02443"	"intergenic"	"DBS1"	1	3
"chr12"	"  5428515"	"CC"	"TT"	"CC>TT"	"LINC02443"	"intergenic"	"DBS4"	6.33551281215233e-18	3
"chr12"	"  5428515"	"CC"	"TT"	"CC>TT"	"LINC02443"	"intergenic"	"DBS9"	5.7839147505621e-18	3
"chr12"	"  8960159"	"CC"	"TT"	"CC>TT"	"KLRG1"	"intronic"	"DBS1"	1	3
"chr12"	"  8960159"	"CC"	"TT"	"CC>TT"	"KLRG1"	"intronic"	"DBS4"	6.33551281215233e-18	3
"chr12"	"  8960159"	"CC"	"TT"	"CC>TT"	"KLRG1"	"intronic"	"DBS9"	5.7839147505621e-18	3
"chr12"	" 17407434"	"GC"	"AT"	"GC>AT"	"SKP1P2"	"intergenic"	"DBS1"	0.000636215563103686	3
"chr12"	" 17407434"	"GC"	"AT"	"GC>AT"	"SKP1P2"	"intergenic"	"DBS4"	0.0937385691323811	3
"chr12"	" 17407434"	"GC"	"AT"	"GC>AT"	"SKP1P2"	"intergenic"	"DBS9"	0.905625215304515	3
"chr12"	" 25884833"	"GG"	"AA"	"CC>TT"	"RASSF8-AS1"	"intergenic"	"DBS1"	1	3
"chr12"	" 25884833"	"GG"	"AA"	"CC>TT"	"RASSF8-AS1"	"intergenic"	"DBS4"	6.33551281215233e-18	3
"chr12"	" 25884833"	"GG"	"AA"	"CC>TT"	"RASSF8-AS1"	"intergenic"	"DBS9"	5.7839147505621e-18	3
"chr12"	" 25893646"	"CC"	"TT"	"CC>TT"	"RASSF8-AS1"	"intergenic"	"DBS1"	1	3
"chr12"	" 25893646"	"CC"	"TT"	"CC>TT"	"RASSF8-AS1"	"intergenic"	"DBS4"	6.33551281215233e-18	3
"chr12"	" 25893646"	"CC"	"TT"	"CC>TT"	"RASSF8-AS1"	"intergenic"	"DBS9"	5.7839147505621e-18	3
"chr12"	" 40105764"	"GC"	"TA"	"GC>TA"	"SLC2A13"	"exonic"	"DBS1"	3.85578449407538e-05	3
"chr12"	" 40105764"	"GC"	"TA"	"GC>TA"	"SLC2A13"	"exonic"	"DBS4"	0.640842831531646	3
"chr12"	" 40105764"	"GC"	"TA"	"GC>TA"	"SLC2A13"	"exonic"	"DBS9"	0.359118610623413	3
"chr12"	" 65169517"	"CG"	"AC"	"CG>GT"	"LEMD3"	"upstream"	"DBS1"	0.0301484620283642	3
"chr12"	" 65169517"	"CG"	"AC"	"CG>GT"	"LEMD3"	"upstream"	"DBS4"	9.64018353352118e-14	3
"chr12"	" 65169517"	"CG"	"AC"	"CG>GT"	"LEMD3"	"upstream"	"DBS9"	0.969851537971539	3
"chr12"	" 74479376"	"TC"	"CA"	"TC>CA"	"LOC100507377"	"intergenic"	"DBS1"	4.77582567335257e-05	3
"chr12"	" 74479376"	"TC"	"CA"	"TC>CA"	"LOC100507377"	"intergenic"	"DBS4"	0.709851625034301	3
"chr12"	" 74479376"	"TC"	"CA"	"TC>CA"	"LOC100507377"	"intergenic"	"DBS9"	0.290100616708965	3
"chr12"	" 94114629"	"CC"	"AA"	"CC>AA"	"LOC105369911"	"intergenic"	"DBS1"	0.999999999999019	3
"chr12"	" 94114629"	"CC"	"AA"	"CC>AA"	"LOC105369911"	"intergenic"	"DBS4"	5.12817923851072e-13	3
"chr12"	" 94114629"	"CC"	"AA"	"CC>AA"	"LOC105369911"	"intergenic"	"DBS9"	4.68169703394095e-13	3
"chr13"	" 17603791"	"TT"	"AG"	"TT>AG"	"FAM230C"	"intergenic"	"DBS1"	0.452840300198962	3
"chr13"	" 17603791"	"TT"	"AG"	"TT>AG"	"FAM230C"	"intergenic"	"DBS4"	5.8889497593162e-15	3
"chr13"	" 17603791"	"TT"	"AG"	"TT>AG"	"FAM230C"	"intergenic"	"DBS9"	0.547159699801032	3
"chr13"	" 90236285"	"GA"	"TT"	"TC>AA"	"LINC01049"	"intergenic"	"DBS1"	3.67802642335704e-05	3
"chr13"	" 90236285"	"GA"	"TT"	"TC>AA"	"LINC01049"	"intergenic"	"DBS4"	0.993112797405182	3
"chr13"	" 90236285"	"GA"	"TT"	"TC>AA"	"LINC01049"	"intergenic"	"DBS9"	0.00685042233058458	3
"chr13"	" 90523653"	"CC"	"AT"	"CC>AT"	"LINC01049"	"ncRNA_intronic"	"DBS1"	0.449299588636031	3
"chr13"	" 90523653"	"CC"	"AT"	"CC>AT"	"LINC01049"	"ncRNA_intronic"	"DBS4"	0.292930834079442	3
"chr13"	" 90523653"	"CC"	"AT"	"CC>AT"	"LINC01049"	"ncRNA_intronic"	"DBS9"	0.257769577284527	3
"chr13"	" 93335674"	"CC"	"TT"	"CC>TT"	"GPC6"	"intronic"	"DBS1"	1	3
"chr13"	" 93335674"	"CC"	"TT"	"CC>TT"	"GPC6"	"intronic"	"DBS4"	6.33551281215233e-18	3
"chr13"	" 93335674"	"CC"	"TT"	"CC>TT"	"GPC6"	"intronic"	"DBS9"	5.7839147505621e-18	3
"chr13"	" 94060718"	"TC"	"AA"	"TC>AA"	"GPC6"	"intronic"	"DBS1"	3.67802642335704e-05	3
"chr13"	" 94060718"	"TC"	"AA"	"TC>AA"	"GPC6"	"intronic"	"DBS4"	0.993112797405182	3
"chr13"	" 94060718"	"TC"	"AA"	"TC>AA"	"GPC6"	"intronic"	"DBS9"	0.00685042233058458	3
"chr13"	" 98344389"	"GA"	"TT"	"TC>AA"	"FARP1"	"intronic"	"DBS1"	3.67802642335704e-05	3
"chr13"	" 98344389"	"GA"	"TT"	"TC>AA"	"FARP1"	"intronic"	"DBS4"	0.993112797405182	3
"chr13"	" 98344389"	"GA"	"TT"	"TC>AA"	"FARP1"	"intronic"	"DBS9"	0.00685042233058458	3
"chr13"	"106767131"	"GG"	"TT"	"CC>AA"	"FAM155A"	"intergenic"	"DBS1"	0.999999999999019	3
"chr13"	"106767131"	"GG"	"TT"	"CC>AA"	"FAM155A"	"intergenic"	"DBS4"	5.12817923851072e-13	3
"chr13"	"106767131"	"GG"	"TT"	"CC>AA"	"FAM155A"	"intergenic"	"DBS9"	4.68169703394095e-13	3
"chr14"	" 65678572"	"GG"	"TT"	"CC>AA"	"FUT8"	"intronic"	"DBS1"	0.999999999999019	3
"chr14"	" 65678572"	"GG"	"TT"	"CC>AA"	"FUT8"	"intronic"	"DBS4"	5.12817923851072e-13	3
"chr14"	" 65678572"	"GG"	"TT"	"CC>AA"	"FUT8"	"intronic"	"DBS9"	4.68169703394095e-13	3
"chr15"	" 38463318"	"CC"	"TT"	"CC>TT"	"FAM98B"	"intronic"	"DBS1"	1	3
"chr15"	" 38463318"	"CC"	"TT"	"CC>TT"	"FAM98B"	"intronic"	"DBS4"	6.33551281215233e-18	3
"chr15"	" 38463318"	"CC"	"TT"	"CC>TT"	"FAM98B"	"intronic"	"DBS9"	5.7839147505621e-18	3
"chr15"	" 90653144"	"GC"	"AA"	"GC>AA"	"CRTC3-AS1"	"ncRNA_intronic"	"DBS1"	0.00616490728676492	3
"chr15"	" 90653144"	"GC"	"AA"	"GC>AA"	"CRTC3-AS1"	"ncRNA_intronic"	"DBS4"	0.993835092713235	3
"chr15"	" 90653144"	"GC"	"AA"	"GC>AA"	"CRTC3-AS1"	"ncRNA_intronic"	"DBS9"	1.93632669927446e-17	3
"chr16"	" 10460302"	"CA"	"AC"	"TG>GT"	"ATF7IP2"	"intronic"	"DBS1"	0.504959943151293	3
"chr16"	" 10460302"	"CA"	"AC"	"TG>GT"	"ATF7IP2"	"intronic"	"DBS4"	0.00666617746334928	3
"chr16"	" 10460302"	"CA"	"AC"	"TG>GT"	"ATF7IP2"	"intronic"	"DBS9"	0.488373879385358	3
"chr16"	" 17253392"	"GG"	"AA"	"CC>TT"	"XYLT1"	"intronic"	"DBS1"	1	3
"chr16"	" 17253392"	"GG"	"AA"	"CC>TT"	"XYLT1"	"intronic"	"DBS4"	6.33551281215233e-18	3
"chr16"	" 17253392"	"GG"	"AA"	"CC>TT"	"XYLT1"	"intronic"	"DBS9"	5.7839147505621e-18	3
"chr16"	" 20071613"	"GC"	"TT"	"GC>AA"	"GPR139"	"intronic"	"DBS1"	0.00616490728676492	3
"chr16"	" 20071613"	"GC"	"TT"	"GC>AA"	"GPR139"	"intronic"	"DBS4"	0.993835092713235	3
"chr16"	" 20071613"	"GC"	"TT"	"GC>AA"	"GPR139"	"intronic"	"DBS9"	1.93632669927446e-17	3
"chr16"	" 34163568"	"GA"	"TG"	"TC>CA"	"MIR9901"	"upstream"	"DBS1"	4.77582567335257e-05	3
"chr16"	" 34163568"	"GA"	"TG"	"TC>CA"	"MIR9901"	"upstream"	"DBS4"	0.709851625034301	3
"chr16"	" 34163568"	"GA"	"TG"	"TC>CA"	"MIR9901"	"upstream"	"DBS9"	0.290100616708965	3
"chr17"	" 21920485"	"CT"	"TG"	"CT>TG"	"UBBP4"	"intergenic"	"DBS1"	0.989435204903216	3
"chr17"	" 21920485"	"CT"	"TG"	"CT>TG"	"UBBP4"	"intergenic"	"DBS4"	0.0105647950967816	3
"chr17"	" 21920485"	"CT"	"TG"	"CT>TG"	"UBBP4"	"intergenic"	"DBS9"	2.29896897522447e-15	3
"chr17"	" 38551564"	"GG"	"TT"	"CC>AA"	"SRCIN1"	"intronic"	"DBS1"	0.999999999999019	3
"chr17"	" 38551564"	"GG"	"TT"	"CC>AA"	"SRCIN1"	"intronic"	"DBS4"	5.12817923851072e-13	3
"chr17"	" 38551564"	"GG"	"TT"	"CC>AA"	"SRCIN1"	"intronic"	"DBS9"	4.68169703394095e-13	3
"chr18"	"  4373027"	"GG"	"AA"	"CC>TT"	"DLGAP1"	"intronic"	"DBS1"	1	3
"chr18"	"  4373027"	"GG"	"AA"	"CC>TT"	"DLGAP1"	"intronic"	"DBS4"	6.33551281215233e-18	3
"chr18"	"  4373027"	"GG"	"AA"	"CC>TT"	"DLGAP1"	"intronic"	"DBS9"	5.7839147505621e-18	3
"chr18"	" 11154894"	"GA"	"CG"	"TC>CG"	"LINC01928"	"intergenic"	"DBS1"	0.0071281965522889	3
"chr18"	" 11154894"	"GA"	"CG"	"TC>CG"	"LINC01928"	"intergenic"	"DBS4"	0.0670960168684986	3
"chr18"	" 11154894"	"GA"	"CG"	"TC>CG"	"LINC01928"	"intergenic"	"DBS9"	0.925775786579212	3
"chr18"	" 16850771"	"GT"	"AC"	"AC>GT"	"LOC644669"	"intergenic"	"DBS1"	0.307783378804142	3
"chr18"	" 16850771"	"GT"	"AC"	"AC>GT"	"LOC644669"	"intergenic"	"DBS4"	9.04362396287703e-07	3
"chr18"	" 16850771"	"GT"	"AC"	"AC>GT"	"LOC644669"	"intergenic"	"DBS9"	0.692215716833461	3
"chr18"	" 22588708"	"GA"	"TT"	"TC>AA"	"CTAGE1"	"intergenic"	"DBS1"	3.67802642335704e-05	3
"chr18"	" 22588708"	"GA"	"TT"	"TC>AA"	"CTAGE1"	"intergenic"	"DBS4"	0.993112797405182	3
"chr18"	" 22588708"	"GA"	"TT"	"TC>AA"	"CTAGE1"	"intergenic"	"DBS9"	0.00685042233058458	3
"chr18"	" 32879204"	"GA"	"TT"	"TC>AA"	"KLHL14"	"intergenic"	"DBS1"	3.67802642335704e-05	3
"chr18"	" 32879204"	"GA"	"TT"	"TC>AA"	"KLHL14"	"intergenic"	"DBS4"	0.993112797405182	3
"chr18"	" 32879204"	"GA"	"TT"	"TC>AA"	"KLHL14"	"intergenic"	"DBS9"	0.00685042233058458	3
"chr18"	" 52611499"	"GC"	"AA"	"GC>AA"	"DCC"	"intronic"	"DBS1"	0.00616490728676492	3
"chr18"	" 52611499"	"GC"	"AA"	"GC>AA"	"DCC"	"intronic"	"DBS4"	0.993835092713235	3
"chr18"	" 52611499"	"GC"	"AA"	"GC>AA"	"DCC"	"intronic"	"DBS9"	1.93632669927446e-17	3
"chr18"	" 58035156"	"CA"	"AT"	"TG>AT"	"ATP8B1"	"intergenic"	"DBS1"	0.854478959408328	3
"chr18"	" 58035156"	"CA"	"AT"	"TG>AT"	"ATP8B1"	"intergenic"	"DBS4"	1.9273180642944e-15	3
"chr18"	" 58035156"	"CA"	"AT"	"TG>AT"	"ATP8B1"	"intergenic"	"DBS9"	0.14552104059167	3
"chr19"	"  9622564"	"CC"	"AA"	"CC>AA"	"ZNF561-AS1"	"ncRNA_intronic"	"DBS1"	0.999999999999019	3
"chr19"	"  9622564"	"CC"	"AA"	"CC>AA"	"ZNF561-AS1"	"ncRNA_intronic"	"DBS4"	5.12817923851072e-13	3
"chr19"	"  9622564"	"CC"	"AA"	"CC>AA"	"ZNF561-AS1"	"ncRNA_intronic"	"DBS9"	4.68169703394095e-13	3
"chr19"	" 15057785"	"GG"	"AA"	"CC>TT"	"CASP14"	"UTR3"	"DBS1"	1	3
"chr19"	" 15057785"	"GG"	"AA"	"CC>TT"	"CASP14"	"UTR3"	"DBS4"	6.33551281215233e-18	3
"chr19"	" 15057785"	"GG"	"AA"	"CC>TT"	"CASP14"	"UTR3"	"DBS9"	5.7839147505621e-18	3
"chr19"	" 19132689"	"TC"	"AA"	"TC>AA"	"TMEM161A"	"exonic"	"DBS1"	3.67802642335704e-05	3
"chr19"	" 19132689"	"TC"	"AA"	"TC>AA"	"TMEM161A"	"exonic"	"DBS4"	0.993112797405182	3
"chr19"	" 19132689"	"TC"	"AA"	"TC>AA"	"TMEM161A"	"exonic"	"DBS9"	0.00685042233058458	3
"chr19"	" 21065693"	"GA"	"TT"	"TC>AA"	"ZNF714"	"intergenic"	"DBS1"	3.67802642335704e-05	3
"chr19"	" 21065693"	"GA"	"TT"	"TC>AA"	"ZNF714"	"intergenic"	"DBS4"	0.993112797405182	3
"chr19"	" 21065693"	"GA"	"TT"	"TC>AA"	"ZNF714"	"intergenic"	"DBS9"	0.00685042233058458	3
"chr19"	" 22288408"	"TC"	"CA"	"TC>CA"	"ZNF729"	"intronic"	"DBS1"	4.77582567335257e-05	3
"chr19"	" 22288408"	"TC"	"CA"	"TC>CA"	"ZNF729"	"intronic"	"DBS4"	0.709851625034301	3
"chr19"	" 22288408"	"TC"	"CA"	"TC>CA"	"ZNF729"	"intronic"	"DBS9"	0.290100616708965	3
"chr19"	" 30458998"	"GG"	"AA"	"CC>TT"	"ZNF536"	"intronic"	"DBS1"	1	3
"chr19"	" 30458998"	"GG"	"AA"	"CC>TT"	"ZNF536"	"intronic"	"DBS4"	6.33551281215233e-18	3
"chr19"	" 30458998"	"GG"	"AA"	"CC>TT"	"ZNF536"	"intronic"	"DBS9"	5.7839147505621e-18	3
"chr19"	" 34964631"	"GC"	"CG"	"GC>CG"	"ZNF792"	"upstream"	"DBS1"	0.0037282193443598	3
"chr19"	" 34964631"	"GC"	"CG"	"GC>CG"	"ZNF792"	"upstream"	"DBS4"	0.000552610033133144	3
"chr19"	" 34964631"	"GC"	"CG"	"GC>CG"	"ZNF792"	"upstream"	"DBS9"	0.995719170622507	3
"chr19"	" 53608975"	"GG"	"AA"	"CC>TT"	"DPRX"	"intergenic"	"DBS1"	1	3
"chr19"	" 53608975"	"GG"	"AA"	"CC>TT"	"DPRX"	"intergenic"	"DBS4"	6.33551281215233e-18	3
"chr19"	" 53608975"	"GG"	"AA"	"CC>TT"	"DPRX"	"intergenic"	"DBS9"	5.7839147505621e-18	3
"chr19"	" 53998950"	"CC"	"TT"	"CC>TT"	"CACNG6"	"intronic"	"DBS1"	1	3
"chr19"	" 53998950"	"CC"	"TT"	"CC>TT"	"CACNG6"	"intronic"	"DBS4"	6.33551281215233e-18	3
"chr19"	" 53998950"	"CC"	"TT"	"CC>TT"	"CACNG6"	"intronic"	"DBS9"	5.7839147505621e-18	3
"chr19"	" 54758524"	"CA"	"GG"	"TG>CC"	"KIR2DL1;KIR2DL2;KIR2DS1;KIR2DS2;KIR2DS3;KIR2DS5;LOC102725023;LOC112267881"	"intronic"	"DBS1"	0.0154000776318398	3
"chr19"	" 54758524"	"CA"	"GG"	"TG>CC"	"KIR2DL1;KIR2DL2;KIR2DS1;KIR2DS2;KIR2DS3;KIR2DS5;LOC102725023;LOC112267881"	"intronic"	"DBS4"	0.0139327855566357	3
"chr19"	" 54758524"	"CA"	"GG"	"TG>CC"	"KIR2DL1;KIR2DL2;KIR2DS1;KIR2DS2;KIR2DS3;KIR2DS5;LOC102725023;LOC112267881"	"intronic"	"DBS9"	0.970667136811525	3
"chr20"	"  6438513"	"GG"	"AA"	"CC>TT"	"CASC20"	"ncRNA_intronic"	"DBS1"	1	3
"chr20"	"  6438513"	"GG"	"AA"	"CC>TT"	"CASC20"	"ncRNA_intronic"	"DBS4"	6.33551281215233e-18	3
"chr20"	"  6438513"	"GG"	"AA"	"CC>TT"	"CASC20"	"ncRNA_intronic"	"DBS9"	5.7839147505621e-18	3
"chr20"	" 20972795"	"CC"	"TT"	"CC>TT"	"RALGAPA2"	"intergenic"	"DBS1"	1	3
"chr20"	" 20972795"	"CC"	"TT"	"CC>TT"	"RALGAPA2"	"intergenic"	"DBS4"	6.33551281215233e-18	3
"chr20"	" 20972795"	"CC"	"TT"	"CC>TT"	"RALGAPA2"	"intergenic"	"DBS9"	5.7839147505621e-18	3
"chr20"	" 42352344"	"GG"	"AA"	"CC>TT"	"PTPRT"	"intronic"	"DBS1"	1	3
"chr20"	" 42352344"	"GG"	"AA"	"CC>TT"	"PTPRT"	"intronic"	"DBS4"	6.33551281215233e-18	3
"chr20"	" 42352344"	"GG"	"AA"	"CC>TT"	"PTPRT"	"intronic"	"DBS9"	5.7839147505621e-18	3
"chr20"	" 46603825"	"GC"	"TT"	"GC>AA"	"SLC13A3"	"intronic"	"DBS1"	0.00616490728676492	3
"chr20"	" 46603825"	"GC"	"TT"	"GC>AA"	"SLC13A3"	"intronic"	"DBS4"	0.993835092713235	3
"chr20"	" 46603825"	"GC"	"TT"	"GC>AA"	"SLC13A3"	"intronic"	"DBS9"	1.93632669927446e-17	3
"chr20"	" 61774321"	"GC"	"AA"	"GC>AA"	"CDH4"	"intronic"	"DBS1"	0.00616490728676492	3
"chr20"	" 61774321"	"GC"	"AA"	"GC>AA"	"CDH4"	"intronic"	"DBS4"	0.993835092713235	3
"chr20"	" 61774321"	"GC"	"AA"	"GC>AA"	"CDH4"	"intronic"	"DBS9"	1.93632669927446e-17	3
"chr22"	" 26486641"	"GC"	"AG"	"GC>AG"	"SRRD"	"intronic"	"DBS1"	0.00138773555684606	3
"chr22"	" 26486641"	"GC"	"AG"	"GC>AG"	"SRRD"	"intronic"	"DBS4"	0.113807898274034	3
"chr22"	" 26486641"	"GC"	"AG"	"GC>AG"	"SRRD"	"intronic"	"DBS9"	0.88480436616912	3
"chr22"	" 46004665"	"GT"	"TG"	"AC>CA"	"WNT7B"	"intergenic"	"DBS1"	0.00295851131232958	3
"chr22"	" 46004665"	"GT"	"TG"	"AC>CA"	"WNT7B"	"intergenic"	"DBS4"	0.191376323845303	3
"chr22"	" 46004665"	"GT"	"TG"	"AC>CA"	"WNT7B"	"intergenic"	"DBS9"	0.805665164842367	3
"chrX"	" 29773412"	"GG"	"TT"	"CC>AA"	"IL1RAPL1"	"intronic"	"DBS1"	0.999999999999019	3
"chrX"	" 29773412"	"GG"	"TT"	"CC>AA"	"IL1RAPL1"	"intronic"	"DBS4"	5.12817923851072e-13	3
"chrX"	" 29773412"	"GG"	"TT"	"CC>AA"	"IL1RAPL1"	"intronic"	"DBS9"	4.68169703394095e-13	3
"chrX"	" 33648425"	"TA"	"AT"	"TA>AT"	"FAM47A"	"intergenic"	"DBS1"	0.0154718353852149	3
"chrX"	" 33648425"	"TA"	"AT"	"TA>AT"	"FAM47A"	"intergenic"	"DBS4"	0.723261025577111	3
"chrX"	" 33648425"	"TA"	"AT"	"TA>AT"	"FAM47A"	"intergenic"	"DBS9"	0.261267139037674	3
"chrX"	" 43591074"	"CC"	"GA"	"CC>GA"	"PINCR"	"intergenic"	"DBS1"	0.0149842679774855	3
"chrX"	" 43591074"	"CC"	"GA"	"CC>GA"	"PINCR"	"intergenic"	"DBS4"	0.308269180122249	3
"chrX"	" 43591074"	"CC"	"GA"	"CC>GA"	"PINCR"	"intergenic"	"DBS9"	0.676746551900266	3
"chrX"	" 44059515"	"GG"	"AA"	"CC>TT"	"EFHC2"	"intergenic"	"DBS1"	1	3
"chrX"	" 44059515"	"GG"	"AA"	"CC>TT"	"EFHC2"	"intergenic"	"DBS4"	6.33551281215233e-18	3
"chrX"	" 44059515"	"GG"	"AA"	"CC>TT"	"EFHC2"	"intergenic"	"DBS9"	5.7839147505621e-18	3
"chrX"	" 53136329"	"CC"	"TT"	"CC>TT"	"KANTR"	"ncRNA_intronic"	"DBS1"	1	3
"chrX"	" 53136329"	"CC"	"TT"	"CC>TT"	"KANTR"	"ncRNA_intronic"	"DBS4"	6.33551281215233e-18	3
"chrX"	" 53136329"	"CC"	"TT"	"CC>TT"	"KANTR"	"ncRNA_intronic"	"DBS9"	5.7839147505621e-18	3
"chrX"	" 65289655"	"AT"	"CA"	"AT>CA"	"ZC4H2"	"intergenic"	"DBS1"	0.0589200739360458	3
"chrX"	" 65289655"	"AT"	"CA"	"AT>CA"	"ZC4H2"	"intergenic"	"DBS4"	0.0869526335168402	3
"chrX"	" 65289655"	"AT"	"CA"	"AT>CA"	"ZC4H2"	"intergenic"	"DBS9"	0.854127292547114	3
"chrX"	" 80432401"	"GG"	"AA"	"CC>TT"	"TENT5D"	"intronic"	"DBS1"	1	3
"chrX"	" 80432401"	"GG"	"AA"	"CC>TT"	"TENT5D"	"intronic"	"DBS4"	6.33551281215233e-18	3
"chrX"	" 80432401"	"GG"	"AA"	"CC>TT"	"TENT5D"	"intronic"	"DBS9"	5.7839147505621e-18	3
"chrX"	" 80574496"	"CC"	"TT"	"CC>TT"	"TENT5D"	"intergenic"	"DBS1"	1	3
"chrX"	" 80574496"	"CC"	"TT"	"CC>TT"	"TENT5D"	"intergenic"	"DBS4"	6.33551281215233e-18	3
"chrX"	" 80574496"	"CC"	"TT"	"CC>TT"	"TENT5D"	"intergenic"	"DBS9"	5.7839147505621e-18	3
"chrX"	"109813276"	"CC"	"TT"	"CC>TT"	"LOC105373311"	"intergenic"	"DBS1"	1	3
"chrX"	"109813276"	"CC"	"TT"	"CC>TT"	"LOC105373311"	"intergenic"	"DBS4"	6.33551281215233e-18	3
"chrX"	"109813276"	"CC"	"TT"	"CC>TT"	"LOC105373311"	"intergenic"	"DBS9"	5.7839147505621e-18	3
