"Mutation_Type_Group"	"Mutation_Type"	"Frequency"
"1_BP_C_DELETION"	"DEL_C_1_0"	48
"1_BP_C_DELETION"	"DEL_C_1_1"	1
"1_BP_C_DELETION"	"DEL_C_1_2"	1
"1_BP_C_DELETION"	"DEL_C_1_3"	1
"1_BP_C_DELETION"	"DEL_C_1_4"	0
"1_BP_C_DELETION"	"DEL_C_1_5+"	0
"1_BP_T_DELETION"	"DEL_T_1_0"	49
"1_BP_T_DELETION"	"DEL_T_1_1"	5
"1_BP_T_DELETION"	"DEL_T_1_2"	3
"1_BP_T_DELETION"	"DEL_T_1_3"	0
"1_BP_T_DELETION"	"DEL_T_1_4"	0
"1_BP_T_DELETION"	"DEL_T_1_5+"	2
"1_BP_C_INSERTION"	"INS_C_1_0"	22
"1_BP_C_INSERTION"	"INS_C_1_1"	4
"1_BP_C_INSERTION"	"INS_C_1_2"	0
"1_BP_C_INSERTION"	"INS_C_1_3"	1
"1_BP_C_INSERTION"	"INS_C_1_4"	1
"1_BP_C_INSERTION"	"INS_C_1_5+"	0
"1_BP_T_INSERTION"	"INS_T_1_0"	28
"1_BP_T_INSERTION"	"INS_T_1_1"	3
"1_BP_T_INSERTION"	"INS_T_1_2"	1
"1_BP_T_INSERTION"	"INS_T_1_3"	2
"1_BP_T_INSERTION"	"INS_T_1_4"	1
"1_BP_T_INSERTION"	"INS_T_1_5+"	2
"2_BP_DELETION"	"DEL_repeats_2_0"	49
"2_BP_DELETION"	"DEL_repeats_2_1"	4
"2_BP_DELETION"	"DEL_repeats_2_2"	0
"2_BP_DELETION"	"DEL_repeats_2_3"	0
"2_BP_DELETION"	"DEL_repeats_2_4"	0
"2_BP_DELETION"	"DEL_repeats_2_5+"	0
"3_BP_DELETION"	"DEL_repeats_3_0"	71
"3_BP_DELETION"	"DEL_repeats_3_1"	0
"3_BP_DELETION"	"DEL_repeats_3_2"	0
"3_BP_DELETION"	"DEL_repeats_3_3"	0
"3_BP_DELETION"	"DEL_repeats_3_4"	1
"3_BP_DELETION"	"DEL_repeats_3_5+"	0
"4_BP_DELETION"	"DEL_repeats_4_0"	20
"4_BP_DELETION"	"DEL_repeats_4_1"	1
"4_BP_DELETION"	"DEL_repeats_4_2"	0
"4_BP_DELETION"	"DEL_repeats_4_3"	0
"4_BP_DELETION"	"DEL_repeats_4_4"	1
"4_BP_DELETION"	"DEL_repeats_4_5+"	0
"5_PLUS_BP_DELETION"	"DEL_repeats_5+_0"	228
"5_PLUS_BP_DELETION"	"DEL_repeats_5+_1"	0
"5_PLUS_BP_DELETION"	"DEL_repeats_5+_2"	0
"5_PLUS_BP_DELETION"	"DEL_repeats_5+_3"	1
"5_PLUS_BP_DELETION"	"DEL_repeats_5+_4"	0
"5_PLUS_BP_DELETION"	"DEL_repeats_5+_5+"	0
"2_BP_INSERTION"	"INS_repeats_2_0"	17
"2_BP_INSERTION"	"INS_repeats_2_1"	3
"2_BP_INSERTION"	"INS_repeats_2_2"	0
"2_BP_INSERTION"	"INS_repeats_2_3"	0
"2_BP_INSERTION"	"INS_repeats_2_4"	0
"2_BP_INSERTION"	"INS_repeats_2_5+"	0
"3_BP_INSERTION"	"INS_repeats_3_0"	33
"3_BP_INSERTION"	"INS_repeats_3_1"	1
"3_BP_INSERTION"	"INS_repeats_3_2"	1
"3_BP_INSERTION"	"INS_repeats_3_3"	0
"3_BP_INSERTION"	"INS_repeats_3_4"	0
"3_BP_INSERTION"	"INS_repeats_3_5+"	0
"4_BP_INSERTION"	"INS_repeats_4_0"	6
"4_BP_INSERTION"	"INS_repeats_4_1"	2
"4_BP_INSERTION"	"INS_repeats_4_2"	0
"4_BP_INSERTION"	"INS_repeats_4_3"	0
"4_BP_INSERTION"	"INS_repeats_4_4"	0
"4_BP_INSERTION"	"INS_repeats_4_5+"	0
"5_PLUS_BP_INSERTION"	"INS_repeats_5+_0"	68
"5_PLUS_BP_INSERTION"	"INS_repeats_5+_1"	0
"5_PLUS_BP_INSERTION"	"INS_repeats_5+_2"	0
"5_PLUS_BP_INSERTION"	"INS_repeats_5+_3"	0
"5_PLUS_BP_INSERTION"	"INS_repeats_5+_4"	0
"5_PLUS_BP_INSERTION"	"INS_repeats_5+_5+"	0
"2_BP_DELETION_MICROHOMOLOGY"	"DEL_MH_2_1"	19
"3_BP_DELETION_MICROHOMOLOGY"	"DEL_MH_3_1"	12
"3_BP_DELETION_MICROHOMOLOGY"	"DEL_MH_3_2"	13
"4_BP_DELETION_MICROHOMOLOGY"	"DEL_MH_4_1"	6
"4_BP_DELETION_MICROHOMOLOGY"	"DEL_MH_4_2"	0
"4_BP_DELETION_MICROHOMOLOGY"	"DEL_MH_4_3"	4
"5_PLUS_BP_DELETION_MICROHOMOLOGY"	"DEL_MH_5+_1"	43
"5_PLUS_BP_DELETION_MICROHOMOLOGY"	"DEL_MH_5+_2"	17
"5_PLUS_BP_DELETION_MICROHOMOLOGY"	"DEL_MH_5+_3"	5
"5_PLUS_BP_DELETION_MICROHOMOLOGY"	"DEL_MH_5+_4"	1
"5_PLUS_BP_DELETION_MICROHOMOLOGY"	"DEL_MH_5+_5+"	5
