"Chr"	"Pos"	"Ref"	"Alt"	"Mutation_Type"	"Variant_Gene"	"Variant_Group"	"Signature"	"Probability"	"Signatures_Count"
"chr1"	"  5212240"	"GG"	"AA"	"CC>TT"	"MIR4689"	"intergenic"	"DBS1"	1	5
"chr1"	"  5212240"	"GG"	"AA"	"CC>TT"	"MIR4689"	"intergenic"	"DBS4"	6.23186708637187e-18	5
"chr1"	"  5212240"	"GG"	"AA"	"CC>TT"	"MIR4689"	"intergenic"	"DBS9"	5.27516734773608e-18	5
"chr1"	"  5212240"	"GG"	"AA"	"CC>TT"	"MIR4689"	"intergenic"	"DBS2"	1.72942121776307e-18	5
"chr1"	"  5212240"	"GG"	"AA"	"CC>TT"	"MIR4689"	"intergenic"	"DBS6"	1.20825538476981e-18	5
"chr1"	"  7948559"	"TG"	"GT"	"TG>GT"	"PARK7"	"intergenic"	"DBS1"	0.204294562536572	5
"chr1"	"  7948559"	"TG"	"GT"	"TG>GT"	"PARK7"	"intergenic"	"DBS4"	0.0026528528381464	5
"chr1"	"  7948559"	"TG"	"GT"	"TG>GT"	"PARK7"	"intergenic"	"DBS9"	0.180204928897488	5
"chr1"	"  7948559"	"TG"	"GT"	"TG>GT"	"PARK7"	"intergenic"	"DBS2"	0.244869783073855	5
"chr1"	"  7948559"	"TG"	"GT"	"TG>GT"	"PARK7"	"intergenic"	"DBS6"	0.367977872653938	5
"chr1"	" 15030929"	"CC"	"TT"	"CC>TT"	"KAZN"	"intronic"	"DBS1"	1	5
"chr1"	" 15030929"	"CC"	"TT"	"CC>TT"	"KAZN"	"intronic"	"DBS4"	6.23186708637187e-18	5
"chr1"	" 15030929"	"CC"	"TT"	"CC>TT"	"KAZN"	"intronic"	"DBS9"	5.27516734773608e-18	5
"chr1"	" 15030929"	"CC"	"TT"	"CC>TT"	"KAZN"	"intronic"	"DBS2"	1.72942121776307e-18	5
"chr1"	" 15030929"	"CC"	"TT"	"CC>TT"	"KAZN"	"intronic"	"DBS6"	1.20825538476981e-18	5
"chr1"	" 55418580"	"AG"	"GT"	"CT>AC"	"LINC01753"	"intergenic"	"DBS1"	0.632397386892418	5
"chr1"	" 55418580"	"AG"	"GT"	"CT>AC"	"LINC01753"	"intergenic"	"DBS4"	8.07014826595974e-15	5
"chr1"	" 55418580"	"AG"	"GT"	"CT>AC"	"LINC01753"	"intergenic"	"DBS9"	6.83124046677388e-15	5
"chr1"	" 55418580"	"AG"	"GT"	"CT>AC"	"LINC01753"	"intergenic"	"DBS2"	2.23956728348166e-15	5
"chr1"	" 55418580"	"AG"	"GT"	"CT>AC"	"LINC01753"	"intergenic"	"DBS6"	0.367602613107565	5
"chr1"	" 80471962"	"GC"	"AA"	"GC>AA"	"ADGRL4"	"intergenic"	"DBS1"	0.00622218528047929	5
"chr1"	" 80471962"	"GC"	"AA"	"GC>AA"	"ADGRL4"	"intergenic"	"DBS4"	0.986659100144641	5
"chr1"	" 80471962"	"GC"	"AA"	"GC>AA"	"ADGRL4"	"intergenic"	"DBS9"	1.78241727080135e-17	5
"chr1"	" 80471962"	"GC"	"AA"	"GC>AA"	"ADGRL4"	"intergenic"	"DBS2"	0.0071187145748796	5
"chr1"	" 80471962"	"GC"	"AA"	"GC>AA"	"ADGRL4"	"intergenic"	"DBS6"	4.08255344975303e-18	5
"chr1"	" 83129492"	"TC"	"GT"	"TC>GT"	"LINC01362"	"ncRNA_intronic"	"DBS1"	0.994056071945906	5
"chr1"	" 83129492"	"TC"	"GT"	"TC>GT"	"LINC01362"	"ncRNA_intronic"	"DBS4"	1.04218825917388e-15	5
"chr1"	" 83129492"	"TC"	"GT"	"TC>GT"	"LINC01362"	"ncRNA_intronic"	"DBS9"	8.94908828072545e-16	5
"chr1"	" 83129492"	"TC"	"GT"	"TC>GT"	"LINC01362"	"ncRNA_intronic"	"DBS2"	0.00594392805409211	5
"chr1"	" 83129492"	"TC"	"GT"	"TC>GT"	"LINC01362"	"ncRNA_intronic"	"DBS6"	2.02062970637557e-16	5
"chr1"	" 94276320"	"GG"	"AA"	"CC>TT"	"ABCD3"	"intergenic"	"DBS1"	1	5
"chr1"	" 94276320"	"GG"	"AA"	"CC>TT"	"ABCD3"	"intergenic"	"DBS4"	6.23186708637187e-18	5
"chr1"	" 94276320"	"GG"	"AA"	"CC>TT"	"ABCD3"	"intergenic"	"DBS9"	5.27516734773608e-18	5
"chr1"	" 94276320"	"GG"	"AA"	"CC>TT"	"ABCD3"	"intergenic"	"DBS2"	1.72942121776307e-18	5
"chr1"	" 94276320"	"GG"	"AA"	"CC>TT"	"ABCD3"	"intergenic"	"DBS6"	1.20825538476981e-18	5
"chr1"	"123712738"	"AT"	"CC"	"AT>CC"	"NONE;NONE"	"intergenic"	"DBS1"	0.247880681348894	5
"chr1"	"123712738"	"AT"	"CC"	"AT>CC"	"NONE;NONE"	"intergenic"	"DBS4"	4.46263843839841e-15	5
"chr1"	"123712738"	"AT"	"CC"	"AT>CC"	"NONE;NONE"	"intergenic"	"DBS9"	0.745458079516579	5
"chr1"	"123712738"	"AT"	"CC"	"AT>CC"	"NONE;NONE"	"intergenic"	"DBS2"	1.23843809497299e-15	5
"chr1"	"123712738"	"AT"	"CC"	"AT>CC"	"NONE;NONE"	"intergenic"	"DBS6"	0.0066612391345218	5
"chr1"	"145880108"	"CC"	"TT"	"CC>TT"	"ANKRD35"	"intronic"	"DBS1"	1	5
"chr1"	"145880108"	"CC"	"TT"	"CC>TT"	"ANKRD35"	"intronic"	"DBS4"	6.23186708637187e-18	5
"chr1"	"145880108"	"CC"	"TT"	"CC>TT"	"ANKRD35"	"intronic"	"DBS9"	5.27516734773608e-18	5
"chr1"	"145880108"	"CC"	"TT"	"CC>TT"	"ANKRD35"	"intronic"	"DBS2"	1.72942121776307e-18	5
"chr1"	"145880108"	"CC"	"TT"	"CC>TT"	"ANKRD35"	"intronic"	"DBS6"	1.20825538476981e-18	5
"chr1"	"150053313"	"GG"	"AA"	"CC>TT"	"OTUD7B"	"intergenic"	"DBS1"	1	5
"chr1"	"150053313"	"GG"	"AA"	"CC>TT"	"OTUD7B"	"intergenic"	"DBS4"	6.23186708637187e-18	5
"chr1"	"150053313"	"GG"	"AA"	"CC>TT"	"OTUD7B"	"intergenic"	"DBS9"	5.27516734773608e-18	5
"chr1"	"150053313"	"GG"	"AA"	"CC>TT"	"OTUD7B"	"intergenic"	"DBS2"	1.72942121776307e-18	5
"chr1"	"150053313"	"GG"	"AA"	"CC>TT"	"OTUD7B"	"intergenic"	"DBS6"	1.20825538476981e-18	5
"chr1"	"151676559"	"GC"	"AA"	"GC>AA"	"SNX27"	"intronic"	"DBS1"	0.00622218528047929	5
"chr1"	"151676559"	"GC"	"AA"	"GC>AA"	"SNX27"	"intronic"	"DBS4"	0.986659100144641	5
"chr1"	"151676559"	"GC"	"AA"	"GC>AA"	"SNX27"	"intronic"	"DBS9"	1.78241727080135e-17	5
"chr1"	"151676559"	"GC"	"AA"	"GC>AA"	"SNX27"	"intronic"	"DBS2"	0.0071187145748796	5
"chr1"	"151676559"	"GC"	"AA"	"GC>AA"	"SNX27"	"intronic"	"DBS6"	4.08255344975303e-18	5
"chr1"	"161216290"	"GG"	"AA"	"CC>TT"	"FCER1G"	"intronic"	"DBS1"	1	5
"chr1"	"161216290"	"GG"	"AA"	"CC>TT"	"FCER1G"	"intronic"	"DBS4"	6.23186708637187e-18	5
"chr1"	"161216290"	"GG"	"AA"	"CC>TT"	"FCER1G"	"intronic"	"DBS9"	5.27516734773608e-18	5
"chr1"	"161216290"	"GG"	"AA"	"CC>TT"	"FCER1G"	"intronic"	"DBS2"	1.72942121776307e-18	5
"chr1"	"161216290"	"GG"	"AA"	"CC>TT"	"FCER1G"	"intronic"	"DBS6"	1.20825538476981e-18	5
"chr1"	"166112594"	"GC"	"AA"	"GC>AA"	"FAM78B"	"intronic"	"DBS1"	0.00622218528047929	5
"chr1"	"166112594"	"GC"	"AA"	"GC>AA"	"FAM78B"	"intronic"	"DBS4"	0.986659100144641	5
"chr1"	"166112594"	"GC"	"AA"	"GC>AA"	"FAM78B"	"intronic"	"DBS9"	1.78241727080135e-17	5
"chr1"	"166112594"	"GC"	"AA"	"GC>AA"	"FAM78B"	"intronic"	"DBS2"	0.0071187145748796	5
"chr1"	"166112594"	"GC"	"AA"	"GC>AA"	"FAM78B"	"intronic"	"DBS6"	4.08255344975303e-18	5
"chr1"	"171237545"	"CG"	"TT"	"CG>TT"	"FMO2"	"intergenic"	"DBS1"	0.0260752640912955	5
"chr1"	"171237545"	"CG"	"TT"	"CG>TT"	"FMO2"	"intergenic"	"DBS4"	0.0579858012123436	5
"chr1"	"171237545"	"CG"	"TT"	"CG>TT"	"FMO2"	"intergenic"	"DBS9"	0.00874739127129145	5
"chr1"	"171237545"	"CG"	"TT"	"CG>TT"	"FMO2"	"intergenic"	"DBS2"	0.416038802702675	5
"chr1"	"171237545"	"CG"	"TT"	"CG>TT"	"FMO2"	"intergenic"	"DBS6"	0.491152740722394	5
"chr1"	"177272684"	"GG"	"AA"	"CC>TT"	"BRINP2"	"intronic"	"DBS1"	1	5
"chr1"	"177272684"	"GG"	"AA"	"CC>TT"	"BRINP2"	"intronic"	"DBS4"	6.23186708637187e-18	5
"chr1"	"177272684"	"GG"	"AA"	"CC>TT"	"BRINP2"	"intronic"	"DBS9"	5.27516734773608e-18	5
"chr1"	"177272684"	"GG"	"AA"	"CC>TT"	"BRINP2"	"intronic"	"DBS2"	1.72942121776307e-18	5
"chr1"	"177272684"	"GG"	"AA"	"CC>TT"	"BRINP2"	"intronic"	"DBS6"	1.20825538476981e-18	5
"chr1"	"185193893"	"TA"	"CT"	"TA>CT"	"SWT1"	"intronic"	"DBS1"	0.0393328793829012	5
"chr1"	"185193893"	"TA"	"CT"	"TA>CT"	"SWT1"	"intronic"	"DBS4"	0.373200780253721	5
"chr1"	"185193893"	"TA"	"CT"	"TA>CT"	"SWT1"	"intronic"	"DBS9"	0.399230731488663	5
"chr1"	"185193893"	"TA"	"CT"	"TA>CT"	"SWT1"	"intronic"	"DBS2"	0.00558249927456315	5
"chr1"	"185193893"	"TA"	"CT"	"TA>CT"	"SWT1"	"intronic"	"DBS6"	0.182653109600151	5
"chr1"	"189445613"	"GT"	"TA"	"AC>TA"	"LINC01037"	"intergenic"	"DBS1"	0.0487176235128964	5
"chr1"	"189445613"	"GT"	"TA"	"AC>TA"	"LINC01037"	"intergenic"	"DBS4"	0.039383653310049	5
"chr1"	"189445613"	"GT"	"TA"	"AC>TA"	"LINC01037"	"intergenic"	"DBS9"	0.839303543694284	5
"chr1"	"189445613"	"GT"	"TA"	"AC>TA"	"LINC01037"	"intergenic"	"DBS2"	0.0213805355788777	5
"chr1"	"189445613"	"GT"	"TA"	"AC>TA"	"LINC01037"	"intergenic"	"DBS6"	0.0512146439038934	5
"chr1"	"210898301"	"GG"	"AA"	"CC>TT"	"KCNH1"	"intronic"	"DBS1"	1	5
"chr1"	"210898301"	"GG"	"AA"	"CC>TT"	"KCNH1"	"intronic"	"DBS4"	6.23186708637187e-18	5
"chr1"	"210898301"	"GG"	"AA"	"CC>TT"	"KCNH1"	"intronic"	"DBS9"	5.27516734773608e-18	5
"chr1"	"210898301"	"GG"	"AA"	"CC>TT"	"KCNH1"	"intronic"	"DBS2"	1.72942121776307e-18	5
"chr1"	"210898301"	"GG"	"AA"	"CC>TT"	"KCNH1"	"intronic"	"DBS6"	1.20825538476981e-18	5
"chr1"	"225354660"	"TC"	"AA"	"TC>AA"	"DNAH14"	"intronic"	"DBS1"	3.66266326232466e-05	5
"chr1"	"225354660"	"TC"	"AA"	"TC>AA"	"DNAH14"	"intronic"	"DBS4"	0.972785602579575	5
"chr1"	"225354660"	"TC"	"AA"	"TC>AA"	"DNAH14"	"intronic"	"DBS9"	0.00622176856711543	5
"chr1"	"225354660"	"TC"	"AA"	"TC>AA"	"DNAH14"	"intronic"	"DBS2"	0.00173376612162709	5
"chr1"	"225354660"	"TC"	"AA"	"TC>AA"	"DNAH14"	"intronic"	"DBS6"	0.0192222360990592	5
"chr1"	"231842555"	"TC"	"AA"	"TC>AA"	"TSNAX-DISC1"	"ncRNA_intronic"	"DBS1"	3.66266326232466e-05	5
"chr1"	"231842555"	"TC"	"AA"	"TC>AA"	"TSNAX-DISC1"	"ncRNA_intronic"	"DBS4"	0.972785602579575	5
"chr1"	"231842555"	"TC"	"AA"	"TC>AA"	"TSNAX-DISC1"	"ncRNA_intronic"	"DBS9"	0.00622176856711543	5
"chr1"	"231842555"	"TC"	"AA"	"TC>AA"	"TSNAX-DISC1"	"ncRNA_intronic"	"DBS2"	0.00173376612162709	5
"chr1"	"231842555"	"TC"	"AA"	"TC>AA"	"TSNAX-DISC1"	"ncRNA_intronic"	"DBS6"	0.0192222360990592	5
"chr2"	" 14342319"	"CC"	"TT"	"CC>TT"	"LINC00276"	"ncRNA_intronic"	"DBS1"	1	5
"chr2"	" 14342319"	"CC"	"TT"	"CC>TT"	"LINC00276"	"ncRNA_intronic"	"DBS4"	6.23186708637187e-18	5
"chr2"	" 14342319"	"CC"	"TT"	"CC>TT"	"LINC00276"	"ncRNA_intronic"	"DBS9"	5.27516734773608e-18	5
"chr2"	" 14342319"	"CC"	"TT"	"CC>TT"	"LINC00276"	"ncRNA_intronic"	"DBS2"	1.72942121776307e-18	5
"chr2"	" 14342319"	"CC"	"TT"	"CC>TT"	"LINC00276"	"ncRNA_intronic"	"DBS6"	1.20825538476981e-18	5
"chr2"	" 43132675"	"GG"	"AT"	"CC>AT"	"ZFP36L2"	"intergenic"	"DBS1"	0.245678616035288	5
"chr2"	" 43132675"	"GG"	"AT"	"CC>AT"	"ZFP36L2"	"intergenic"	"DBS4"	0.157555233172252	5
"chr2"	" 43132675"	"GG"	"AT"	"CC>AT"	"ZFP36L2"	"intergenic"	"DBS9"	0.128551560721259	5
"chr2"	" 43132675"	"GG"	"AT"	"CC>AT"	"ZFP36L2"	"intergenic"	"DBS2"	0.467495856723421	5
"chr2"	" 43132675"	"GG"	"AT"	"CC>AT"	"ZFP36L2"	"intergenic"	"DBS6"	0.000718733347779964	5
"chr2"	" 90000786"	"GA"	"CT"	"TC>AG"	"LSP1P4"	"intergenic"	"DBS1"	0.000118982697246822	5
"chr2"	" 90000786"	"GA"	"CT"	"TC>AG"	"LSP1P4"	"intergenic"	"DBS4"	0.0550014788689251	5
"chr2"	" 90000786"	"GA"	"CT"	"TC>AG"	"LSP1P4"	"intergenic"	"DBS9"	0.902317131227521	5
"chr2"	" 90000786"	"GA"	"CT"	"TC>AG"	"LSP1P4"	"intergenic"	"DBS2"	0.00274035824699241	5
"chr2"	" 90000786"	"GA"	"CT"	"TC>AG"	"LSP1P4"	"intergenic"	"DBS6"	0.0398220489593146	5
"chr2"	"118681674"	"GG"	"AA"	"CC>TT"	"EN1"	"intergenic"	"DBS1"	1	5
"chr2"	"118681674"	"GG"	"AA"	"CC>TT"	"EN1"	"intergenic"	"DBS4"	6.23186708637187e-18	5
"chr2"	"118681674"	"GG"	"AA"	"CC>TT"	"EN1"	"intergenic"	"DBS9"	5.27516734773608e-18	5
"chr2"	"118681674"	"GG"	"AA"	"CC>TT"	"EN1"	"intergenic"	"DBS2"	1.72942121776307e-18	5
"chr2"	"118681674"	"GG"	"AA"	"CC>TT"	"EN1"	"intergenic"	"DBS6"	1.20825538476981e-18	5
"chr2"	"123803563"	"TC"	"AT"	"TC>AT"	"LINC01826"	"intergenic"	"DBS1"	0.0703850929774474	5
"chr2"	"123803563"	"TC"	"AT"	"TC>AT"	"LINC01826"	"intergenic"	"DBS4"	0.183801481354828	5
"chr2"	"123803563"	"TC"	"AT"	"TC>AT"	"LINC01826"	"intergenic"	"DBS9"	0.743690670233676	5
"chr2"	"123803563"	"TC"	"AT"	"TC>AT"	"LINC01826"	"intergenic"	"DBS2"	4.24554699242625e-17	5
"chr2"	"123803563"	"TC"	"AT"	"TC>AT"	"LINC01826"	"intergenic"	"DBS6"	0.00212275543404906	5
"chr2"	"153768821"	"GC"	"AG"	"GC>AG"	"RPRM"	"intergenic"	"DBS1"	0.00149582313224679	5
"chr2"	"153768821"	"GC"	"AG"	"GC>AG"	"RPRM"	"intergenic"	"DBS4"	0.120665284404558	5
"chr2"	"153768821"	"GC"	"AG"	"GC>AG"	"RPRM"	"intergenic"	"DBS9"	0.869831526817129	5
"chr2"	"153768821"	"GC"	"AG"	"GC>AG"	"RPRM"	"intergenic"	"DBS2"	0.00161670895608954	5
"chr2"	"153768821"	"GC"	"AG"	"GC>AG"	"RPRM"	"intergenic"	"DBS6"	0.00639065668997698	5
"chr2"	"165708166"	"TG"	"CA"	"TG>CA"	"GALNT3"	"intergenic"	"DBS1"	0.0202043124581518	5
"chr2"	"165708166"	"TG"	"CA"	"TG>CA"	"GALNT3"	"intergenic"	"DBS4"	0.0444737091604276	5
"chr2"	"165708166"	"TG"	"CA"	"TG>CA"	"GALNT3"	"intergenic"	"DBS9"	0.828498472150647	5
"chr2"	"165708166"	"TG"	"CA"	"TG>CA"	"GALNT3"	"intergenic"	"DBS2"	0.00371068749629391	5
"chr2"	"165708166"	"TG"	"CA"	"TG>CA"	"GALNT3"	"intergenic"	"DBS6"	0.10311281873448	5
"chr3"	"  3222980"	"CC"	"AA"	"CC>AA"	"LOC100130207"	"intergenic"	"DBS1"	4.11431382164758e-05	5
"chr3"	"  3222980"	"CC"	"AA"	"CC>AA"	"LOC100130207"	"intergenic"	"DBS4"	2.07537709528452e-17	5
"chr3"	"  3222980"	"CC"	"AA"	"CC>AA"	"LOC100130207"	"intergenic"	"DBS9"	1.75677069737667e-17	5
"chr3"	"  3222980"	"CC"	"AA"	"CC>AA"	"LOC100130207"	"intergenic"	"DBS2"	0.999958856861783	5
"chr3"	"  3222980"	"CC"	"AA"	"CC>AA"	"LOC100130207"	"intergenic"	"DBS6"	4.02381102814141e-18	5
"chr3"	" 18330855"	"CA"	"TG"	"TG>CA"	"LOC339862"	"intergenic"	"DBS1"	0.0202043124581518	5
"chr3"	" 18330855"	"CA"	"TG"	"TG>CA"	"LOC339862"	"intergenic"	"DBS4"	0.0444737091604276	5
"chr3"	" 18330855"	"CA"	"TG"	"TG>CA"	"LOC339862"	"intergenic"	"DBS9"	0.828498472150647	5
"chr3"	" 18330855"	"CA"	"TG"	"TG>CA"	"LOC339862"	"intergenic"	"DBS2"	0.00371068749629391	5
"chr3"	" 18330855"	"CA"	"TG"	"TG>CA"	"LOC339862"	"intergenic"	"DBS6"	0.10311281873448	5
"chr3"	" 26163842"	"GG"	"AA"	"CC>TT"	"LRRC3B"	"intergenic"	"DBS1"	1	5
"chr3"	" 26163842"	"GG"	"AA"	"CC>TT"	"LRRC3B"	"intergenic"	"DBS4"	6.23186708637187e-18	5
"chr3"	" 26163842"	"GG"	"AA"	"CC>TT"	"LRRC3B"	"intergenic"	"DBS9"	5.27516734773608e-18	5
"chr3"	" 26163842"	"GG"	"AA"	"CC>TT"	"LRRC3B"	"intergenic"	"DBS2"	1.72942121776307e-18	5
"chr3"	" 26163842"	"GG"	"AA"	"CC>TT"	"LRRC3B"	"intergenic"	"DBS6"	1.20825538476981e-18	5
"chr3"	" 49171568"	"CC"	"TT"	"CC>TT"	"KLHDC8B"	"upstream"	"DBS1"	1	5
"chr3"	" 49171568"	"CC"	"TT"	"CC>TT"	"KLHDC8B"	"upstream"	"DBS4"	6.23186708637187e-18	5
"chr3"	" 49171568"	"CC"	"TT"	"CC>TT"	"KLHDC8B"	"upstream"	"DBS9"	5.27516734773608e-18	5
"chr3"	" 49171568"	"CC"	"TT"	"CC>TT"	"KLHDC8B"	"upstream"	"DBS2"	1.72942121776307e-18	5
"chr3"	" 49171568"	"CC"	"TT"	"CC>TT"	"KLHDC8B"	"upstream"	"DBS6"	1.20825538476981e-18	5
"chr3"	" 54958974"	"GC"	"AT"	"GC>AT"	"CACNA2D3;LRTM1"	"intronic"	"DBS1"	0.000686830599602024	5
"chr3"	" 54958974"	"GC"	"AT"	"GC>AT"	"CACNA2D3;LRTM1"	"intronic"	"DBS4"	0.0995405590410016	5
"chr3"	" 54958974"	"GC"	"AT"	"GC>AT"	"CACNA2D3;LRTM1"	"intronic"	"DBS9"	0.891678328037389	5
"chr3"	" 54958974"	"GC"	"AT"	"GC>AT"	"CACNA2D3;LRTM1"	"intronic"	"DBS2"	0.00478261686267674	5
"chr3"	" 54958974"	"GC"	"AT"	"GC>AT"	"CACNA2D3;LRTM1"	"intronic"	"DBS6"	0.00331166545933069	5
"chr3"	" 55690241"	"CC"	"TT"	"CC>TT"	"ERC2"	"intronic"	"DBS1"	1	5
"chr3"	" 55690241"	"CC"	"TT"	"CC>TT"	"ERC2"	"intronic"	"DBS4"	6.23186708637187e-18	5
"chr3"	" 55690241"	"CC"	"TT"	"CC>TT"	"ERC2"	"intronic"	"DBS9"	5.27516734773608e-18	5
"chr3"	" 55690241"	"CC"	"TT"	"CC>TT"	"ERC2"	"intronic"	"DBS2"	1.72942121776307e-18	5
"chr3"	" 55690241"	"CC"	"TT"	"CC>TT"	"ERC2"	"intronic"	"DBS6"	1.20825538476981e-18	5
"chr3"	" 69350701"	"AT"	"GA"	"AT>GA"	"FRMD4B"	"intronic"	"DBS1"	0.363887667391282	5
"chr3"	" 69350701"	"AT"	"GA"	"AT>GA"	"FRMD4B"	"intronic"	"DBS4"	0.0424799421134054	5
"chr3"	" 69350701"	"AT"	"GA"	"AT>GA"	"FRMD4B"	"intronic"	"DBS9"	0.548640546503447	5
"chr3"	" 69350701"	"AT"	"GA"	"AT>GA"	"FRMD4B"	"intronic"	"DBS2"	0.0102610729130717	5
"chr3"	" 69350701"	"AT"	"GA"	"AT>GA"	"FRMD4B"	"intronic"	"DBS6"	0.0347307710787946	5
"chr3"	" 89528353"	"TA"	"CT"	"TA>CT"	"EPHA3"	"intergenic"	"DBS1"	0.0393328793829012	5
"chr3"	" 89528353"	"TA"	"CT"	"TA>CT"	"EPHA3"	"intergenic"	"DBS4"	0.373200780253721	5
"chr3"	" 89528353"	"TA"	"CT"	"TA>CT"	"EPHA3"	"intergenic"	"DBS9"	0.399230731488663	5
"chr3"	" 89528353"	"TA"	"CT"	"TA>CT"	"EPHA3"	"intergenic"	"DBS2"	0.00558249927456315	5
"chr3"	" 89528353"	"TA"	"CT"	"TA>CT"	"EPHA3"	"intergenic"	"DBS6"	0.182653109600151	5
"chr3"	"106430433"	"AT"	"GA"	"AT>GA"	"LINC00882"	"intergenic"	"DBS1"	0.363887667391282	5
"chr3"	"106430433"	"AT"	"GA"	"AT>GA"	"LINC00882"	"intergenic"	"DBS4"	0.0424799421134054	5
"chr3"	"106430433"	"AT"	"GA"	"AT>GA"	"LINC00882"	"intergenic"	"DBS9"	0.548640546503447	5
"chr3"	"106430433"	"AT"	"GA"	"AT>GA"	"LINC00882"	"intergenic"	"DBS2"	0.0102610729130717	5
"chr3"	"106430433"	"AT"	"GA"	"AT>GA"	"LINC00882"	"intergenic"	"DBS6"	0.0347307710787946	5
"chr3"	"127092154"	"GG"	"AA"	"CC>TT"	"C3orf56"	"intergenic"	"DBS1"	1	5
"chr3"	"127092154"	"GG"	"AA"	"CC>TT"	"C3orf56"	"intergenic"	"DBS4"	6.23186708637187e-18	5
"chr3"	"127092154"	"GG"	"AA"	"CC>TT"	"C3orf56"	"intergenic"	"DBS9"	5.27516734773608e-18	5
"chr3"	"127092154"	"GG"	"AA"	"CC>TT"	"C3orf56"	"intergenic"	"DBS2"	1.72942121776307e-18	5
"chr3"	"127092154"	"GG"	"AA"	"CC>TT"	"C3orf56"	"intergenic"	"DBS6"	1.20825538476981e-18	5
"chr3"	"166945073"	"GG"	"AA"	"CC>TT"	"ZBBX"	"intergenic"	"DBS1"	1	5
"chr3"	"166945073"	"GG"	"AA"	"CC>TT"	"ZBBX"	"intergenic"	"DBS4"	6.23186708637187e-18	5
"chr3"	"166945073"	"GG"	"AA"	"CC>TT"	"ZBBX"	"intergenic"	"DBS9"	5.27516734773608e-18	5
"chr3"	"166945073"	"GG"	"AA"	"CC>TT"	"ZBBX"	"intergenic"	"DBS2"	1.72942121776307e-18	5
"chr3"	"166945073"	"GG"	"AA"	"CC>TT"	"ZBBX"	"intergenic"	"DBS6"	1.20825538476981e-18	5
"chr3"	"168032761"	"GC"	"AG"	"GC>AG"	"GOLIM4"	"exonic"	"DBS1"	0.00149582313224679	5
"chr3"	"168032761"	"GC"	"AG"	"GC>AG"	"GOLIM4"	"exonic"	"DBS4"	0.120665284404558	5
"chr3"	"168032761"	"GC"	"AG"	"GC>AG"	"GOLIM4"	"exonic"	"DBS9"	0.869831526817129	5
"chr3"	"168032761"	"GC"	"AG"	"GC>AG"	"GOLIM4"	"exonic"	"DBS2"	0.00161670895608954	5
"chr3"	"168032761"	"GC"	"AG"	"GC>AG"	"GOLIM4"	"exonic"	"DBS6"	0.00639065668997698	5
"chr3"	"195148305"	"AC"	"TT"	"AC>TT"	"XXYLT1-AS2"	"ncRNA_intronic"	"DBS1"	0.526436740411476	5
"chr3"	"195148305"	"AC"	"TT"	"AC>TT"	"XXYLT1-AS2"	"ncRNA_intronic"	"DBS4"	0.00244305713293987	5
"chr3"	"195148305"	"AC"	"TT"	"AC>TT"	"XXYLT1-AS2"	"ncRNA_intronic"	"DBS9"	0.442588657191917	5
"chr3"	"195148305"	"AC"	"TT"	"AC>TT"	"XXYLT1-AS2"	"ncRNA_intronic"	"DBS2"	0.0206412115392987	5
"chr3"	"195148305"	"AC"	"TT"	"AC>TT"	"XXYLT1-AS2"	"ncRNA_intronic"	"DBS6"	0.00789033372436847	5
"chr4"	" 23791053"	"TT"	"AG"	"TT>AG"	"PPARGC1A"	"downstream"	"DBS1"	0.342641382517042	5
"chr4"	" 23791053"	"TT"	"AG"	"TT>AG"	"PPARGC1A"	"downstream"	"DBS4"	4.38297508480734e-15	5
"chr4"	" 23791053"	"TT"	"AG"	"TT>AG"	"PPARGC1A"	"downstream"	"DBS9"	0.377592365760255	5
"chr4"	" 23791053"	"TT"	"AG"	"TT>AG"	"PPARGC1A"	"downstream"	"DBS2"	0.062712484636091	5
"chr4"	" 23791053"	"TT"	"AG"	"TT>AG"	"PPARGC1A"	"downstream"	"DBS6"	0.217053767086608	5
"chr4"	" 49640381"	"CG"	"AA"	"CG>TT"	"CWH43"	"intergenic"	"DBS1"	0.0260752640912955	5
"chr4"	" 49640381"	"CG"	"AA"	"CG>TT"	"CWH43"	"intergenic"	"DBS4"	0.0579858012123436	5
"chr4"	" 49640381"	"CG"	"AA"	"CG>TT"	"CWH43"	"intergenic"	"DBS9"	0.00874739127129145	5
"chr4"	" 49640381"	"CG"	"AA"	"CG>TT"	"CWH43"	"intergenic"	"DBS2"	0.416038802702675	5
"chr4"	" 49640381"	"CG"	"AA"	"CG>TT"	"CWH43"	"intergenic"	"DBS6"	0.491152740722394	5
"chr4"	" 60265761"	"GA"	"TT"	"TC>AA"	"LINC02429"	"intergenic"	"DBS1"	3.66266326232466e-05	5
"chr4"	" 60265761"	"GA"	"TT"	"TC>AA"	"LINC02429"	"intergenic"	"DBS4"	0.972785602579575	5
"chr4"	" 60265761"	"GA"	"TT"	"TC>AA"	"LINC02429"	"intergenic"	"DBS9"	0.00622176856711543	5
"chr4"	" 60265761"	"GA"	"TT"	"TC>AA"	"LINC02429"	"intergenic"	"DBS2"	0.00173376612162709	5
"chr4"	" 60265761"	"GA"	"TT"	"TC>AA"	"LINC02429"	"intergenic"	"DBS6"	0.0192222360990592	5
"chr4"	" 61024587"	"GC"	"CA"	"GC>CA"	"LINC02271"	"intergenic"	"DBS1"	0.0023646415673124	5
"chr4"	" 61024587"	"GC"	"CA"	"GC>CA"	"LINC02271"	"intergenic"	"DBS4"	0.373161841470299	5
"chr4"	" 61024587"	"GC"	"CA"	"GC>CA"	"LINC02271"	"intergenic"	"DBS9"	0.564430392613308	5
"chr4"	" 61024587"	"GC"	"CA"	"GC>CA"	"LINC02271"	"intergenic"	"DBS2"	0.0154846258915236	5
"chr4"	" 61024587"	"GC"	"CA"	"GC>CA"	"LINC02271"	"intergenic"	"DBS6"	0.0445584984575572	5
"chr4"	" 67373374"	"GA"	"AC"	"TC>GT"	"MIR1269A"	"intergenic"	"DBS1"	0.994056071945906	5
"chr4"	" 67373374"	"GA"	"AC"	"TC>GT"	"MIR1269A"	"intergenic"	"DBS4"	1.04218825917388e-15	5
"chr4"	" 67373374"	"GA"	"AC"	"TC>GT"	"MIR1269A"	"intergenic"	"DBS9"	8.94908828072545e-16	5
"chr4"	" 67373374"	"GA"	"AC"	"TC>GT"	"MIR1269A"	"intergenic"	"DBS2"	0.00594392805409211	5
"chr4"	" 67373374"	"GA"	"AC"	"TC>GT"	"MIR1269A"	"intergenic"	"DBS6"	2.02062970637557e-16	5
"chr4"	"126545827"	"TC"	"AA"	"TC>AA"	"INTU"	"intergenic"	"DBS1"	3.66266326232466e-05	5
"chr4"	"126545827"	"TC"	"AA"	"TC>AA"	"INTU"	"intergenic"	"DBS4"	0.972785602579575	5
"chr4"	"126545827"	"TC"	"AA"	"TC>AA"	"INTU"	"intergenic"	"DBS9"	0.00622176856711543	5
"chr4"	"126545827"	"TC"	"AA"	"TC>AA"	"INTU"	"intergenic"	"DBS2"	0.00173376612162709	5
"chr4"	"126545827"	"TC"	"AA"	"TC>AA"	"INTU"	"intergenic"	"DBS6"	0.0192222360990592	5
"chr4"	"164397064"	"AG"	"GA"	"CT>TC"	"SMIM31"	"intergenic"	"DBS1"	0.997272441274722	5
"chr4"	"164397064"	"AG"	"GA"	"CT>TC"	"SMIM31"	"intergenic"	"DBS4"	5.07843605896212e-16	5
"chr4"	"164397064"	"AG"	"GA"	"CT>TC"	"SMIM31"	"intergenic"	"DBS9"	0.00142975875777957	5
"chr4"	"164397064"	"AG"	"GA"	"CT>TC"	"SMIM31"	"intergenic"	"DBS2"	0.00129779996749782	5
"chr4"	"164397064"	"AG"	"GA"	"CT>TC"	"SMIM31"	"intergenic"	"DBS6"	9.84624291469367e-17	5
"chr4"	"172523298"	"CC"	"TT"	"CC>TT"	"GALNTL6"	"intronic"	"DBS1"	1	5
"chr4"	"172523298"	"CC"	"TT"	"CC>TT"	"GALNTL6"	"intronic"	"DBS4"	6.23186708637187e-18	5
"chr4"	"172523298"	"CC"	"TT"	"CC>TT"	"GALNTL6"	"intronic"	"DBS9"	5.27516734773608e-18	5
"chr4"	"172523298"	"CC"	"TT"	"CC>TT"	"GALNTL6"	"intronic"	"DBS2"	1.72942121776307e-18	5
"chr4"	"172523298"	"CC"	"TT"	"CC>TT"	"GALNTL6"	"intronic"	"DBS6"	1.20825538476981e-18	5
"chr4"	"174425911"	"GG"	"TT"	"CC>AA"	"HPGD"	"intergenic"	"DBS1"	4.11431382164758e-05	5
"chr4"	"174425911"	"GG"	"TT"	"CC>AA"	"HPGD"	"intergenic"	"DBS4"	2.07537709528452e-17	5
"chr4"	"174425911"	"GG"	"TT"	"CC>AA"	"HPGD"	"intergenic"	"DBS9"	1.75677069737667e-17	5
"chr4"	"174425911"	"GG"	"TT"	"CC>AA"	"HPGD"	"intergenic"	"DBS2"	0.999958856861783	5
"chr4"	"174425911"	"GG"	"TT"	"CC>AA"	"HPGD"	"intergenic"	"DBS6"	4.02381102814141e-18	5
"chr4"	"180930288"	"CC"	"AG"	"CC>AG"	"LINC00290"	"intergenic"	"DBS1"	0.000241484907232477	5
"chr4"	"180930288"	"CC"	"AG"	"CC>AG"	"LINC00290"	"intergenic"	"DBS4"	0.0814314448647088	5
"chr4"	"180930288"	"CC"	"AG"	"CC>AG"	"LINC00290"	"intergenic"	"DBS9"	0.260079307398951	5
"chr4"	"180930288"	"CC"	"AG"	"CC>AG"	"LINC00290"	"intergenic"	"DBS2"	0.507193311374198	5
"chr4"	"180930288"	"CC"	"AG"	"CC>AG"	"LINC00290"	"intergenic"	"DBS6"	0.15105445145491	5
"chr4"	"182206369"	"GA"	"TG"	"TC>CA"	"TENM3"	"intergenic"	"DBS1"	4.86625385700753e-05	5
"chr4"	"182206369"	"GA"	"TG"	"TC>CA"	"TENM3"	"intergenic"	"DBS4"	0.711459666720594	5
"chr4"	"182206369"	"GA"	"TG"	"TC>CA"	"TENM3"	"intergenic"	"DBS9"	0.269593430804442	5
"chr4"	"182206369"	"GA"	"TG"	"TC>CA"	"TENM3"	"intergenic"	"DBS2"	0.00267183036988232	5
"chr4"	"182206369"	"GA"	"TG"	"TC>CA"	"TENM3"	"intergenic"	"DBS6"	0.0162264095665117	5
"chr5"	" 21801991"	"TC"	"CA"	"TC>CA"	"CDH12"	"intronic"	"DBS1"	4.86625385700753e-05	5
"chr5"	" 21801991"	"TC"	"CA"	"TC>CA"	"CDH12"	"intronic"	"DBS4"	0.711459666720594	5
"chr5"	" 21801991"	"TC"	"CA"	"TC>CA"	"CDH12"	"intronic"	"DBS9"	0.269593430804442	5
"chr5"	" 21801991"	"TC"	"CA"	"TC>CA"	"CDH12"	"intronic"	"DBS2"	0.00267183036988232	5
"chr5"	" 21801991"	"TC"	"CA"	"TC>CA"	"CDH12"	"intronic"	"DBS6"	0.0162264095665117	5
"chr5"	" 27656999"	"TC"	"AA"	"TC>AA"	"LINC02103"	"intergenic"	"DBS1"	3.66266326232466e-05	5
"chr5"	" 27656999"	"TC"	"AA"	"TC>AA"	"LINC02103"	"intergenic"	"DBS4"	0.972785602579575	5
"chr5"	" 27656999"	"TC"	"AA"	"TC>AA"	"LINC02103"	"intergenic"	"DBS9"	0.00622176856711543	5
"chr5"	" 27656999"	"TC"	"AA"	"TC>AA"	"LINC02103"	"intergenic"	"DBS2"	0.00173376612162709	5
"chr5"	" 27656999"	"TC"	"AA"	"TC>AA"	"LINC02103"	"intergenic"	"DBS6"	0.0192222360990592	5
"chr5"	" 36977767"	"CC"	"TT"	"CC>TT"	"NIPBL"	"intronic"	"DBS1"	1	5
"chr5"	" 36977767"	"CC"	"TT"	"CC>TT"	"NIPBL"	"intronic"	"DBS4"	6.23186708637187e-18	5
"chr5"	" 36977767"	"CC"	"TT"	"CC>TT"	"NIPBL"	"intronic"	"DBS9"	5.27516734773608e-18	5
"chr5"	" 36977767"	"CC"	"TT"	"CC>TT"	"NIPBL"	"intronic"	"DBS2"	1.72942121776307e-18	5
"chr5"	" 36977767"	"CC"	"TT"	"CC>TT"	"NIPBL"	"intronic"	"DBS6"	1.20825538476981e-18	5
"chr5"	" 92037297"	"CC"	"TT"	"CC>TT"	"NR2F1-AS1"	"intergenic"	"DBS1"	1	5
"chr5"	" 92037297"	"CC"	"TT"	"CC>TT"	"NR2F1-AS1"	"intergenic"	"DBS4"	6.23186708637187e-18	5
"chr5"	" 92037297"	"CC"	"TT"	"CC>TT"	"NR2F1-AS1"	"intergenic"	"DBS9"	5.27516734773608e-18	5
"chr5"	" 92037297"	"CC"	"TT"	"CC>TT"	"NR2F1-AS1"	"intergenic"	"DBS2"	1.72942121776307e-18	5
"chr5"	" 92037297"	"CC"	"TT"	"CC>TT"	"NR2F1-AS1"	"intergenic"	"DBS6"	1.20825538476981e-18	5
"chr5"	" 97593565"	"GA"	"TT"	"TC>AA"	"LINC01340"	"ncRNA_intronic"	"DBS1"	3.66266326232466e-05	5
"chr5"	" 97593565"	"GA"	"TT"	"TC>AA"	"LINC01340"	"ncRNA_intronic"	"DBS4"	0.972785602579575	5
"chr5"	" 97593565"	"GA"	"TT"	"TC>AA"	"LINC01340"	"ncRNA_intronic"	"DBS9"	0.00622176856711543	5
"chr5"	" 97593565"	"GA"	"TT"	"TC>AA"	"LINC01340"	"ncRNA_intronic"	"DBS2"	0.00173376612162709	5
"chr5"	" 97593565"	"GA"	"TT"	"TC>AA"	"LINC01340"	"ncRNA_intronic"	"DBS6"	0.0192222360990592	5
"chr5"	"102215115"	"GG"	"AA"	"CC>TT"	"ST8SIA4"	"intergenic"	"DBS1"	1	5
"chr5"	"102215115"	"GG"	"AA"	"CC>TT"	"ST8SIA4"	"intergenic"	"DBS4"	6.23186708637187e-18	5
"chr5"	"102215115"	"GG"	"AA"	"CC>TT"	"ST8SIA4"	"intergenic"	"DBS9"	5.27516734773608e-18	5
"chr5"	"102215115"	"GG"	"AA"	"CC>TT"	"ST8SIA4"	"intergenic"	"DBS2"	1.72942121776307e-18	5
"chr5"	"102215115"	"GG"	"AA"	"CC>TT"	"ST8SIA4"	"intergenic"	"DBS6"	1.20825538476981e-18	5
"chr5"	"110908088"	"GG"	"AA"	"CC>TT"	"TSLP"	"intergenic"	"DBS1"	1	5
"chr5"	"110908088"	"GG"	"AA"	"CC>TT"	"TSLP"	"intergenic"	"DBS4"	6.23186708637187e-18	5
"chr5"	"110908088"	"GG"	"AA"	"CC>TT"	"TSLP"	"intergenic"	"DBS9"	5.27516734773608e-18	5
"chr5"	"110908088"	"GG"	"AA"	"CC>TT"	"TSLP"	"intergenic"	"DBS2"	1.72942121776307e-18	5
"chr5"	"110908088"	"GG"	"AA"	"CC>TT"	"TSLP"	"intergenic"	"DBS6"	1.20825538476981e-18	5
"chr5"	"123484458"	"GA"	"TT"	"TC>AA"	"CEP120"	"intergenic"	"DBS1"	3.66266326232466e-05	5
"chr5"	"123484458"	"GA"	"TT"	"TC>AA"	"CEP120"	"intergenic"	"DBS4"	0.972785602579575	5
"chr5"	"123484458"	"GA"	"TT"	"TC>AA"	"CEP120"	"intergenic"	"DBS9"	0.00622176856711543	5
"chr5"	"123484458"	"GA"	"TT"	"TC>AA"	"CEP120"	"intergenic"	"DBS2"	0.00173376612162709	5
"chr5"	"123484458"	"GA"	"TT"	"TC>AA"	"CEP120"	"intergenic"	"DBS6"	0.0192222360990592	5
"chr6"	" 20754279"	"GG"	"TT"	"CC>AA"	"CDKAL1"	"intronic"	"DBS1"	4.11431382164758e-05	5
"chr6"	" 20754279"	"GG"	"TT"	"CC>AA"	"CDKAL1"	"intronic"	"DBS4"	2.07537709528452e-17	5
"chr6"	" 20754279"	"GG"	"TT"	"CC>AA"	"CDKAL1"	"intronic"	"DBS9"	1.75677069737667e-17	5
"chr6"	" 20754279"	"GG"	"TT"	"CC>AA"	"CDKAL1"	"intronic"	"DBS2"	0.999958856861783	5
"chr6"	" 20754279"	"GG"	"TT"	"CC>AA"	"CDKAL1"	"intronic"	"DBS6"	4.02381102814141e-18	5
"chr6"	" 32758756"	"TG"	"CA"	"TG>CA"	"HLA-DQB2"	"intronic"	"DBS1"	0.0202043124581518	5
"chr6"	" 32758756"	"TG"	"CA"	"TG>CA"	"HLA-DQB2"	"intronic"	"DBS4"	0.0444737091604276	5
"chr6"	" 32758756"	"TG"	"CA"	"TG>CA"	"HLA-DQB2"	"intronic"	"DBS9"	0.828498472150647	5
"chr6"	" 32758756"	"TG"	"CA"	"TG>CA"	"HLA-DQB2"	"intronic"	"DBS2"	0.00371068749629391	5
"chr6"	" 32758756"	"TG"	"CA"	"TG>CA"	"HLA-DQB2"	"intronic"	"DBS6"	0.10311281873448	5
"chr6"	" 37846873"	"GG"	"TT"	"CC>AA"	"ZFAND3"	"intronic"	"DBS1"	4.11431382164758e-05	5
"chr6"	" 37846873"	"GG"	"TT"	"CC>AA"	"ZFAND3"	"intronic"	"DBS4"	2.07537709528452e-17	5
"chr6"	" 37846873"	"GG"	"TT"	"CC>AA"	"ZFAND3"	"intronic"	"DBS9"	1.75677069737667e-17	5
"chr6"	" 37846873"	"GG"	"TT"	"CC>AA"	"ZFAND3"	"intronic"	"DBS2"	0.999958856861783	5
"chr6"	" 37846873"	"GG"	"TT"	"CC>AA"	"ZFAND3"	"intronic"	"DBS6"	4.02381102814141e-18	5
"chr6"	" 62620137"	"CC"	"AA"	"CC>AA"	"LGSN"	"intergenic"	"DBS1"	4.11431382164758e-05	5
"chr6"	" 62620137"	"CC"	"AA"	"CC>AA"	"LGSN"	"intergenic"	"DBS4"	2.07537709528452e-17	5
"chr6"	" 62620137"	"CC"	"AA"	"CC>AA"	"LGSN"	"intergenic"	"DBS9"	1.75677069737667e-17	5
"chr6"	" 62620137"	"CC"	"AA"	"CC>AA"	"LGSN"	"intergenic"	"DBS2"	0.999958856861783	5
"chr6"	" 62620137"	"CC"	"AA"	"CC>AA"	"LGSN"	"intergenic"	"DBS6"	4.02381102814141e-18	5
"chr6"	" 84065909"	"TG"	"AT"	"TG>AT"	"MRAP2"	"intronic"	"DBS1"	0.0755151536479919	5
"chr6"	" 84065909"	"TG"	"AT"	"TG>AT"	"MRAP2"	"intronic"	"DBS4"	1.6754155338771e-16	5
"chr6"	" 84065909"	"TG"	"AT"	"TG>AT"	"MRAP2"	"intronic"	"DBS9"	0.0117293214123603	5
"chr6"	" 84065909"	"TG"	"AT"	"TG>AT"	"MRAP2"	"intronic"	"DBS2"	0.0478328629719489	5
"chr6"	" 84065909"	"TG"	"AT"	"TG>AT"	"MRAP2"	"intronic"	"DBS6"	0.864922661967699	5
"chr6"	"101722090"	"AC"	"TT"	"AC>TT"	"GRIK2"	"intronic"	"DBS1"	0.526436740411476	5
"chr6"	"101722090"	"AC"	"TT"	"AC>TT"	"GRIK2"	"intronic"	"DBS4"	0.00244305713293987	5
"chr6"	"101722090"	"AC"	"TT"	"AC>TT"	"GRIK2"	"intronic"	"DBS9"	0.442588657191917	5
"chr6"	"101722090"	"AC"	"TT"	"AC>TT"	"GRIK2"	"intronic"	"DBS2"	0.0206412115392987	5
"chr6"	"101722090"	"AC"	"TT"	"AC>TT"	"GRIK2"	"intronic"	"DBS6"	0.00789033372436847	5
"chr6"	"108529588"	"TA"	"CC"	"TA>GG"	"FOXO3"	"intergenic"	"DBS1"	0.0203641369600704	5
"chr6"	"108529588"	"TA"	"CC"	"TA>GG"	"FOXO3"	"intergenic"	"DBS4"	0.49121439876617	5
"chr6"	"108529588"	"TA"	"CC"	"TA>GG"	"FOXO3"	"intergenic"	"DBS9"	0.472401248922654	5
"chr6"	"108529588"	"TA"	"CC"	"TA>GG"	"FOXO3"	"intergenic"	"DBS2"	0.00813279271270458	5
"chr6"	"108529588"	"TA"	"CC"	"TA>GG"	"FOXO3"	"intergenic"	"DBS6"	0.00788742263840093	5
"chr6"	"141313086"	"CT"	"TA"	"CT>TA"	"NMBR"	"intergenic"	"DBS1"	0.865491640800891	5
"chr6"	"141313086"	"CT"	"TA"	"CT>TA"	"NMBR"	"intergenic"	"DBS4"	5.92539509644071e-16	5
"chr6"	"141313086"	"CT"	"TA"	"CT>TA"	"NMBR"	"intergenic"	"DBS9"	5.01574412643279e-16	5
"chr6"	"141313086"	"CT"	"TA"	"CT>TA"	"NMBR"	"intergenic"	"DBS2"	0.133284780117645	5
"chr6"	"141313086"	"CT"	"TA"	"CT>TA"	"NMBR"	"intergenic"	"DBS6"	0.00122357908146262	5
"chr6"	"144547415"	"GA"	"TG"	"TC>CA"	"UTRN"	"intronic"	"DBS1"	4.86625385700753e-05	5
"chr6"	"144547415"	"GA"	"TG"	"TC>CA"	"UTRN"	"intronic"	"DBS4"	0.711459666720594	5
"chr6"	"144547415"	"GA"	"TG"	"TC>CA"	"UTRN"	"intronic"	"DBS9"	0.269593430804442	5
"chr6"	"144547415"	"GA"	"TG"	"TC>CA"	"UTRN"	"intronic"	"DBS2"	0.00267183036988232	5
"chr6"	"144547415"	"GA"	"TG"	"TC>CA"	"UTRN"	"intronic"	"DBS6"	0.0162264095665117	5
"chr6"	"162248234"	"TA"	"AT"	"TA>AT"	"PRKN"	"intronic"	"DBS1"	0.0150509852688837	5
"chr6"	"162248234"	"TA"	"AT"	"TA>AT"	"PRKN"	"intronic"	"DBS4"	0.692077238507635	5
"chr6"	"162248234"	"TA"	"AT"	"TA>AT"	"PRKN"	"intronic"	"DBS9"	0.231804702835986	5
"chr6"	"162248234"	"TA"	"AT"	"TA>AT"	"PRKN"	"intronic"	"DBS2"	0.0291647502793962	5
"chr6"	"162248234"	"TA"	"AT"	"TA>AT"	"PRKN"	"intronic"	"DBS6"	0.0319023231080992	5
"chr7"	"  2466393"	"GC"	"TT"	"GC>AA"	"CHST12"	"intergenic"	"DBS1"	0.00622218528047929	5
"chr7"	"  2466393"	"GC"	"TT"	"GC>AA"	"CHST12"	"intergenic"	"DBS4"	0.986659100144641	5
"chr7"	"  2466393"	"GC"	"TT"	"GC>AA"	"CHST12"	"intergenic"	"DBS9"	1.78241727080135e-17	5
"chr7"	"  2466393"	"GC"	"TT"	"GC>AA"	"CHST12"	"intergenic"	"DBS2"	0.0071187145748796	5
"chr7"	"  2466393"	"GC"	"TT"	"GC>AA"	"CHST12"	"intergenic"	"DBS6"	4.08255344975303e-18	5
"chr7"	"  5232966"	"CC"	"TA"	"CC>TA"	"WIPI2"	"UTR3"	"DBS1"	0.617384153939587	5
"chr7"	"  5232966"	"CC"	"TA"	"CC>TA"	"WIPI2"	"UTR3"	"DBS4"	0.00770865289141226	5
"chr7"	"  5232966"	"CC"	"TA"	"CC>TA"	"WIPI2"	"UTR3"	"DBS9"	0.0204642516715419	5
"chr7"	"  5232966"	"CC"	"TA"	"CC>TA"	"WIPI2"	"UTR3"	"DBS2"	0.337982440537325	5
"chr7"	"  5232966"	"CC"	"TA"	"CC>TA"	"WIPI2"	"UTR3"	"DBS6"	0.0164605009601336	5
"chr7"	" 30204595"	"GC"	"AG"	"GC>AG"	"LOC105375218"	"intergenic"	"DBS1"	0.00149582313224679	5
"chr7"	" 30204595"	"GC"	"AG"	"GC>AG"	"LOC105375218"	"intergenic"	"DBS4"	0.120665284404558	5
"chr7"	" 30204595"	"GC"	"AG"	"GC>AG"	"LOC105375218"	"intergenic"	"DBS9"	0.869831526817129	5
"chr7"	" 30204595"	"GC"	"AG"	"GC>AG"	"LOC105375218"	"intergenic"	"DBS2"	0.00161670895608954	5
"chr7"	" 30204595"	"GC"	"AG"	"GC>AG"	"LOC105375218"	"intergenic"	"DBS6"	0.00639065668997698	5
"chr7"	" 67329382"	"GG"	"AA"	"CC>TT"	"STAG3L4"	"intergenic"	"DBS1"	1	5
"chr7"	" 67329382"	"GG"	"AA"	"CC>TT"	"STAG3L4"	"intergenic"	"DBS4"	6.23186708637187e-18	5
"chr7"	" 67329382"	"GG"	"AA"	"CC>TT"	"STAG3L4"	"intergenic"	"DBS9"	5.27516734773608e-18	5
"chr7"	" 67329382"	"GG"	"AA"	"CC>TT"	"STAG3L4"	"intergenic"	"DBS2"	1.72942121776307e-18	5
"chr7"	" 67329382"	"GG"	"AA"	"CC>TT"	"STAG3L4"	"intergenic"	"DBS6"	1.20825538476981e-18	5
"chr7"	" 81792789"	"GG"	"AA"	"CC>TT"	"CACNA2D1"	"intergenic"	"DBS1"	1	5
"chr7"	" 81792789"	"GG"	"AA"	"CC>TT"	"CACNA2D1"	"intergenic"	"DBS4"	6.23186708637187e-18	5
"chr7"	" 81792789"	"GG"	"AA"	"CC>TT"	"CACNA2D1"	"intergenic"	"DBS9"	5.27516734773608e-18	5
"chr7"	" 81792789"	"GG"	"AA"	"CC>TT"	"CACNA2D1"	"intergenic"	"DBS2"	1.72942121776307e-18	5
"chr7"	" 81792789"	"GG"	"AA"	"CC>TT"	"CACNA2D1"	"intergenic"	"DBS6"	1.20825538476981e-18	5
"chr7"	" 82035689"	"TA"	"GT"	"TA>GT"	"CACNA2D1"	"intronic"	"DBS1"	0.0984513320806803	5
"chr7"	" 82035689"	"TA"	"GT"	"TA>GT"	"CACNA2D1"	"intronic"	"DBS4"	0.527067488416998	5
"chr7"	" 82035689"	"TA"	"GT"	"TA>GT"	"CACNA2D1"	"intronic"	"DBS9"	0.334210696294628	5
"chr7"	" 82035689"	"TA"	"GT"	"TA>GT"	"CACNA2D1"	"intronic"	"DBS2"	0.0396021828271109	5
"chr7"	" 82035689"	"TA"	"GT"	"TA>GT"	"CACNA2D1"	"intronic"	"DBS6"	0.00066830038058277	5
"chr7"	" 95070353"	"CA"	"AC"	"TG>GT"	"PPP1R9A"	"intronic"	"DBS1"	0.204294562536572	5
"chr7"	" 95070353"	"CA"	"AC"	"TG>GT"	"PPP1R9A"	"intronic"	"DBS4"	0.0026528528381464	5
"chr7"	" 95070353"	"CA"	"AC"	"TG>GT"	"PPP1R9A"	"intronic"	"DBS9"	0.180204928897488	5
"chr7"	" 95070353"	"CA"	"AC"	"TG>GT"	"PPP1R9A"	"intronic"	"DBS2"	0.244869783073855	5
"chr7"	" 95070353"	"CA"	"AC"	"TG>GT"	"PPP1R9A"	"intronic"	"DBS6"	0.367977872653938	5
"chr7"	"105645762"	"GA"	"TT"	"TC>AA"	"ATXN7L1"	"intronic"	"DBS1"	3.66266326232466e-05	5
"chr7"	"105645762"	"GA"	"TT"	"TC>AA"	"ATXN7L1"	"intronic"	"DBS4"	0.972785602579575	5
"chr7"	"105645762"	"GA"	"TT"	"TC>AA"	"ATXN7L1"	"intronic"	"DBS9"	0.00622176856711543	5
"chr7"	"105645762"	"GA"	"TT"	"TC>AA"	"ATXN7L1"	"intronic"	"DBS2"	0.00173376612162709	5
"chr7"	"105645762"	"GA"	"TT"	"TC>AA"	"ATXN7L1"	"intronic"	"DBS6"	0.0192222360990592	5
"chr7"	"115383625"	"AA"	"CT"	"TT>AG"	"SNORA25B"	"intergenic"	"DBS1"	0.342641382517042	5
"chr7"	"115383625"	"AA"	"CT"	"TT>AG"	"SNORA25B"	"intergenic"	"DBS4"	4.38297508480734e-15	5
"chr7"	"115383625"	"AA"	"CT"	"TT>AG"	"SNORA25B"	"intergenic"	"DBS9"	0.377592365760255	5
"chr7"	"115383625"	"AA"	"CT"	"TT>AG"	"SNORA25B"	"intergenic"	"DBS2"	0.062712484636091	5
"chr7"	"115383625"	"AA"	"CT"	"TT>AG"	"SNORA25B"	"intergenic"	"DBS6"	0.217053767086608	5
"chr7"	"131181875"	"GT"	"TG"	"AC>CA"	"MKLN1"	"intronic"	"DBS1"	0.0031021304946313	5
"chr7"	"131181875"	"GT"	"TG"	"AC>CA"	"MKLN1"	"intronic"	"DBS4"	0.197383772546517	5
"chr7"	"131181875"	"GT"	"TG"	"AC>CA"	"MKLN1"	"intronic"	"DBS9"	0.770470071131737	5
"chr7"	"131181875"	"GT"	"TG"	"AC>CA"	"MKLN1"	"intronic"	"DBS2"	0.00830667640087434	5
"chr7"	"131181875"	"GT"	"TG"	"AC>CA"	"MKLN1"	"intronic"	"DBS6"	0.0207373494262408	5
"chr7"	"145652597"	"CA"	"GC"	"TG>GC"	"CNTNAP2"	"intergenic"	"DBS1"	0.0268703640467318	5
"chr7"	"145652597"	"CA"	"GC"	"TG>GC"	"CNTNAP2"	"intergenic"	"DBS4"	0.139449242023	5
"chr7"	"145652597"	"CA"	"GC"	"TG>GC"	"CNTNAP2"	"intergenic"	"DBS9"	0.59301480883145	5
"chr7"	"145652597"	"CA"	"GC"	"TG>GC"	"CNTNAP2"	"intergenic"	"DBS2"	0.0292545019828926	5
"chr7"	"145652597"	"CA"	"GC"	"TG>GC"	"CNTNAP2"	"intergenic"	"DBS6"	0.211411083115925	5
"chr7"	"147231266"	"CC"	"TT"	"CC>TT"	"CNTNAP2"	"intronic"	"DBS1"	1	5
"chr7"	"147231266"	"CC"	"TT"	"CC>TT"	"CNTNAP2"	"intronic"	"DBS4"	6.23186708637187e-18	5
"chr7"	"147231266"	"CC"	"TT"	"CC>TT"	"CNTNAP2"	"intronic"	"DBS9"	5.27516734773608e-18	5
"chr7"	"147231266"	"CC"	"TT"	"CC>TT"	"CNTNAP2"	"intronic"	"DBS2"	1.72942121776307e-18	5
"chr7"	"147231266"	"CC"	"TT"	"CC>TT"	"CNTNAP2"	"intronic"	"DBS6"	1.20825538476981e-18	5
"chr7"	"152746990"	"TC"	"AA"	"TC>AA"	"XRCC2"	"intergenic"	"DBS1"	3.66266326232466e-05	5
"chr7"	"152746990"	"TC"	"AA"	"TC>AA"	"XRCC2"	"intergenic"	"DBS4"	0.972785602579575	5
"chr7"	"152746990"	"TC"	"AA"	"TC>AA"	"XRCC2"	"intergenic"	"DBS9"	0.00622176856711543	5
"chr7"	"152746990"	"TC"	"AA"	"TC>AA"	"XRCC2"	"intergenic"	"DBS2"	0.00173376612162709	5
"chr7"	"152746990"	"TC"	"AA"	"TC>AA"	"XRCC2"	"intergenic"	"DBS6"	0.0192222360990592	5
"chr7"	"152815883"	"GA"	"TT"	"TC>AA"	"ACTR3B"	"intronic"	"DBS1"	3.66266326232466e-05	5
"chr7"	"152815883"	"GA"	"TT"	"TC>AA"	"ACTR3B"	"intronic"	"DBS4"	0.972785602579575	5
"chr7"	"152815883"	"GA"	"TT"	"TC>AA"	"ACTR3B"	"intronic"	"DBS9"	0.00622176856711543	5
"chr7"	"152815883"	"GA"	"TT"	"TC>AA"	"ACTR3B"	"intronic"	"DBS2"	0.00173376612162709	5
"chr7"	"152815883"	"GA"	"TT"	"TC>AA"	"ACTR3B"	"intronic"	"DBS6"	0.0192222360990592	5
"chr8"	"  5438132"	"AG"	"GC"	"CT>GC"	"LOC100287015"	"intergenic"	"DBS1"	0.117814547367125	5
"chr8"	"  5438132"	"AG"	"GC"	"CT>GC"	"LOC100287015"	"intergenic"	"DBS4"	0.0257835673928591	5
"chr8"	"  5438132"	"AG"	"GC"	"CT>GC"	"LOC100287015"	"intergenic"	"DBS9"	0.729584769434352	5
"chr8"	"  5438132"	"AG"	"GC"	"CT>GC"	"LOC100287015"	"intergenic"	"DBS2"	0.0222923160900521	5
"chr8"	"  5438132"	"AG"	"GC"	"CT>GC"	"LOC100287015"	"intergenic"	"DBS6"	0.104524799715612	5
"chr8"	" 17056953"	"TG"	"AT"	"TG>AT"	"MICU3"	"intronic"	"DBS1"	0.0755151536479919	5
"chr8"	" 17056953"	"TG"	"AT"	"TG>AT"	"MICU3"	"intronic"	"DBS4"	1.6754155338771e-16	5
"chr8"	" 17056953"	"TG"	"AT"	"TG>AT"	"MICU3"	"intronic"	"DBS9"	0.0117293214123603	5
"chr8"	" 17056953"	"TG"	"AT"	"TG>AT"	"MICU3"	"intronic"	"DBS2"	0.0478328629719489	5
"chr8"	" 17056953"	"TG"	"AT"	"TG>AT"	"MICU3"	"intronic"	"DBS6"	0.864922661967699	5
"chr8"	" 19858448"	"GG"	"AA"	"CC>TT"	"LPL"	"intergenic"	"DBS1"	1	5
"chr8"	" 19858448"	"GG"	"AA"	"CC>TT"	"LPL"	"intergenic"	"DBS4"	6.23186708637187e-18	5
"chr8"	" 19858448"	"GG"	"AA"	"CC>TT"	"LPL"	"intergenic"	"DBS9"	5.27516734773608e-18	5
"chr8"	" 19858448"	"GG"	"AA"	"CC>TT"	"LPL"	"intergenic"	"DBS2"	1.72942121776307e-18	5
"chr8"	" 19858448"	"GG"	"AA"	"CC>TT"	"LPL"	"intergenic"	"DBS6"	1.20825538476981e-18	5
"chr8"	" 49150688"	"CC"	"AA"	"CC>AA"	"LOC100507464"	"intergenic"	"DBS1"	4.11431382164758e-05	5
"chr8"	" 49150688"	"CC"	"AA"	"CC>AA"	"LOC100507464"	"intergenic"	"DBS4"	2.07537709528452e-17	5
"chr8"	" 49150688"	"CC"	"AA"	"CC>AA"	"LOC100507464"	"intergenic"	"DBS9"	1.75677069737667e-17	5
"chr8"	" 49150688"	"CC"	"AA"	"CC>AA"	"LOC100507464"	"intergenic"	"DBS2"	0.999958856861783	5
"chr8"	" 49150688"	"CC"	"AA"	"CC>AA"	"LOC100507464"	"intergenic"	"DBS6"	4.02381102814141e-18	5
"chr8"	" 77787805"	"GC"	"TT"	"GC>AA"	"PKIA"	"intergenic"	"DBS1"	0.00622218528047929	5
"chr8"	" 77787805"	"GC"	"TT"	"GC>AA"	"PKIA"	"intergenic"	"DBS4"	0.986659100144641	5
"chr8"	" 77787805"	"GC"	"TT"	"GC>AA"	"PKIA"	"intergenic"	"DBS9"	1.78241727080135e-17	5
"chr8"	" 77787805"	"GC"	"TT"	"GC>AA"	"PKIA"	"intergenic"	"DBS2"	0.0071187145748796	5
"chr8"	" 77787805"	"GC"	"TT"	"GC>AA"	"PKIA"	"intergenic"	"DBS6"	4.08255344975303e-18	5
"chr8"	"104764276"	"AG"	"CT"	"CT>AG"	"ZFPM2"	"intergenic"	"DBS1"	4.98966636541478e-16	5
"chr8"	"104764276"	"AG"	"CT"	"CT>AG"	"ZFPM2"	"intergenic"	"DBS4"	0.0485445749052138	5
"chr8"	"104764276"	"AG"	"CT"	"CT>AG"	"ZFPM2"	"intergenic"	"DBS9"	0.0511289205668126	5
"chr8"	"104764276"	"AG"	"CT"	"CT>AG"	"ZFPM2"	"intergenic"	"DBS2"	0.0365693098685932	5
"chr8"	"104764276"	"AG"	"CT"	"CT>AG"	"ZFPM2"	"intergenic"	"DBS6"	0.86375719465938	5
"chr8"	"111095853"	"AT"	"TA"	"AT>TA"	"LINC01608"	"intergenic"	"DBS1"	0.215580635199752	5
"chr8"	"111095853"	"AT"	"TA"	"AT>TA"	"LINC01608"	"intergenic"	"DBS4"	0.318786206528479	5
"chr8"	"111095853"	"AT"	"TA"	"AT>TA"	"LINC01608"	"intergenic"	"DBS9"	0.425303257480139	5
"chr8"	"111095853"	"AT"	"TA"	"AT>TA"	"LINC01608"	"intergenic"	"DBS2"	0.0150145176083396	5
"chr8"	"111095853"	"AT"	"TA"	"AT>TA"	"LINC01608"	"intergenic"	"DBS6"	0.0253153831832899	5
"chr9"	"  9984858"	"TC"	"AT"	"TC>AT"	"PTPRD"	"intronic"	"DBS1"	0.0703850929774474	5
"chr9"	"  9984858"	"TC"	"AT"	"TC>AT"	"PTPRD"	"intronic"	"DBS4"	0.183801481354828	5
"chr9"	"  9984858"	"TC"	"AT"	"TC>AT"	"PTPRD"	"intronic"	"DBS9"	0.743690670233676	5
"chr9"	"  9984858"	"TC"	"AT"	"TC>AT"	"PTPRD"	"intronic"	"DBS2"	4.24554699242625e-17	5
"chr9"	"  9984858"	"TC"	"AT"	"TC>AT"	"PTPRD"	"intronic"	"DBS6"	0.00212275543404906	5
"chr9"	" 29941545"	"CC"	"TT"	"CC>TT"	"LINGO2"	"intergenic"	"DBS1"	1	5
"chr9"	" 29941545"	"CC"	"TT"	"CC>TT"	"LINGO2"	"intergenic"	"DBS4"	6.23186708637187e-18	5
"chr9"	" 29941545"	"CC"	"TT"	"CC>TT"	"LINGO2"	"intergenic"	"DBS9"	5.27516734773608e-18	5
"chr9"	" 29941545"	"CC"	"TT"	"CC>TT"	"LINGO2"	"intergenic"	"DBS2"	1.72942121776307e-18	5
"chr9"	" 29941545"	"CC"	"TT"	"CC>TT"	"LINGO2"	"intergenic"	"DBS6"	1.20825538476981e-18	5
"chr9"	" 38701466"	"TA"	"GG"	"TA>GG"	"CNTNAP3"	"intergenic"	"DBS1"	0.0203641369600704	5
"chr9"	" 38701466"	"TA"	"GG"	"TA>GG"	"CNTNAP3"	"intergenic"	"DBS4"	0.49121439876617	5
"chr9"	" 38701466"	"TA"	"GG"	"TA>GG"	"CNTNAP3"	"intergenic"	"DBS9"	0.472401248922654	5
"chr9"	" 38701466"	"TA"	"GG"	"TA>GG"	"CNTNAP3"	"intergenic"	"DBS2"	0.00813279271270458	5
"chr9"	" 38701466"	"TA"	"GG"	"TA>GG"	"CNTNAP3"	"intergenic"	"DBS6"	0.00788742263840093	5
"chr9"	"114556500"	"CC"	"AG"	"CC>AG"	"WHRN"	"intergenic"	"DBS1"	0.000241484907232477	5
"chr9"	"114556500"	"CC"	"AG"	"CC>AG"	"WHRN"	"intergenic"	"DBS4"	0.0814314448647088	5
"chr9"	"114556500"	"CC"	"AG"	"CC>AG"	"WHRN"	"intergenic"	"DBS9"	0.260079307398951	5
"chr9"	"114556500"	"CC"	"AG"	"CC>AG"	"WHRN"	"intergenic"	"DBS2"	0.507193311374198	5
"chr9"	"114556500"	"CC"	"AG"	"CC>AG"	"WHRN"	"intergenic"	"DBS6"	0.15105445145491	5
"chr9"	"136267620"	"CC"	"TT"	"CC>TT"	"QSOX2"	"intergenic"	"DBS1"	1	5
"chr9"	"136267620"	"CC"	"TT"	"CC>TT"	"QSOX2"	"intergenic"	"DBS4"	6.23186708637187e-18	5
"chr9"	"136267620"	"CC"	"TT"	"CC>TT"	"QSOX2"	"intergenic"	"DBS9"	5.27516734773608e-18	5
"chr9"	"136267620"	"CC"	"TT"	"CC>TT"	"QSOX2"	"intergenic"	"DBS2"	1.72942121776307e-18	5
"chr9"	"136267620"	"CC"	"TT"	"CC>TT"	"QSOX2"	"intergenic"	"DBS6"	1.20825538476981e-18	5
"chr10"	"  3043635"	"GG"	"CT"	"CC>AG"	"LINC02645"	"intergenic"	"DBS1"	0.000241484907232477	5
"chr10"	"  3043635"	"GG"	"CT"	"CC>AG"	"LINC02645"	"intergenic"	"DBS4"	0.0814314448647088	5
"chr10"	"  3043635"	"GG"	"CT"	"CC>AG"	"LINC02645"	"intergenic"	"DBS9"	0.260079307398951	5
"chr10"	"  3043635"	"GG"	"CT"	"CC>AG"	"LINC02645"	"intergenic"	"DBS2"	0.507193311374198	5
"chr10"	"  3043635"	"GG"	"CT"	"CC>AG"	"LINC02645"	"intergenic"	"DBS6"	0.15105445145491	5
"chr10"	"  3197350"	"GG"	"AA"	"CC>TT"	"LOC105376360"	"intergenic"	"DBS1"	1	5
"chr10"	"  3197350"	"GG"	"AA"	"CC>TT"	"LOC105376360"	"intergenic"	"DBS4"	6.23186708637187e-18	5
"chr10"	"  3197350"	"GG"	"AA"	"CC>TT"	"LOC105376360"	"intergenic"	"DBS9"	5.27516734773608e-18	5
"chr10"	"  3197350"	"GG"	"AA"	"CC>TT"	"LOC105376360"	"intergenic"	"DBS2"	1.72942121776307e-18	5
"chr10"	"  3197350"	"GG"	"AA"	"CC>TT"	"LOC105376360"	"intergenic"	"DBS6"	1.20825538476981e-18	5
"chr10"	"  8806585"	"CA"	"AC"	"TG>GT"	"LOC105376398"	"intergenic"	"DBS1"	0.204294562536572	5
"chr10"	"  8806585"	"CA"	"AC"	"TG>GT"	"LOC105376398"	"intergenic"	"DBS4"	0.0026528528381464	5
"chr10"	"  8806585"	"CA"	"AC"	"TG>GT"	"LOC105376398"	"intergenic"	"DBS9"	0.180204928897488	5
"chr10"	"  8806585"	"CA"	"AC"	"TG>GT"	"LOC105376398"	"intergenic"	"DBS2"	0.244869783073855	5
"chr10"	"  8806585"	"CA"	"AC"	"TG>GT"	"LOC105376398"	"intergenic"	"DBS6"	0.367977872653938	5
"chr10"	" 21430465"	"GA"	"TT"	"TC>AA"	"MIR1915HG"	"intergenic"	"DBS1"	3.66266326232466e-05	5
"chr10"	" 21430465"	"GA"	"TT"	"TC>AA"	"MIR1915HG"	"intergenic"	"DBS4"	0.972785602579575	5
"chr10"	" 21430465"	"GA"	"TT"	"TC>AA"	"MIR1915HG"	"intergenic"	"DBS9"	0.00622176856711543	5
"chr10"	" 21430465"	"GA"	"TT"	"TC>AA"	"MIR1915HG"	"intergenic"	"DBS2"	0.00173376612162709	5
"chr10"	" 21430465"	"GA"	"TT"	"TC>AA"	"MIR1915HG"	"intergenic"	"DBS6"	0.0192222360990592	5
"chr10"	" 31055766"	"CC"	"TT"	"CC>TT"	"LINC02664"	"intergenic"	"DBS1"	1	5
"chr10"	" 31055766"	"CC"	"TT"	"CC>TT"	"LINC02664"	"intergenic"	"DBS4"	6.23186708637187e-18	5
"chr10"	" 31055766"	"CC"	"TT"	"CC>TT"	"LINC02664"	"intergenic"	"DBS9"	5.27516734773608e-18	5
"chr10"	" 31055766"	"CC"	"TT"	"CC>TT"	"LINC02664"	"intergenic"	"DBS2"	1.72942121776307e-18	5
"chr10"	" 31055766"	"CC"	"TT"	"CC>TT"	"LINC02664"	"intergenic"	"DBS6"	1.20825538476981e-18	5
"chr10"	" 79899285"	"TC"	"AT"	"TC>AT"	"NUTM2E"	"intergenic"	"DBS1"	0.0703850929774474	5
"chr10"	" 79899285"	"TC"	"AT"	"TC>AT"	"NUTM2E"	"intergenic"	"DBS4"	0.183801481354828	5
"chr10"	" 79899285"	"TC"	"AT"	"TC>AT"	"NUTM2E"	"intergenic"	"DBS9"	0.743690670233676	5
"chr10"	" 79899285"	"TC"	"AT"	"TC>AT"	"NUTM2E"	"intergenic"	"DBS2"	4.24554699242625e-17	5
"chr10"	" 79899285"	"TC"	"AT"	"TC>AT"	"NUTM2E"	"intergenic"	"DBS6"	0.00212275543404906	5
"chr10"	" 80361639"	"TC"	"CT"	"TC>CT"	"DYDC2"	"intronic"	"DBS1"	0.0632007898674687	5
"chr10"	" 80361639"	"TC"	"CT"	"TC>CT"	"DYDC2"	"intronic"	"DBS4"	0.000210381075902663	5
"chr10"	" 80361639"	"TC"	"CT"	"TC>CT"	"DYDC2"	"intronic"	"DBS9"	0.857924392731805	5
"chr10"	" 80361639"	"TC"	"CT"	"TC>CT"	"DYDC2"	"intronic"	"DBS2"	0.03965205755467	5
"chr10"	" 80361639"	"TC"	"CT"	"TC>CT"	"DYDC2"	"intronic"	"DBS6"	0.0390123787701538	5
"chr10"	"107708277"	"GC"	"CT"	"GC>AG"	"SORCS1"	"intergenic"	"DBS1"	0.00149582313224679	5
"chr10"	"107708277"	"GC"	"CT"	"GC>AG"	"SORCS1"	"intergenic"	"DBS4"	0.120665284404558	5
"chr10"	"107708277"	"GC"	"CT"	"GC>AG"	"SORCS1"	"intergenic"	"DBS9"	0.869831526817129	5
"chr10"	"107708277"	"GC"	"CT"	"GC>AG"	"SORCS1"	"intergenic"	"DBS2"	0.00161670895608954	5
"chr10"	"107708277"	"GC"	"CT"	"GC>AG"	"SORCS1"	"intergenic"	"DBS6"	0.00639065668997698	5
"chr10"	"109559041"	"GC"	"TT"	"GC>AA"	"LINC01435"	"intergenic"	"DBS1"	0.00622218528047929	5
"chr10"	"109559041"	"GC"	"TT"	"GC>AA"	"LINC01435"	"intergenic"	"DBS4"	0.986659100144641	5
"chr10"	"109559041"	"GC"	"TT"	"GC>AA"	"LINC01435"	"intergenic"	"DBS9"	1.78241727080135e-17	5
"chr10"	"109559041"	"GC"	"TT"	"GC>AA"	"LINC01435"	"intergenic"	"DBS2"	0.0071187145748796	5
"chr10"	"109559041"	"GC"	"TT"	"GC>AA"	"LINC01435"	"intergenic"	"DBS6"	4.08255344975303e-18	5
"chr11"	" 11110749"	"GG"	"TT"	"CC>AA"	"ZBED5-AS1"	"intergenic"	"DBS1"	4.11431382164758e-05	5
"chr11"	" 11110749"	"GG"	"TT"	"CC>AA"	"ZBED5-AS1"	"intergenic"	"DBS4"	2.07537709528452e-17	5
"chr11"	" 11110749"	"GG"	"TT"	"CC>AA"	"ZBED5-AS1"	"intergenic"	"DBS9"	1.75677069737667e-17	5
"chr11"	" 11110749"	"GG"	"TT"	"CC>AA"	"ZBED5-AS1"	"intergenic"	"DBS2"	0.999958856861783	5
"chr11"	" 11110749"	"GG"	"TT"	"CC>AA"	"ZBED5-AS1"	"intergenic"	"DBS6"	4.02381102814141e-18	5
"chr11"	" 23014613"	"GA"	"TT"	"TC>AA"	"MIR8054"	"intergenic"	"DBS1"	3.66266326232466e-05	5
"chr11"	" 23014613"	"GA"	"TT"	"TC>AA"	"MIR8054"	"intergenic"	"DBS4"	0.972785602579575	5
"chr11"	" 23014613"	"GA"	"TT"	"TC>AA"	"MIR8054"	"intergenic"	"DBS9"	0.00622176856711543	5
"chr11"	" 23014613"	"GA"	"TT"	"TC>AA"	"MIR8054"	"intergenic"	"DBS2"	0.00173376612162709	5
"chr11"	" 23014613"	"GA"	"TT"	"TC>AA"	"MIR8054"	"intergenic"	"DBS6"	0.0192222360990592	5
"chr11"	" 23450884"	"CC"	"AA"	"CC>AA"	"LUZP2"	"intergenic"	"DBS1"	4.11431382164758e-05	5
"chr11"	" 23450884"	"CC"	"AA"	"CC>AA"	"LUZP2"	"intergenic"	"DBS4"	2.07537709528452e-17	5
"chr11"	" 23450884"	"CC"	"AA"	"CC>AA"	"LUZP2"	"intergenic"	"DBS9"	1.75677069737667e-17	5
"chr11"	" 23450884"	"CC"	"AA"	"CC>AA"	"LUZP2"	"intergenic"	"DBS2"	0.999958856861783	5
"chr11"	" 23450884"	"CC"	"AA"	"CC>AA"	"LUZP2"	"intergenic"	"DBS6"	4.02381102814141e-18	5
"chr11"	" 59406731"	"CT"	"GA"	"CT>GA"	"OR5AN1"	"intergenic"	"DBS1"	0.0302213507017877	5
"chr11"	" 59406731"	"CT"	"GA"	"CT>GA"	"OR5AN1"	"intergenic"	"DBS4"	0.174169261516128	5
"chr11"	" 59406731"	"CT"	"GA"	"CT>GA"	"OR5AN1"	"intergenic"	"DBS9"	0.482818995558483	5
"chr11"	" 59406731"	"CT"	"GA"	"CT>GA"	"OR5AN1"	"intergenic"	"DBS2"	0.00218212490947643	5
"chr11"	" 59406731"	"CT"	"GA"	"CT>GA"	"OR5AN1"	"intergenic"	"DBS6"	0.310608267314124	5
"chr11"	" 99945894"	"GT"	"AA"	"AC>TT"	"CNTN5"	"intronic"	"DBS1"	0.526436740411476	5
"chr11"	" 99945894"	"GT"	"AA"	"AC>TT"	"CNTN5"	"intronic"	"DBS4"	0.00244305713293987	5
"chr11"	" 99945894"	"GT"	"AA"	"AC>TT"	"CNTN5"	"intronic"	"DBS9"	0.442588657191917	5
"chr11"	" 99945894"	"GT"	"AA"	"AC>TT"	"CNTN5"	"intronic"	"DBS2"	0.0206412115392987	5
"chr11"	" 99945894"	"GT"	"AA"	"AC>TT"	"CNTN5"	"intronic"	"DBS6"	0.00789033372436847	5
"chr11"	"118433166"	"CA"	"TG"	"TG>CA"	"LOC100131626"	"intergenic"	"DBS1"	0.0202043124581518	5
"chr11"	"118433166"	"CA"	"TG"	"TG>CA"	"LOC100131626"	"intergenic"	"DBS4"	0.0444737091604276	5
"chr11"	"118433166"	"CA"	"TG"	"TG>CA"	"LOC100131626"	"intergenic"	"DBS9"	0.828498472150647	5
"chr11"	"118433166"	"CA"	"TG"	"TG>CA"	"LOC100131626"	"intergenic"	"DBS2"	0.00371068749629391	5
"chr11"	"118433166"	"CA"	"TG"	"TG>CA"	"LOC100131626"	"intergenic"	"DBS6"	0.10311281873448	5
"chr11"	"122903775"	"CG"	"TC"	"CG>TC"	"JHY"	"intronic"	"DBS1"	0.00643756582331514	5
"chr11"	"122903775"	"CG"	"TC"	"CG>TC"	"JHY"	"intronic"	"DBS4"	2.73184847790753e-15	5
"chr11"	"122903775"	"CG"	"TC"	"CG>TC"	"JHY"	"intronic"	"DBS9"	0.0340972827090377	5
"chr11"	"122903775"	"CG"	"TC"	"CG>TC"	"JHY"	"intronic"	"DBS2"	0.390878347204739	5
"chr11"	"122903775"	"CG"	"TC"	"CG>TC"	"JHY"	"intronic"	"DBS6"	0.568586804262905	5
"chr11"	"131221340"	"GG"	"AA"	"CC>TT"	"SNX19"	"intergenic"	"DBS1"	1	5
"chr11"	"131221340"	"GG"	"AA"	"CC>TT"	"SNX19"	"intergenic"	"DBS4"	6.23186708637187e-18	5
"chr11"	"131221340"	"GG"	"AA"	"CC>TT"	"SNX19"	"intergenic"	"DBS9"	5.27516734773608e-18	5
"chr11"	"131221340"	"GG"	"AA"	"CC>TT"	"SNX19"	"intergenic"	"DBS2"	1.72942121776307e-18	5
"chr11"	"131221340"	"GG"	"AA"	"CC>TT"	"SNX19"	"intergenic"	"DBS6"	1.20825538476981e-18	5
"chr11"	"133312187"	"TC"	"AA"	"TC>AA"	"OPCML"	"intronic"	"DBS1"	3.66266326232466e-05	5
"chr11"	"133312187"	"TC"	"AA"	"TC>AA"	"OPCML"	"intronic"	"DBS4"	0.972785602579575	5
"chr11"	"133312187"	"TC"	"AA"	"TC>AA"	"OPCML"	"intronic"	"DBS9"	0.00622176856711543	5
"chr11"	"133312187"	"TC"	"AA"	"TC>AA"	"OPCML"	"intronic"	"DBS2"	0.00173376612162709	5
"chr11"	"133312187"	"TC"	"AA"	"TC>AA"	"OPCML"	"intronic"	"DBS6"	0.0192222360990592	5
"chr11"	"133414895"	"CC"	"AA"	"CC>AA"	"OPCML"	"intronic"	"DBS1"	4.11431382164758e-05	5
"chr11"	"133414895"	"CC"	"AA"	"CC>AA"	"OPCML"	"intronic"	"DBS4"	2.07537709528452e-17	5
"chr11"	"133414895"	"CC"	"AA"	"CC>AA"	"OPCML"	"intronic"	"DBS9"	1.75677069737667e-17	5
"chr11"	"133414895"	"CC"	"AA"	"CC>AA"	"OPCML"	"intronic"	"DBS2"	0.999958856861783	5
"chr11"	"133414895"	"CC"	"AA"	"CC>AA"	"OPCML"	"intronic"	"DBS6"	4.02381102814141e-18	5
"chr11"	"134319426"	"GC"	"AT"	"GC>AT"	"GLB1L3"	"UTR3"	"DBS1"	0.000686830599602024	5
"chr11"	"134319426"	"GC"	"AT"	"GC>AT"	"GLB1L3"	"UTR3"	"DBS4"	0.0995405590410016	5
"chr11"	"134319426"	"GC"	"AT"	"GC>AT"	"GLB1L3"	"UTR3"	"DBS9"	0.891678328037389	5
"chr11"	"134319426"	"GC"	"AT"	"GC>AT"	"GLB1L3"	"UTR3"	"DBS2"	0.00478261686267674	5
"chr11"	"134319426"	"GC"	"AT"	"GC>AT"	"GLB1L3"	"UTR3"	"DBS6"	0.00331166545933069	5
"chr12"	"  3526111"	"TC"	"GA"	"TC>GA"	"PRMT8"	"intronic"	"DBS1"	0.00169927316657111	5
"chr12"	"  3526111"	"TC"	"GA"	"TC>GA"	"PRMT8"	"intronic"	"DBS4"	0.735930809646727	5
"chr12"	"  3526111"	"TC"	"GA"	"TC>GA"	"PRMT8"	"intronic"	"DBS9"	0.229768911292817	5
"chr12"	"  3526111"	"TC"	"GA"	"TC>GA"	"PRMT8"	"intronic"	"DBS2"	0.00833534265633029	5
"chr12"	"  3526111"	"TC"	"GA"	"TC>GA"	"PRMT8"	"intronic"	"DBS6"	0.0242656632375544	5
"chr12"	"  5428515"	"CC"	"TT"	"CC>TT"	"LINC02443"	"intergenic"	"DBS1"	1	5
"chr12"	"  5428515"	"CC"	"TT"	"CC>TT"	"LINC02443"	"intergenic"	"DBS4"	6.23186708637187e-18	5
"chr12"	"  5428515"	"CC"	"TT"	"CC>TT"	"LINC02443"	"intergenic"	"DBS9"	5.27516734773608e-18	5
"chr12"	"  5428515"	"CC"	"TT"	"CC>TT"	"LINC02443"	"intergenic"	"DBS2"	1.72942121776307e-18	5
"chr12"	"  5428515"	"CC"	"TT"	"CC>TT"	"LINC02443"	"intergenic"	"DBS6"	1.20825538476981e-18	5
"chr12"	"  8960159"	"CC"	"TT"	"CC>TT"	"KLRG1"	"intronic"	"DBS1"	1	5
"chr12"	"  8960159"	"CC"	"TT"	"CC>TT"	"KLRG1"	"intronic"	"DBS4"	6.23186708637187e-18	5
"chr12"	"  8960159"	"CC"	"TT"	"CC>TT"	"KLRG1"	"intronic"	"DBS9"	5.27516734773608e-18	5
"chr12"	"  8960159"	"CC"	"TT"	"CC>TT"	"KLRG1"	"intronic"	"DBS2"	1.72942121776307e-18	5
"chr12"	"  8960159"	"CC"	"TT"	"CC>TT"	"KLRG1"	"intronic"	"DBS6"	1.20825538476981e-18	5
"chr12"	" 17407434"	"GC"	"AT"	"GC>AT"	"SKP1P2"	"intergenic"	"DBS1"	0.000686830599602024	5
"chr12"	" 17407434"	"GC"	"AT"	"GC>AT"	"SKP1P2"	"intergenic"	"DBS4"	0.0995405590410016	5
"chr12"	" 17407434"	"GC"	"AT"	"GC>AT"	"SKP1P2"	"intergenic"	"DBS9"	0.891678328037389	5
"chr12"	" 17407434"	"GC"	"AT"	"GC>AT"	"SKP1P2"	"intergenic"	"DBS2"	0.00478261686267674	5
"chr12"	" 17407434"	"GC"	"AT"	"GC>AT"	"SKP1P2"	"intergenic"	"DBS6"	0.00331166545933069	5
"chr12"	" 25884833"	"GG"	"AA"	"CC>TT"	"RASSF8-AS1"	"intergenic"	"DBS1"	1	5
"chr12"	" 25884833"	"GG"	"AA"	"CC>TT"	"RASSF8-AS1"	"intergenic"	"DBS4"	6.23186708637187e-18	5
"chr12"	" 25884833"	"GG"	"AA"	"CC>TT"	"RASSF8-AS1"	"intergenic"	"DBS9"	5.27516734773608e-18	5
"chr12"	" 25884833"	"GG"	"AA"	"CC>TT"	"RASSF8-AS1"	"intergenic"	"DBS2"	1.72942121776307e-18	5
"chr12"	" 25884833"	"GG"	"AA"	"CC>TT"	"RASSF8-AS1"	"intergenic"	"DBS6"	1.20825538476981e-18	5
"chr12"	" 25893646"	"CC"	"TT"	"CC>TT"	"RASSF8-AS1"	"intergenic"	"DBS1"	1	5
"chr12"	" 25893646"	"CC"	"TT"	"CC>TT"	"RASSF8-AS1"	"intergenic"	"DBS4"	6.23186708637187e-18	5
"chr12"	" 25893646"	"CC"	"TT"	"CC>TT"	"RASSF8-AS1"	"intergenic"	"DBS9"	5.27516734773608e-18	5
"chr12"	" 25893646"	"CC"	"TT"	"CC>TT"	"RASSF8-AS1"	"intergenic"	"DBS2"	1.72942121776307e-18	5
"chr12"	" 25893646"	"CC"	"TT"	"CC>TT"	"RASSF8-AS1"	"intergenic"	"DBS6"	1.20825538476981e-18	5
"chr12"	" 40105764"	"GC"	"TA"	"GC>TA"	"SLC2A13"	"exonic"	"DBS1"	3.95478620262014e-05	5
"chr12"	" 40105764"	"GC"	"TA"	"GC>TA"	"SLC2A13"	"exonic"	"DBS4"	0.646544165717301	5
"chr12"	" 40105764"	"GC"	"TA"	"GC>TA"	"SLC2A13"	"exonic"	"DBS9"	0.33594062694025	5
"chr12"	" 40105764"	"GC"	"TA"	"GC>TA"	"SLC2A13"	"exonic"	"DBS2"	0.0125241231932307	5
"chr12"	" 40105764"	"GC"	"TA"	"GC>TA"	"SLC2A13"	"exonic"	"DBS6"	0.00495153628719141	5
"chr12"	" 65169517"	"CG"	"AC"	"CG>GT"	"LEMD3"	"upstream"	"DBS1"	0.00186970826503091	5
"chr12"	" 65169517"	"CG"	"AC"	"CG>GT"	"LEMD3"	"upstream"	"DBS4"	5.88071857379575e-15	5
"chr12"	" 65169517"	"CG"	"AC"	"CG>GT"	"LEMD3"	"upstream"	"DBS9"	0.0548565262519815	5
"chr12"	" 65169517"	"CG"	"AC"	"CG>GT"	"LEMD3"	"upstream"	"DBS2"	0.500941384665557	5
"chr12"	" 65169517"	"CG"	"AC"	"CG>GT"	"LEMD3"	"upstream"	"DBS6"	0.442332380817425	5
"chr12"	" 74479376"	"TC"	"CA"	"TC>CA"	"LOC100507377"	"intergenic"	"DBS1"	4.86625385700753e-05	5
"chr12"	" 74479376"	"TC"	"CA"	"TC>CA"	"LOC100507377"	"intergenic"	"DBS4"	0.711459666720594	5
"chr12"	" 74479376"	"TC"	"CA"	"TC>CA"	"LOC100507377"	"intergenic"	"DBS9"	0.269593430804442	5
"chr12"	" 74479376"	"TC"	"CA"	"TC>CA"	"LOC100507377"	"intergenic"	"DBS2"	0.00267183036988232	5
"chr12"	" 74479376"	"TC"	"CA"	"TC>CA"	"LOC100507377"	"intergenic"	"DBS6"	0.0162264095665117	5
"chr12"	" 94114629"	"CC"	"AA"	"CC>AA"	"LOC105369911"	"intergenic"	"DBS1"	4.11431382164758e-05	5
"chr12"	" 94114629"	"CC"	"AA"	"CC>AA"	"LOC105369911"	"intergenic"	"DBS4"	2.07537709528452e-17	5
"chr12"	" 94114629"	"CC"	"AA"	"CC>AA"	"LOC105369911"	"intergenic"	"DBS9"	1.75677069737667e-17	5
"chr12"	" 94114629"	"CC"	"AA"	"CC>AA"	"LOC105369911"	"intergenic"	"DBS2"	0.999958856861783	5
"chr12"	" 94114629"	"CC"	"AA"	"CC>AA"	"LOC105369911"	"intergenic"	"DBS6"	4.02381102814141e-18	5
"chr13"	" 17603791"	"TT"	"AG"	"TT>AG"	"FAM230C"	"intergenic"	"DBS1"	0.342641382517042	5
"chr13"	" 17603791"	"TT"	"AG"	"TT>AG"	"FAM230C"	"intergenic"	"DBS4"	4.38297508480734e-15	5
"chr13"	" 17603791"	"TT"	"AG"	"TT>AG"	"FAM230C"	"intergenic"	"DBS9"	0.377592365760255	5
"chr13"	" 17603791"	"TT"	"AG"	"TT>AG"	"FAM230C"	"intergenic"	"DBS2"	0.062712484636091	5
"chr13"	" 17603791"	"TT"	"AG"	"TT>AG"	"FAM230C"	"intergenic"	"DBS6"	0.217053767086608	5
"chr13"	" 90236285"	"GA"	"TT"	"TC>AA"	"LINC01049"	"intergenic"	"DBS1"	3.66266326232466e-05	5
"chr13"	" 90236285"	"GA"	"TT"	"TC>AA"	"LINC01049"	"intergenic"	"DBS4"	0.972785602579575	5
"chr13"	" 90236285"	"GA"	"TT"	"TC>AA"	"LINC01049"	"intergenic"	"DBS9"	0.00622176856711543	5
"chr13"	" 90236285"	"GA"	"TT"	"TC>AA"	"LINC01049"	"intergenic"	"DBS2"	0.00173376612162709	5
"chr13"	" 90236285"	"GA"	"TT"	"TC>AA"	"LINC01049"	"intergenic"	"DBS6"	0.0192222360990592	5
"chr13"	" 90523653"	"CC"	"AT"	"CC>AT"	"LINC01049"	"ncRNA_intronic"	"DBS1"	0.245678616035288	5
"chr13"	" 90523653"	"CC"	"AT"	"CC>AT"	"LINC01049"	"ncRNA_intronic"	"DBS4"	0.157555233172252	5
"chr13"	" 90523653"	"CC"	"AT"	"CC>AT"	"LINC01049"	"ncRNA_intronic"	"DBS9"	0.128551560721259	5
"chr13"	" 90523653"	"CC"	"AT"	"CC>AT"	"LINC01049"	"ncRNA_intronic"	"DBS2"	0.467495856723421	5
"chr13"	" 90523653"	"CC"	"AT"	"CC>AT"	"LINC01049"	"ncRNA_intronic"	"DBS6"	0.000718733347779964	5
"chr13"	" 93335674"	"CC"	"TT"	"CC>TT"	"GPC6"	"intronic"	"DBS1"	1	5
"chr13"	" 93335674"	"CC"	"TT"	"CC>TT"	"GPC6"	"intronic"	"DBS4"	6.23186708637187e-18	5
"chr13"	" 93335674"	"CC"	"TT"	"CC>TT"	"GPC6"	"intronic"	"DBS9"	5.27516734773608e-18	5
"chr13"	" 93335674"	"CC"	"TT"	"CC>TT"	"GPC6"	"intronic"	"DBS2"	1.72942121776307e-18	5
"chr13"	" 93335674"	"CC"	"TT"	"CC>TT"	"GPC6"	"intronic"	"DBS6"	1.20825538476981e-18	5
"chr13"	" 94060718"	"TC"	"AA"	"TC>AA"	"GPC6"	"intronic"	"DBS1"	3.66266326232466e-05	5
"chr13"	" 94060718"	"TC"	"AA"	"TC>AA"	"GPC6"	"intronic"	"DBS4"	0.972785602579575	5
"chr13"	" 94060718"	"TC"	"AA"	"TC>AA"	"GPC6"	"intronic"	"DBS9"	0.00622176856711543	5
"chr13"	" 94060718"	"TC"	"AA"	"TC>AA"	"GPC6"	"intronic"	"DBS2"	0.00173376612162709	5
"chr13"	" 94060718"	"TC"	"AA"	"TC>AA"	"GPC6"	"intronic"	"DBS6"	0.0192222360990592	5
"chr13"	" 98344389"	"GA"	"TT"	"TC>AA"	"FARP1"	"intronic"	"DBS1"	3.66266326232466e-05	5
"chr13"	" 98344389"	"GA"	"TT"	"TC>AA"	"FARP1"	"intronic"	"DBS4"	0.972785602579575	5
"chr13"	" 98344389"	"GA"	"TT"	"TC>AA"	"FARP1"	"intronic"	"DBS9"	0.00622176856711543	5
"chr13"	" 98344389"	"GA"	"TT"	"TC>AA"	"FARP1"	"intronic"	"DBS2"	0.00173376612162709	5
"chr13"	" 98344389"	"GA"	"TT"	"TC>AA"	"FARP1"	"intronic"	"DBS6"	0.0192222360990592	5
"chr13"	"106767131"	"GG"	"TT"	"CC>AA"	"FAM155A"	"intergenic"	"DBS1"	4.11431382164758e-05	5
"chr13"	"106767131"	"GG"	"TT"	"CC>AA"	"FAM155A"	"intergenic"	"DBS4"	2.07537709528452e-17	5
"chr13"	"106767131"	"GG"	"TT"	"CC>AA"	"FAM155A"	"intergenic"	"DBS9"	1.75677069737667e-17	5
"chr13"	"106767131"	"GG"	"TT"	"CC>AA"	"FAM155A"	"intergenic"	"DBS2"	0.999958856861783	5
"chr13"	"106767131"	"GG"	"TT"	"CC>AA"	"FAM155A"	"intergenic"	"DBS6"	4.02381102814141e-18	5
"chr14"	" 65678572"	"GG"	"TT"	"CC>AA"	"FUT8"	"intronic"	"DBS1"	4.11431382164758e-05	5
"chr14"	" 65678572"	"GG"	"TT"	"CC>AA"	"FUT8"	"intronic"	"DBS4"	2.07537709528452e-17	5
"chr14"	" 65678572"	"GG"	"TT"	"CC>AA"	"FUT8"	"intronic"	"DBS9"	1.75677069737667e-17	5
"chr14"	" 65678572"	"GG"	"TT"	"CC>AA"	"FUT8"	"intronic"	"DBS2"	0.999958856861783	5
"chr14"	" 65678572"	"GG"	"TT"	"CC>AA"	"FUT8"	"intronic"	"DBS6"	4.02381102814141e-18	5
"chr15"	" 38463318"	"CC"	"TT"	"CC>TT"	"FAM98B"	"intronic"	"DBS1"	1	5
"chr15"	" 38463318"	"CC"	"TT"	"CC>TT"	"FAM98B"	"intronic"	"DBS4"	6.23186708637187e-18	5
"chr15"	" 38463318"	"CC"	"TT"	"CC>TT"	"FAM98B"	"intronic"	"DBS9"	5.27516734773608e-18	5
"chr15"	" 38463318"	"CC"	"TT"	"CC>TT"	"FAM98B"	"intronic"	"DBS2"	1.72942121776307e-18	5
"chr15"	" 38463318"	"CC"	"TT"	"CC>TT"	"FAM98B"	"intronic"	"DBS6"	1.20825538476981e-18	5
"chr15"	" 90653144"	"GC"	"AA"	"GC>AA"	"CRTC3-AS1"	"ncRNA_intronic"	"DBS1"	0.00622218528047929	5
"chr15"	" 90653144"	"GC"	"AA"	"GC>AA"	"CRTC3-AS1"	"ncRNA_intronic"	"DBS4"	0.986659100144641	5
"chr15"	" 90653144"	"GC"	"AA"	"GC>AA"	"CRTC3-AS1"	"ncRNA_intronic"	"DBS9"	1.78241727080135e-17	5
"chr15"	" 90653144"	"GC"	"AA"	"GC>AA"	"CRTC3-AS1"	"ncRNA_intronic"	"DBS2"	0.0071187145748796	5
"chr15"	" 90653144"	"GC"	"AA"	"GC>AA"	"CRTC3-AS1"	"ncRNA_intronic"	"DBS6"	4.08255344975303e-18	5
"chr16"	" 10460302"	"CA"	"AC"	"TG>GT"	"ATF7IP2"	"intronic"	"DBS1"	0.204294562536572	5
"chr16"	" 10460302"	"CA"	"AC"	"TG>GT"	"ATF7IP2"	"intronic"	"DBS4"	0.0026528528381464	5
"chr16"	" 10460302"	"CA"	"AC"	"TG>GT"	"ATF7IP2"	"intronic"	"DBS9"	0.180204928897488	5
"chr16"	" 10460302"	"CA"	"AC"	"TG>GT"	"ATF7IP2"	"intronic"	"DBS2"	0.244869783073855	5
"chr16"	" 10460302"	"CA"	"AC"	"TG>GT"	"ATF7IP2"	"intronic"	"DBS6"	0.367977872653938	5
"chr16"	" 17253392"	"GG"	"AA"	"CC>TT"	"XYLT1"	"intronic"	"DBS1"	1	5
"chr16"	" 17253392"	"GG"	"AA"	"CC>TT"	"XYLT1"	"intronic"	"DBS4"	6.23186708637187e-18	5
"chr16"	" 17253392"	"GG"	"AA"	"CC>TT"	"XYLT1"	"intronic"	"DBS9"	5.27516734773608e-18	5
"chr16"	" 17253392"	"GG"	"AA"	"CC>TT"	"XYLT1"	"intronic"	"DBS2"	1.72942121776307e-18	5
"chr16"	" 17253392"	"GG"	"AA"	"CC>TT"	"XYLT1"	"intronic"	"DBS6"	1.20825538476981e-18	5
"chr16"	" 20071613"	"GC"	"TT"	"GC>AA"	"GPR139"	"intronic"	"DBS1"	0.00622218528047929	5
"chr16"	" 20071613"	"GC"	"TT"	"GC>AA"	"GPR139"	"intronic"	"DBS4"	0.986659100144641	5
"chr16"	" 20071613"	"GC"	"TT"	"GC>AA"	"GPR139"	"intronic"	"DBS9"	1.78241727080135e-17	5
"chr16"	" 20071613"	"GC"	"TT"	"GC>AA"	"GPR139"	"intronic"	"DBS2"	0.0071187145748796	5
"chr16"	" 20071613"	"GC"	"TT"	"GC>AA"	"GPR139"	"intronic"	"DBS6"	4.08255344975303e-18	5
"chr16"	" 34163568"	"GA"	"TG"	"TC>CA"	"MIR9901"	"upstream"	"DBS1"	4.86625385700753e-05	5
"chr16"	" 34163568"	"GA"	"TG"	"TC>CA"	"MIR9901"	"upstream"	"DBS4"	0.711459666720594	5
"chr16"	" 34163568"	"GA"	"TG"	"TC>CA"	"MIR9901"	"upstream"	"DBS9"	0.269593430804442	5
"chr16"	" 34163568"	"GA"	"TG"	"TC>CA"	"MIR9901"	"upstream"	"DBS2"	0.00267183036988232	5
"chr16"	" 34163568"	"GA"	"TG"	"TC>CA"	"MIR9901"	"upstream"	"DBS6"	0.0162264095665117	5
"chr17"	" 21920485"	"CT"	"TG"	"CT>TG"	"UBBP4"	"intergenic"	"DBS1"	0.589287442982236	5
"chr17"	" 21920485"	"CT"	"TG"	"CT>TG"	"UBBP4"	"intergenic"	"DBS4"	0.00618923987676877	5
"chr17"	" 21920485"	"CT"	"TG"	"CT>TG"	"UBBP4"	"intergenic"	"DBS9"	1.24878391709547e-15	5
"chr17"	" 21920485"	"CT"	"TG"	"CT>TG"	"UBBP4"	"intergenic"	"DBS2"	0.0365086514507975	5
"chr17"	" 21920485"	"CT"	"TG"	"CT>TG"	"UBBP4"	"intergenic"	"DBS6"	0.368014665690197	5
"chr17"	" 38551564"	"GG"	"TT"	"CC>AA"	"SRCIN1"	"intronic"	"DBS1"	4.11431382164758e-05	5
"chr17"	" 38551564"	"GG"	"TT"	"CC>AA"	"SRCIN1"	"intronic"	"DBS4"	2.07537709528452e-17	5
"chr17"	" 38551564"	"GG"	"TT"	"CC>AA"	"SRCIN1"	"intronic"	"DBS9"	1.75677069737667e-17	5
"chr17"	" 38551564"	"GG"	"TT"	"CC>AA"	"SRCIN1"	"intronic"	"DBS2"	0.999958856861783	5
"chr17"	" 38551564"	"GG"	"TT"	"CC>AA"	"SRCIN1"	"intronic"	"DBS6"	4.02381102814141e-18	5
"chr18"	"  4373027"	"GG"	"AA"	"CC>TT"	"DLGAP1"	"intronic"	"DBS1"	1	5
"chr18"	"  4373027"	"GG"	"AA"	"CC>TT"	"DLGAP1"	"intronic"	"DBS4"	6.23186708637187e-18	5
"chr18"	"  4373027"	"GG"	"AA"	"CC>TT"	"DLGAP1"	"intronic"	"DBS9"	5.27516734773608e-18	5
"chr18"	"  4373027"	"GG"	"AA"	"CC>TT"	"DLGAP1"	"intronic"	"DBS2"	1.72942121776307e-18	5
"chr18"	"  4373027"	"GG"	"AA"	"CC>TT"	"DLGAP1"	"intronic"	"DBS6"	1.20825538476981e-18	5
"chr18"	" 11154894"	"GA"	"CG"	"TC>CG"	"LINC01928"	"intergenic"	"DBS1"	0.00757490910823627	5
"chr18"	" 11154894"	"GA"	"CG"	"TC>CG"	"LINC01928"	"intergenic"	"DBS4"	0.0701343711771873	5
"chr18"	" 11154894"	"GA"	"CG"	"TC>CG"	"LINC01928"	"intergenic"	"DBS9"	0.897259232535421	5
"chr18"	" 11154894"	"GA"	"CG"	"TC>CG"	"LINC01928"	"intergenic"	"DBS2"	0.000317735033853784	5
"chr18"	" 11154894"	"GA"	"CG"	"TC>CG"	"LINC01928"	"intergenic"	"DBS6"	0.0247137521453014	5
"chr18"	" 16850771"	"GT"	"AC"	"AC>GT"	"LOC644669"	"intergenic"	"DBS1"	0.323577929282019	5
"chr18"	" 16850771"	"GT"	"AC"	"AC>GT"	"LOC644669"	"intergenic"	"DBS4"	9.35217517536533e-07	5
"chr18"	" 16850771"	"GT"	"AC"	"AC>GT"	"LOC644669"	"intergenic"	"DBS9"	0.663727088307249	5
"chr18"	" 16850771"	"GT"	"AC"	"AC>GT"	"LOC644669"	"intergenic"	"DBS2"	0.0108917390440728	5
"chr18"	" 16850771"	"GT"	"AC"	"AC>GT"	"LOC644669"	"intergenic"	"DBS6"	0.00180230814914119	5
"chr18"	" 22588708"	"GA"	"TT"	"TC>AA"	"CTAGE1"	"intergenic"	"DBS1"	3.66266326232466e-05	5
"chr18"	" 22588708"	"GA"	"TT"	"TC>AA"	"CTAGE1"	"intergenic"	"DBS4"	0.972785602579575	5
"chr18"	" 22588708"	"GA"	"TT"	"TC>AA"	"CTAGE1"	"intergenic"	"DBS9"	0.00622176856711543	5
"chr18"	" 22588708"	"GA"	"TT"	"TC>AA"	"CTAGE1"	"intergenic"	"DBS2"	0.00173376612162709	5
"chr18"	" 22588708"	"GA"	"TT"	"TC>AA"	"CTAGE1"	"intergenic"	"DBS6"	0.0192222360990592	5
"chr18"	" 32879204"	"GA"	"TT"	"TC>AA"	"KLHL14"	"intergenic"	"DBS1"	3.66266326232466e-05	5
"chr18"	" 32879204"	"GA"	"TT"	"TC>AA"	"KLHL14"	"intergenic"	"DBS4"	0.972785602579575	5
"chr18"	" 32879204"	"GA"	"TT"	"TC>AA"	"KLHL14"	"intergenic"	"DBS9"	0.00622176856711543	5
"chr18"	" 32879204"	"GA"	"TT"	"TC>AA"	"KLHL14"	"intergenic"	"DBS2"	0.00173376612162709	5
"chr18"	" 32879204"	"GA"	"TT"	"TC>AA"	"KLHL14"	"intergenic"	"DBS6"	0.0192222360990592	5
"chr18"	" 52611499"	"GC"	"AA"	"GC>AA"	"DCC"	"intronic"	"DBS1"	0.00622218528047929	5
"chr18"	" 52611499"	"GC"	"AA"	"GC>AA"	"DCC"	"intronic"	"DBS4"	0.986659100144641	5
"chr18"	" 52611499"	"GC"	"AA"	"GC>AA"	"DCC"	"intronic"	"DBS9"	1.78241727080135e-17	5
"chr18"	" 52611499"	"GC"	"AA"	"GC>AA"	"DCC"	"intronic"	"DBS2"	0.0071187145748796	5
"chr18"	" 52611499"	"GC"	"AA"	"GC>AA"	"DCC"	"intronic"	"DBS6"	4.08255344975303e-18	5
"chr18"	" 58035156"	"CA"	"AT"	"TG>AT"	"ATP8B1"	"intergenic"	"DBS1"	0.0755151536479919	5
"chr18"	" 58035156"	"CA"	"AT"	"TG>AT"	"ATP8B1"	"intergenic"	"DBS4"	1.6754155338771e-16	5
"chr18"	" 58035156"	"CA"	"AT"	"TG>AT"	"ATP8B1"	"intergenic"	"DBS9"	0.0117293214123603	5
"chr18"	" 58035156"	"CA"	"AT"	"TG>AT"	"ATP8B1"	"intergenic"	"DBS2"	0.0478328629719489	5
"chr18"	" 58035156"	"CA"	"AT"	"TG>AT"	"ATP8B1"	"intergenic"	"DBS6"	0.864922661967699	5
"chr19"	"  9622564"	"CC"	"AA"	"CC>AA"	"ZNF561-AS1"	"ncRNA_intronic"	"DBS1"	4.11431382164758e-05	5
"chr19"	"  9622564"	"CC"	"AA"	"CC>AA"	"ZNF561-AS1"	"ncRNA_intronic"	"DBS4"	2.07537709528452e-17	5
"chr19"	"  9622564"	"CC"	"AA"	"CC>AA"	"ZNF561-AS1"	"ncRNA_intronic"	"DBS9"	1.75677069737667e-17	5
"chr19"	"  9622564"	"CC"	"AA"	"CC>AA"	"ZNF561-AS1"	"ncRNA_intronic"	"DBS2"	0.999958856861783	5
"chr19"	"  9622564"	"CC"	"AA"	"CC>AA"	"ZNF561-AS1"	"ncRNA_intronic"	"DBS6"	4.02381102814141e-18	5
"chr19"	" 15057785"	"GG"	"AA"	"CC>TT"	"CASP14"	"UTR3"	"DBS1"	1	5
"chr19"	" 15057785"	"GG"	"AA"	"CC>TT"	"CASP14"	"UTR3"	"DBS4"	6.23186708637187e-18	5
"chr19"	" 15057785"	"GG"	"AA"	"CC>TT"	"CASP14"	"UTR3"	"DBS9"	5.27516734773608e-18	5
"chr19"	" 15057785"	"GG"	"AA"	"CC>TT"	"CASP14"	"UTR3"	"DBS2"	1.72942121776307e-18	5
"chr19"	" 15057785"	"GG"	"AA"	"CC>TT"	"CASP14"	"UTR3"	"DBS6"	1.20825538476981e-18	5
"chr19"	" 19132689"	"TC"	"AA"	"TC>AA"	"TMEM161A"	"exonic"	"DBS1"	3.66266326232466e-05	5
"chr19"	" 19132689"	"TC"	"AA"	"TC>AA"	"TMEM161A"	"exonic"	"DBS4"	0.972785602579575	5
"chr19"	" 19132689"	"TC"	"AA"	"TC>AA"	"TMEM161A"	"exonic"	"DBS9"	0.00622176856711543	5
"chr19"	" 19132689"	"TC"	"AA"	"TC>AA"	"TMEM161A"	"exonic"	"DBS2"	0.00173376612162709	5
"chr19"	" 19132689"	"TC"	"AA"	"TC>AA"	"TMEM161A"	"exonic"	"DBS6"	0.0192222360990592	5
"chr19"	" 21065693"	"GA"	"TT"	"TC>AA"	"ZNF714"	"intergenic"	"DBS1"	3.66266326232466e-05	5
"chr19"	" 21065693"	"GA"	"TT"	"TC>AA"	"ZNF714"	"intergenic"	"DBS4"	0.972785602579575	5
"chr19"	" 21065693"	"GA"	"TT"	"TC>AA"	"ZNF714"	"intergenic"	"DBS9"	0.00622176856711543	5
"chr19"	" 21065693"	"GA"	"TT"	"TC>AA"	"ZNF714"	"intergenic"	"DBS2"	0.00173376612162709	5
"chr19"	" 21065693"	"GA"	"TT"	"TC>AA"	"ZNF714"	"intergenic"	"DBS6"	0.0192222360990592	5
"chr19"	" 22288408"	"TC"	"CA"	"TC>CA"	"ZNF729"	"intronic"	"DBS1"	4.86625385700753e-05	5
"chr19"	" 22288408"	"TC"	"CA"	"TC>CA"	"ZNF729"	"intronic"	"DBS4"	0.711459666720594	5
"chr19"	" 22288408"	"TC"	"CA"	"TC>CA"	"ZNF729"	"intronic"	"DBS9"	0.269593430804442	5
"chr19"	" 22288408"	"TC"	"CA"	"TC>CA"	"ZNF729"	"intronic"	"DBS2"	0.00267183036988232	5
"chr19"	" 22288408"	"TC"	"CA"	"TC>CA"	"ZNF729"	"intronic"	"DBS6"	0.0162264095665117	5
"chr19"	" 30458998"	"GG"	"AA"	"CC>TT"	"ZNF536"	"intronic"	"DBS1"	1	5
"chr19"	" 30458998"	"GG"	"AA"	"CC>TT"	"ZNF536"	"intronic"	"DBS4"	6.23186708637187e-18	5
"chr19"	" 30458998"	"GG"	"AA"	"CC>TT"	"ZNF536"	"intronic"	"DBS9"	5.27516734773608e-18	5
"chr19"	" 30458998"	"GG"	"AA"	"CC>TT"	"ZNF536"	"intronic"	"DBS2"	1.72942121776307e-18	5
"chr19"	" 30458998"	"GG"	"AA"	"CC>TT"	"ZNF536"	"intronic"	"DBS6"	1.20825538476981e-18	5
"chr19"	" 34964631"	"GC"	"CG"	"GC>CG"	"ZNF792"	"upstream"	"DBS1"	0.00401038202556718	5
"chr19"	" 34964631"	"GC"	"CG"	"GC>CG"	"ZNF792"	"upstream"	"DBS4"	0.000584708576138106	5
"chr19"	" 34964631"	"GC"	"CG"	"GC>CG"	"ZNF792"	"upstream"	"DBS9"	0.976867175249309	5
"chr19"	" 34964631"	"GC"	"CG"	"GC>CG"	"ZNF792"	"upstream"	"DBS2"	0.0185377341489851	5
"chr19"	" 34964631"	"GC"	"CG"	"GC>CG"	"ZNF792"	"upstream"	"DBS6"	8.79255070177612e-16	5
"chr19"	" 53608975"	"GG"	"AA"	"CC>TT"	"DPRX"	"intergenic"	"DBS1"	1	5
"chr19"	" 53608975"	"GG"	"AA"	"CC>TT"	"DPRX"	"intergenic"	"DBS4"	6.23186708637187e-18	5
"chr19"	" 53608975"	"GG"	"AA"	"CC>TT"	"DPRX"	"intergenic"	"DBS9"	5.27516734773608e-18	5
"chr19"	" 53608975"	"GG"	"AA"	"CC>TT"	"DPRX"	"intergenic"	"DBS2"	1.72942121776307e-18	5
"chr19"	" 53608975"	"GG"	"AA"	"CC>TT"	"DPRX"	"intergenic"	"DBS6"	1.20825538476981e-18	5
"chr19"	" 53998950"	"CC"	"TT"	"CC>TT"	"CACNG6"	"intronic"	"DBS1"	1	5
"chr19"	" 53998950"	"CC"	"TT"	"CC>TT"	"CACNG6"	"intronic"	"DBS4"	6.23186708637187e-18	5
"chr19"	" 53998950"	"CC"	"TT"	"CC>TT"	"CACNG6"	"intronic"	"DBS9"	5.27516734773608e-18	5
"chr19"	" 53998950"	"CC"	"TT"	"CC>TT"	"CACNG6"	"intronic"	"DBS2"	1.72942121776307e-18	5
"chr19"	" 53998950"	"CC"	"TT"	"CC>TT"	"CACNG6"	"intronic"	"DBS6"	1.20825538476981e-18	5
"chr19"	" 54758524"	"CA"	"GG"	"TG>CC"	"KIR2DL1;KIR2DL2;KIR2DS1;KIR2DS2;KIR2DS3;KIR2DS5;LOC102725023;LOC112267881"	"intronic"	"DBS1"	0.0144615681830289	5
"chr19"	" 54758524"	"CA"	"GG"	"TG>CC"	"KIR2DL1;KIR2DL2;KIR2DS1;KIR2DS2;KIR2DS3;KIR2DS5;LOC102725023;LOC112267881"	"intronic"	"DBS4"	0.0128696531029326	5
"chr19"	" 54758524"	"CA"	"GG"	"TG>CC"	"KIR2DL1;KIR2DL2;KIR2DS1;KIR2DS2;KIR2DS3;KIR2DS5;LOC102725023;LOC112267881"	"intronic"	"DBS9"	0.831337103611057	5
"chr19"	" 54758524"	"CA"	"GG"	"TG>CC"	"KIR2DL1;KIR2DL2;KIR2DS1;KIR2DS2;KIR2DS3;KIR2DS5;LOC102725023;LOC112267881"	"intronic"	"DBS2"	0.00296767696393398	5
"chr19"	" 54758524"	"CA"	"GG"	"TG>CC"	"KIR2DL1;KIR2DL2;KIR2DS1;KIR2DS2;KIR2DS3;KIR2DS5;LOC102725023;LOC112267881"	"intronic"	"DBS6"	0.138363998139047	5
"chr20"	"  6438513"	"GG"	"AA"	"CC>TT"	"CASC20"	"ncRNA_intronic"	"DBS1"	1	5
"chr20"	"  6438513"	"GG"	"AA"	"CC>TT"	"CASC20"	"ncRNA_intronic"	"DBS4"	6.23186708637187e-18	5
"chr20"	"  6438513"	"GG"	"AA"	"CC>TT"	"CASC20"	"ncRNA_intronic"	"DBS9"	5.27516734773608e-18	5
"chr20"	"  6438513"	"GG"	"AA"	"CC>TT"	"CASC20"	"ncRNA_intronic"	"DBS2"	1.72942121776307e-18	5
"chr20"	"  6438513"	"GG"	"AA"	"CC>TT"	"CASC20"	"ncRNA_intronic"	"DBS6"	1.20825538476981e-18	5
"chr20"	" 20972795"	"CC"	"TT"	"CC>TT"	"RALGAPA2"	"intergenic"	"DBS1"	1	5
"chr20"	" 20972795"	"CC"	"TT"	"CC>TT"	"RALGAPA2"	"intergenic"	"DBS4"	6.23186708637187e-18	5
"chr20"	" 20972795"	"CC"	"TT"	"CC>TT"	"RALGAPA2"	"intergenic"	"DBS9"	5.27516734773608e-18	5
"chr20"	" 20972795"	"CC"	"TT"	"CC>TT"	"RALGAPA2"	"intergenic"	"DBS2"	1.72942121776307e-18	5
"chr20"	" 20972795"	"CC"	"TT"	"CC>TT"	"RALGAPA2"	"intergenic"	"DBS6"	1.20825538476981e-18	5
"chr20"	" 42352344"	"GG"	"AA"	"CC>TT"	"PTPRT"	"intronic"	"DBS1"	1	5
"chr20"	" 42352344"	"GG"	"AA"	"CC>TT"	"PTPRT"	"intronic"	"DBS4"	6.23186708637187e-18	5
"chr20"	" 42352344"	"GG"	"AA"	"CC>TT"	"PTPRT"	"intronic"	"DBS9"	5.27516734773608e-18	5
"chr20"	" 42352344"	"GG"	"AA"	"CC>TT"	"PTPRT"	"intronic"	"DBS2"	1.72942121776307e-18	5
"chr20"	" 42352344"	"GG"	"AA"	"CC>TT"	"PTPRT"	"intronic"	"DBS6"	1.20825538476981e-18	5
"chr20"	" 46603825"	"GC"	"TT"	"GC>AA"	"SLC13A3"	"intronic"	"DBS1"	0.00622218528047929	5
"chr20"	" 46603825"	"GC"	"TT"	"GC>AA"	"SLC13A3"	"intronic"	"DBS4"	0.986659100144641	5
"chr20"	" 46603825"	"GC"	"TT"	"GC>AA"	"SLC13A3"	"intronic"	"DBS9"	1.78241727080135e-17	5
"chr20"	" 46603825"	"GC"	"TT"	"GC>AA"	"SLC13A3"	"intronic"	"DBS2"	0.0071187145748796	5
"chr20"	" 46603825"	"GC"	"TT"	"GC>AA"	"SLC13A3"	"intronic"	"DBS6"	4.08255344975303e-18	5
"chr20"	" 61774321"	"GC"	"AA"	"GC>AA"	"CDH4"	"intronic"	"DBS1"	0.00622218528047929	5
"chr20"	" 61774321"	"GC"	"AA"	"GC>AA"	"CDH4"	"intronic"	"DBS4"	0.986659100144641	5
"chr20"	" 61774321"	"GC"	"AA"	"GC>AA"	"CDH4"	"intronic"	"DBS9"	1.78241727080135e-17	5
"chr20"	" 61774321"	"GC"	"AA"	"GC>AA"	"CDH4"	"intronic"	"DBS2"	0.0071187145748796	5
"chr20"	" 61774321"	"GC"	"AA"	"GC>AA"	"CDH4"	"intronic"	"DBS6"	4.08255344975303e-18	5
"chr22"	" 26486641"	"GC"	"AG"	"GC>AG"	"SRRD"	"intronic"	"DBS1"	0.00149582313224679	5
"chr22"	" 26486641"	"GC"	"AG"	"GC>AG"	"SRRD"	"intronic"	"DBS4"	0.120665284404558	5
"chr22"	" 26486641"	"GC"	"AG"	"GC>AG"	"SRRD"	"intronic"	"DBS9"	0.869831526817129	5
"chr22"	" 26486641"	"GC"	"AG"	"GC>AG"	"SRRD"	"intronic"	"DBS2"	0.00161670895608954	5
"chr22"	" 26486641"	"GC"	"AG"	"GC>AG"	"SRRD"	"intronic"	"DBS6"	0.00639065668997698	5
"chr22"	" 46004665"	"GT"	"TG"	"AC>CA"	"WNT7B"	"intergenic"	"DBS1"	0.0031021304946313	5
"chr22"	" 46004665"	"GT"	"TG"	"AC>CA"	"WNT7B"	"intergenic"	"DBS4"	0.197383772546517	5
"chr22"	" 46004665"	"GT"	"TG"	"AC>CA"	"WNT7B"	"intergenic"	"DBS9"	0.770470071131737	5
"chr22"	" 46004665"	"GT"	"TG"	"AC>CA"	"WNT7B"	"intergenic"	"DBS2"	0.00830667640087434	5
"chr22"	" 46004665"	"GT"	"TG"	"AC>CA"	"WNT7B"	"intergenic"	"DBS6"	0.0207373494262408	5
"chrX"	" 29773412"	"GG"	"TT"	"CC>AA"	"IL1RAPL1"	"intronic"	"DBS1"	4.11431382164758e-05	5
"chrX"	" 29773412"	"GG"	"TT"	"CC>AA"	"IL1RAPL1"	"intronic"	"DBS4"	2.07537709528452e-17	5
"chrX"	" 29773412"	"GG"	"TT"	"CC>AA"	"IL1RAPL1"	"intronic"	"DBS9"	1.75677069737667e-17	5
"chrX"	" 29773412"	"GG"	"TT"	"CC>AA"	"IL1RAPL1"	"intronic"	"DBS2"	0.999958856861783	5
"chrX"	" 29773412"	"GG"	"TT"	"CC>AA"	"IL1RAPL1"	"intronic"	"DBS6"	4.02381102814141e-18	5
"chrX"	" 33648425"	"TA"	"AT"	"TA>AT"	"FAM47A"	"intergenic"	"DBS1"	0.0150509852688837	5
"chrX"	" 33648425"	"TA"	"AT"	"TA>AT"	"FAM47A"	"intergenic"	"DBS4"	0.692077238507635	5
"chrX"	" 33648425"	"TA"	"AT"	"TA>AT"	"FAM47A"	"intergenic"	"DBS9"	0.231804702835986	5
"chrX"	" 33648425"	"TA"	"AT"	"TA>AT"	"FAM47A"	"intergenic"	"DBS2"	0.0291647502793962	5
"chrX"	" 33648425"	"TA"	"AT"	"TA>AT"	"FAM47A"	"intergenic"	"DBS6"	0.0319023231080992	5
"chrX"	" 43591074"	"CC"	"GA"	"CC>GA"	"PINCR"	"intergenic"	"DBS1"	0.00701657966052369	5
"chrX"	" 43591074"	"CC"	"GA"	"CC>GA"	"PINCR"	"intergenic"	"DBS4"	0.141989570278968	5
"chrX"	" 43591074"	"CC"	"GA"	"CC>GA"	"PINCR"	"intergenic"	"DBS9"	0.289021625278759	5
"chrX"	" 43591074"	"CC"	"GA"	"CC>GA"	"PINCR"	"intergenic"	"DBS2"	0.329796425305834	5
"chrX"	" 43591074"	"CC"	"GA"	"CC>GA"	"PINCR"	"intergenic"	"DBS6"	0.232175799475915	5
"chrX"	" 44059515"	"GG"	"AA"	"CC>TT"	"EFHC2"	"intergenic"	"DBS1"	1	5
"chrX"	" 44059515"	"GG"	"AA"	"CC>TT"	"EFHC2"	"intergenic"	"DBS4"	6.23186708637187e-18	5
"chrX"	" 44059515"	"GG"	"AA"	"CC>TT"	"EFHC2"	"intergenic"	"DBS9"	5.27516734773608e-18	5
"chrX"	" 44059515"	"GG"	"AA"	"CC>TT"	"EFHC2"	"intergenic"	"DBS2"	1.72942121776307e-18	5
"chrX"	" 44059515"	"GG"	"AA"	"CC>TT"	"EFHC2"	"intergenic"	"DBS6"	1.20825538476981e-18	5
"chrX"	" 53136329"	"CC"	"TT"	"CC>TT"	"KANTR"	"ncRNA_intronic"	"DBS1"	1	5
"chrX"	" 53136329"	"CC"	"TT"	"CC>TT"	"KANTR"	"ncRNA_intronic"	"DBS4"	6.23186708637187e-18	5
"chrX"	" 53136329"	"CC"	"TT"	"CC>TT"	"KANTR"	"ncRNA_intronic"	"DBS9"	5.27516734773608e-18	5
"chrX"	" 53136329"	"CC"	"TT"	"CC>TT"	"KANTR"	"ncRNA_intronic"	"DBS2"	1.72942121776307e-18	5
"chrX"	" 53136329"	"CC"	"TT"	"CC>TT"	"KANTR"	"ncRNA_intronic"	"DBS6"	1.20825538476981e-18	5
"chrX"	" 65289655"	"AT"	"CA"	"AT>CA"	"ZC4H2"	"intergenic"	"DBS1"	0.0635713279211466	5
"chrX"	" 65289655"	"AT"	"CA"	"AT>CA"	"ZC4H2"	"intergenic"	"DBS4"	0.0922820319682025	5
"chrX"	" 65289655"	"AT"	"CA"	"AT>CA"	"ZC4H2"	"intergenic"	"DBS9"	0.840494658953593	5
"chrX"	" 65289655"	"AT"	"CA"	"AT>CA"	"ZC4H2"	"intergenic"	"DBS2"	0.00177401815797005	5
"chrX"	" 65289655"	"AT"	"CA"	"AT>CA"	"ZC4H2"	"intergenic"	"DBS6"	0.00187796299908757	5
"chrX"	" 80432401"	"GG"	"AA"	"CC>TT"	"TENT5D"	"intronic"	"DBS1"	1	5
"chrX"	" 80432401"	"GG"	"AA"	"CC>TT"	"TENT5D"	"intronic"	"DBS4"	6.23186708637187e-18	5
"chrX"	" 80432401"	"GG"	"AA"	"CC>TT"	"TENT5D"	"intronic"	"DBS9"	5.27516734773608e-18	5
"chrX"	" 80432401"	"GG"	"AA"	"CC>TT"	"TENT5D"	"intronic"	"DBS2"	1.72942121776307e-18	5
"chrX"	" 80432401"	"GG"	"AA"	"CC>TT"	"TENT5D"	"intronic"	"DBS6"	1.20825538476981e-18	5
"chrX"	" 80574496"	"CC"	"TT"	"CC>TT"	"TENT5D"	"intergenic"	"DBS1"	1	5
"chrX"	" 80574496"	"CC"	"TT"	"CC>TT"	"TENT5D"	"intergenic"	"DBS4"	6.23186708637187e-18	5
"chrX"	" 80574496"	"CC"	"TT"	"CC>TT"	"TENT5D"	"intergenic"	"DBS9"	5.27516734773608e-18	5
"chrX"	" 80574496"	"CC"	"TT"	"CC>TT"	"TENT5D"	"intergenic"	"DBS2"	1.72942121776307e-18	5
"chrX"	" 80574496"	"CC"	"TT"	"CC>TT"	"TENT5D"	"intergenic"	"DBS6"	1.20825538476981e-18	5
"chrX"	"109813276"	"CC"	"TT"	"CC>TT"	"LOC105373311"	"intergenic"	"DBS1"	1	5
"chrX"	"109813276"	"CC"	"TT"	"CC>TT"	"LOC105373311"	"intergenic"	"DBS4"	6.23186708637187e-18	5
"chrX"	"109813276"	"CC"	"TT"	"CC>TT"	"LOC105373311"	"intergenic"	"DBS9"	5.27516734773608e-18	5
"chrX"	"109813276"	"CC"	"TT"	"CC>TT"	"LOC105373311"	"intergenic"	"DBS2"	1.72942121776307e-18	5
"chrX"	"109813276"	"CC"	"TT"	"CC>TT"	"LOC105373311"	"intergenic"	"DBS6"	1.20825538476981e-18	5
