"Chr"	"Pos"	"Ref"	"Alt"	"Mutation_Type"	"Mutation_Type_Group"	"Variant_Gene"	"Variant_Group"
"chr1"	5212240	"GG"	"AA"	"CC>TT"	"CC>NN"	"MIR4689"	"intergenic"
"chr1"	7948559	"TG"	"GT"	"TG>GT"	"TG>NN"	"PARK7"	"intergenic"
"chr1"	15030929	"CC"	"TT"	"CC>TT"	"CC>NN"	"KAZN"	"intronic"
"chr1"	55418580	"AG"	"GT"	"CT>AC"	"CT>NN"	"LINC01753"	"intergenic"
"chr1"	80471962	"GC"	"AA"	"GC>AA"	"GC>NN"	"ADGRL4"	"intergenic"
"chr1"	83129492	"TC"	"GT"	"TC>GT"	"TC>NN"	"LINC01362"	"ncRNA_intronic"
"chr1"	94276320	"GG"	"AA"	"CC>TT"	"CC>NN"	"ABCD3"	"intergenic"
"chr1"	123712738	"AT"	"CC"	"AT>CC"	"AT>NN"	"NONE;NONE"	"intergenic"
"chr1"	145880108	"CC"	"TT"	"CC>TT"	"CC>NN"	"ANKRD35"	"intronic"
"chr1"	150053313	"GG"	"AA"	"CC>TT"	"CC>NN"	"OTUD7B"	"intergenic"
"chr1"	151676559	"GC"	"AA"	"GC>AA"	"GC>NN"	"SNX27"	"intronic"
"chr1"	161216290	"GG"	"AA"	"CC>TT"	"CC>NN"	"FCER1G"	"intronic"
"chr1"	166112594	"GC"	"AA"	"GC>AA"	"GC>NN"	"FAM78B"	"intronic"
"chr1"	171237545	"CG"	"TT"	"CG>TT"	"CG>NN"	"FMO2"	"intergenic"
"chr1"	177272684	"GG"	"AA"	"CC>TT"	"CC>NN"	"BRINP2"	"intronic"
"chr1"	185193893	"TA"	"CT"	"TA>CT"	"TA>NN"	"SWT1"	"intronic"
"chr1"	189445613	"GT"	"TA"	"AC>TA"	"AC>NN"	"LINC01037"	"intergenic"
"chr1"	210898301	"GG"	"AA"	"CC>TT"	"CC>NN"	"KCNH1"	"intronic"
"chr1"	225354660	"TC"	"AA"	"TC>AA"	"TC>NN"	"DNAH14"	"intronic"
"chr1"	231842555	"TC"	"AA"	"TC>AA"	"TC>NN"	"TSNAX-DISC1"	"ncRNA_intronic"
"chr2"	14342319	"CC"	"TT"	"CC>TT"	"CC>NN"	"LINC00276"	"ncRNA_intronic"
"chr2"	43132675	"GG"	"AT"	"CC>AT"	"CC>NN"	"ZFP36L2"	"intergenic"
"chr2"	90000786	"GA"	"CT"	"TC>AG"	"TC>NN"	"LSP1P4"	"intergenic"
"chr2"	118681674	"GG"	"AA"	"CC>TT"	"CC>NN"	"EN1"	"intergenic"
"chr2"	123803563	"TC"	"AT"	"TC>AT"	"TC>NN"	"LINC01826"	"intergenic"
"chr2"	153768821	"GC"	"AG"	"GC>AG"	"GC>NN"	"RPRM"	"intergenic"
"chr2"	165708166	"TG"	"CA"	"TG>CA"	"TG>NN"	"GALNT3"	"intergenic"
"chr3"	3222980	"CC"	"AA"	"CC>AA"	"CC>NN"	"LOC100130207"	"intergenic"
"chr3"	18330855	"CA"	"TG"	"TG>CA"	"TG>NN"	"LOC339862"	"intergenic"
"chr3"	26163842	"GG"	"AA"	"CC>TT"	"CC>NN"	"LRRC3B"	"intergenic"
"chr3"	49171568	"CC"	"TT"	"CC>TT"	"CC>NN"	"KLHDC8B"	"upstream"
"chr3"	54958974	"GC"	"AT"	"GC>AT"	"GC>NN"	"CACNA2D3;LRTM1"	"intronic"
"chr3"	55690241	"CC"	"TT"	"CC>TT"	"CC>NN"	"ERC2"	"intronic"
"chr3"	69350701	"AT"	"GA"	"AT>GA"	"AT>NN"	"FRMD4B"	"intronic"
"chr3"	89528353	"TA"	"CT"	"TA>CT"	"TA>NN"	"EPHA3"	"intergenic"
"chr3"	106430433	"AT"	"GA"	"AT>GA"	"AT>NN"	"LINC00882"	"intergenic"
"chr3"	127092154	"GG"	"AA"	"CC>TT"	"CC>NN"	"C3orf56"	"intergenic"
"chr3"	166945073	"GG"	"AA"	"CC>TT"	"CC>NN"	"ZBBX"	"intergenic"
"chr3"	168032761	"GC"	"AG"	"GC>AG"	"GC>NN"	"GOLIM4"	"exonic"
"chr3"	195148305	"AC"	"TT"	"AC>TT"	"AC>NN"	"XXYLT1-AS2"	"ncRNA_intronic"
"chr4"	23791053	"TT"	"AG"	"TT>AG"	"TT>NN"	"PPARGC1A"	"downstream"
"chr4"	49640381	"CG"	"AA"	"CG>TT"	"CG>NN"	"CWH43"	"intergenic"
"chr4"	60265761	"GA"	"TT"	"TC>AA"	"TC>NN"	"LINC02429"	"intergenic"
"chr4"	61024587	"GC"	"CA"	"GC>CA"	"GC>NN"	"LINC02271"	"intergenic"
"chr4"	67373374	"GA"	"AC"	"TC>GT"	"TC>NN"	"MIR1269A"	"intergenic"
"chr4"	126545827	"TC"	"AA"	"TC>AA"	"TC>NN"	"INTU"	"intergenic"
"chr4"	164397064	"AG"	"GA"	"CT>TC"	"CT>NN"	"SMIM31"	"intergenic"
"chr4"	172523298	"CC"	"TT"	"CC>TT"	"CC>NN"	"GALNTL6"	"intronic"
"chr4"	174425911	"GG"	"TT"	"CC>AA"	"CC>NN"	"HPGD"	"intergenic"
"chr4"	180930288	"CC"	"AG"	"CC>AG"	"CC>NN"	"LINC00290"	"intergenic"
"chr4"	182206369	"GA"	"TG"	"TC>CA"	"TC>NN"	"TENM3"	"intergenic"
"chr5"	21801991	"TC"	"CA"	"TC>CA"	"TC>NN"	"CDH12"	"intronic"
"chr5"	27656999	"TC"	"AA"	"TC>AA"	"TC>NN"	"LINC02103"	"intergenic"
"chr5"	36977767	"CC"	"TT"	"CC>TT"	"CC>NN"	"NIPBL"	"intronic"
"chr5"	92037297	"CC"	"TT"	"CC>TT"	"CC>NN"	"NR2F1-AS1"	"intergenic"
"chr5"	97593565	"GA"	"TT"	"TC>AA"	"TC>NN"	"LINC01340"	"ncRNA_intronic"
"chr5"	102215115	"GG"	"AA"	"CC>TT"	"CC>NN"	"ST8SIA4"	"intergenic"
"chr5"	110908088	"GG"	"AA"	"CC>TT"	"CC>NN"	"TSLP"	"intergenic"
"chr5"	123484458	"GA"	"TT"	"TC>AA"	"TC>NN"	"CEP120"	"intergenic"
"chr6"	20754279	"GG"	"TT"	"CC>AA"	"CC>NN"	"CDKAL1"	"intronic"
"chr6"	32758756	"TG"	"CA"	"TG>CA"	"TG>NN"	"HLA-DQB2"	"intronic"
"chr6"	37846873	"GG"	"TT"	"CC>AA"	"CC>NN"	"ZFAND3"	"intronic"
"chr6"	62620137	"CC"	"AA"	"CC>AA"	"CC>NN"	"LGSN"	"intergenic"
"chr6"	84065909	"TG"	"AT"	"TG>AT"	"TG>NN"	"MRAP2"	"intronic"
"chr6"	101722090	"AC"	"TT"	"AC>TT"	"AC>NN"	"GRIK2"	"intronic"
"chr6"	108529588	"TA"	"CC"	"TA>GG"	"TA>NN"	"FOXO3"	"intergenic"
"chr6"	141313086	"CT"	"TA"	"CT>TA"	"CT>NN"	"NMBR"	"intergenic"
"chr6"	144547415	"GA"	"TG"	"TC>CA"	"TC>NN"	"UTRN"	"intronic"
"chr6"	162248234	"TA"	"AT"	"TA>AT"	"TA>NN"	"PRKN"	"intronic"
"chr7"	2466393	"GC"	"TT"	"GC>AA"	"GC>NN"	"CHST12"	"intergenic"
"chr7"	5232966	"CC"	"TA"	"CC>TA"	"CC>NN"	"WIPI2"	"UTR3"
"chr7"	30204595	"GC"	"AG"	"GC>AG"	"GC>NN"	"LOC105375218"	"intergenic"
"chr7"	67329382	"GG"	"AA"	"CC>TT"	"CC>NN"	"STAG3L4"	"intergenic"
"chr7"	81792789	"GG"	"AA"	"CC>TT"	"CC>NN"	"CACNA2D1"	"intergenic"
"chr7"	82035689	"TA"	"GT"	"TA>GT"	"TA>NN"	"CACNA2D1"	"intronic"
"chr7"	95070353	"CA"	"AC"	"TG>GT"	"TG>NN"	"PPP1R9A"	"intronic"
"chr7"	105645762	"GA"	"TT"	"TC>AA"	"TC>NN"	"ATXN7L1"	"intronic"
"chr7"	115383625	"AA"	"CT"	"TT>AG"	"TT>NN"	"SNORA25B"	"intergenic"
"chr7"	131181875	"GT"	"TG"	"AC>CA"	"AC>NN"	"MKLN1"	"intronic"
"chr7"	145652597	"CA"	"GC"	"TG>GC"	"TG>NN"	"CNTNAP2"	"intergenic"
"chr7"	147231266	"CC"	"TT"	"CC>TT"	"CC>NN"	"CNTNAP2"	"intronic"
"chr7"	152746990	"TC"	"AA"	"TC>AA"	"TC>NN"	"XRCC2"	"intergenic"
"chr7"	152815883	"GA"	"TT"	"TC>AA"	"TC>NN"	"ACTR3B"	"intronic"
"chr8"	5438132	"AG"	"GC"	"CT>GC"	"CT>NN"	"LOC100287015"	"intergenic"
"chr8"	17056953	"TG"	"AT"	"TG>AT"	"TG>NN"	"MICU3"	"intronic"
"chr8"	19858448	"GG"	"AA"	"CC>TT"	"CC>NN"	"LPL"	"intergenic"
"chr8"	49150688	"CC"	"AA"	"CC>AA"	"CC>NN"	"LOC100507464"	"intergenic"
"chr8"	77787805	"GC"	"TT"	"GC>AA"	"GC>NN"	"PKIA"	"intergenic"
"chr8"	104764276	"AG"	"CT"	"CT>AG"	"CT>NN"	"ZFPM2"	"intergenic"
"chr8"	111095853	"AT"	"TA"	"AT>TA"	"AT>NN"	"LINC01608"	"intergenic"
"chr9"	9984858	"TC"	"AT"	"TC>AT"	"TC>NN"	"PTPRD"	"intronic"
"chr9"	29941545	"CC"	"TT"	"CC>TT"	"CC>NN"	"LINGO2"	"intergenic"
"chr9"	38701466	"TA"	"GG"	"TA>GG"	"TA>NN"	"CNTNAP3"	"intergenic"
"chr9"	114556500	"CC"	"AG"	"CC>AG"	"CC>NN"	"WHRN"	"intergenic"
"chr9"	136267620	"CC"	"TT"	"CC>TT"	"CC>NN"	"QSOX2"	"intergenic"
"chr10"	3043635	"GG"	"CT"	"CC>AG"	"CC>NN"	"LINC02645"	"intergenic"
"chr10"	3197350	"GG"	"AA"	"CC>TT"	"CC>NN"	"LOC105376360"	"intergenic"
"chr10"	8806585	"CA"	"AC"	"TG>GT"	"TG>NN"	"LOC105376398"	"intergenic"
"chr10"	21430465	"GA"	"TT"	"TC>AA"	"TC>NN"	"MIR1915HG"	"intergenic"
"chr10"	31055766	"CC"	"TT"	"CC>TT"	"CC>NN"	"LINC02664"	"intergenic"
"chr10"	79899285	"TC"	"AT"	"TC>AT"	"TC>NN"	"NUTM2E"	"intergenic"
"chr10"	80361639	"TC"	"CT"	"TC>CT"	"TC>NN"	"DYDC2"	"intronic"
"chr10"	107708277	"GC"	"CT"	"GC>AG"	"GC>NN"	"SORCS1"	"intergenic"
"chr10"	109559041	"GC"	"TT"	"GC>AA"	"GC>NN"	"LINC01435"	"intergenic"
"chr11"	11110749	"GG"	"TT"	"CC>AA"	"CC>NN"	"ZBED5-AS1"	"intergenic"
"chr11"	23014613	"GA"	"TT"	"TC>AA"	"TC>NN"	"MIR8054"	"intergenic"
"chr11"	23450884	"CC"	"AA"	"CC>AA"	"CC>NN"	"LUZP2"	"intergenic"
"chr11"	59406731	"CT"	"GA"	"CT>GA"	"CT>NN"	"OR5AN1"	"intergenic"
"chr11"	99945894	"GT"	"AA"	"AC>TT"	"AC>NN"	"CNTN5"	"intronic"
"chr11"	118433166	"CA"	"TG"	"TG>CA"	"TG>NN"	"LOC100131626"	"intergenic"
"chr11"	122903775	"CG"	"TC"	"CG>TC"	"CG>NN"	"JHY"	"intronic"
"chr11"	131221340	"GG"	"AA"	"CC>TT"	"CC>NN"	"SNX19"	"intergenic"
"chr11"	133312187	"TC"	"AA"	"TC>AA"	"TC>NN"	"OPCML"	"intronic"
"chr11"	133414895	"CC"	"AA"	"CC>AA"	"CC>NN"	"OPCML"	"intronic"
"chr11"	134319426	"GC"	"AT"	"GC>AT"	"GC>NN"	"GLB1L3"	"UTR3"
"chr12"	3526111	"TC"	"GA"	"TC>GA"	"TC>NN"	"PRMT8"	"intronic"
"chr12"	5428515	"CC"	"TT"	"CC>TT"	"CC>NN"	"LINC02443"	"intergenic"
"chr12"	8960159	"CC"	"TT"	"CC>TT"	"CC>NN"	"KLRG1"	"intronic"
"chr12"	17407434	"GC"	"AT"	"GC>AT"	"GC>NN"	"SKP1P2"	"intergenic"
"chr12"	25884833	"GG"	"AA"	"CC>TT"	"CC>NN"	"RASSF8-AS1"	"intergenic"
"chr12"	25893646	"CC"	"TT"	"CC>TT"	"CC>NN"	"RASSF8-AS1"	"intergenic"
"chr12"	40105764	"GC"	"TA"	"GC>TA"	"GC>NN"	"SLC2A13"	"exonic"
"chr12"	65169517	"CG"	"AC"	"CG>GT"	"CG>NN"	"LEMD3"	"upstream"
"chr12"	74479376	"TC"	"CA"	"TC>CA"	"TC>NN"	"LOC100507377"	"intergenic"
"chr12"	94114629	"CC"	"AA"	"CC>AA"	"CC>NN"	"LOC105369911"	"intergenic"
"chr13"	17603791	"TT"	"AG"	"TT>AG"	"TT>NN"	"FAM230C"	"intergenic"
"chr13"	90236285	"GA"	"TT"	"TC>AA"	"TC>NN"	"LINC01049"	"intergenic"
"chr13"	90523653	"CC"	"AT"	"CC>AT"	"CC>NN"	"LINC01049"	"ncRNA_intronic"
"chr13"	93335674	"CC"	"TT"	"CC>TT"	"CC>NN"	"GPC6"	"intronic"
"chr13"	94060718	"TC"	"AA"	"TC>AA"	"TC>NN"	"GPC6"	"intronic"
"chr13"	98344389	"GA"	"TT"	"TC>AA"	"TC>NN"	"FARP1"	"intronic"
"chr13"	106767131	"GG"	"TT"	"CC>AA"	"CC>NN"	"FAM155A"	"intergenic"
"chr14"	65678572	"GG"	"TT"	"CC>AA"	"CC>NN"	"FUT8"	"intronic"
"chr15"	38463318	"CC"	"TT"	"CC>TT"	"CC>NN"	"FAM98B"	"intronic"
"chr15"	90653144	"GC"	"AA"	"GC>AA"	"GC>NN"	"CRTC3-AS1"	"ncRNA_intronic"
"chr16"	10460302	"CA"	"AC"	"TG>GT"	"TG>NN"	"ATF7IP2"	"intronic"
"chr16"	17253392	"GG"	"AA"	"CC>TT"	"CC>NN"	"XYLT1"	"intronic"
"chr16"	20071613	"GC"	"TT"	"GC>AA"	"GC>NN"	"GPR139"	"intronic"
"chr16"	34163568	"GA"	"TG"	"TC>CA"	"TC>NN"	"MIR9901"	"upstream"
"chr17"	21920485	"CT"	"TG"	"CT>TG"	"CT>NN"	"UBBP4"	"intergenic"
"chr17"	38551564	"GG"	"TT"	"CC>AA"	"CC>NN"	"SRCIN1"	"intronic"
"chr18"	4373027	"GG"	"AA"	"CC>TT"	"CC>NN"	"DLGAP1"	"intronic"
"chr18"	11154894	"GA"	"CG"	"TC>CG"	"TC>NN"	"LINC01928"	"intergenic"
"chr18"	16850771	"GT"	"AC"	"AC>GT"	"AC>NN"	"LOC644669"	"intergenic"
"chr18"	22588708	"GA"	"TT"	"TC>AA"	"TC>NN"	"CTAGE1"	"intergenic"
"chr18"	32879204	"GA"	"TT"	"TC>AA"	"TC>NN"	"KLHL14"	"intergenic"
"chr18"	52611499	"GC"	"AA"	"GC>AA"	"GC>NN"	"DCC"	"intronic"
"chr18"	58035156	"CA"	"AT"	"TG>AT"	"TG>NN"	"ATP8B1"	"intergenic"
"chr19"	9622564	"CC"	"AA"	"CC>AA"	"CC>NN"	"ZNF561-AS1"	"ncRNA_intronic"
"chr19"	15057785	"GG"	"AA"	"CC>TT"	"CC>NN"	"CASP14"	"UTR3"
"chr19"	19132689	"TC"	"AA"	"TC>AA"	"TC>NN"	"TMEM161A"	"exonic"
"chr19"	21065693	"GA"	"TT"	"TC>AA"	"TC>NN"	"ZNF714"	"intergenic"
"chr19"	22288408	"TC"	"CA"	"TC>CA"	"TC>NN"	"ZNF729"	"intronic"
"chr19"	30458998	"GG"	"AA"	"CC>TT"	"CC>NN"	"ZNF536"	"intronic"
"chr19"	34964631	"GC"	"CG"	"GC>CG"	"GC>NN"	"ZNF792"	"upstream"
"chr19"	53608975	"GG"	"AA"	"CC>TT"	"CC>NN"	"DPRX"	"intergenic"
"chr19"	53998950	"CC"	"TT"	"CC>TT"	"CC>NN"	"CACNG6"	"intronic"
"chr19"	54758524	"CA"	"GG"	"TG>CC"	"TG>NN"	"KIR2DL1;KIR2DL2;KIR2DS1;KIR2DS2;KIR2DS3;KIR2DS5;LOC102725023;LOC112267881"	"intronic"
"chr20"	6438513	"GG"	"AA"	"CC>TT"	"CC>NN"	"CASC20"	"ncRNA_intronic"
"chr20"	20972795	"CC"	"TT"	"CC>TT"	"CC>NN"	"RALGAPA2"	"intergenic"
"chr20"	42352344	"GG"	"AA"	"CC>TT"	"CC>NN"	"PTPRT"	"intronic"
"chr20"	46603825	"GC"	"TT"	"GC>AA"	"GC>NN"	"SLC13A3"	"intronic"
"chr20"	61774321	"GC"	"AA"	"GC>AA"	"GC>NN"	"CDH4"	"intronic"
"chr22"	26486641	"GC"	"AG"	"GC>AG"	"GC>NN"	"SRRD"	"intronic"
"chr22"	46004665	"GT"	"TG"	"AC>CA"	"AC>NN"	"WNT7B"	"intergenic"
"chrX"	29773412	"GG"	"TT"	"CC>AA"	"CC>NN"	"IL1RAPL1"	"intronic"
"chrX"	33648425	"TA"	"AT"	"TA>AT"	"TA>NN"	"FAM47A"	"intergenic"
"chrX"	43591074	"CC"	"GA"	"CC>GA"	"CC>NN"	"PINCR"	"intergenic"
"chrX"	44059515	"GG"	"AA"	"CC>TT"	"CC>NN"	"EFHC2"	"intergenic"
"chrX"	53136329	"CC"	"TT"	"CC>TT"	"CC>NN"	"KANTR"	"ncRNA_intronic"
"chrX"	65289655	"AT"	"CA"	"AT>CA"	"AT>NN"	"ZC4H2"	"intergenic"
"chrX"	80432401	"GG"	"AA"	"CC>TT"	"CC>NN"	"TENT5D"	"intronic"
"chrX"	80574496	"CC"	"TT"	"CC>TT"	"CC>NN"	"TENT5D"	"intergenic"
"chrX"	109813276	"CC"	"TT"	"CC>TT"	"CC>NN"	"LOC105373311"	"intergenic"
