"Mutation_Type_Group"	"Mutation_Type"	"Frequency"
"1_BP_C_DELETION"	"DEL_C_1_0"	86
"1_BP_C_DELETION"	"DEL_C_1_1"	35
"1_BP_C_DELETION"	"DEL_C_1_2"	22
"1_BP_C_DELETION"	"DEL_C_1_3"	10
"1_BP_C_DELETION"	"DEL_C_1_4"	9
"1_BP_C_DELETION"	"DEL_C_1_5+"	7
"1_BP_T_DELETION"	"DEL_T_1_0"	41
"1_BP_T_DELETION"	"DEL_T_1_1"	18
"1_BP_T_DELETION"	"DEL_T_1_2"	34
"1_BP_T_DELETION"	"DEL_T_1_3"	26
"1_BP_T_DELETION"	"DEL_T_1_4"	19
"1_BP_T_DELETION"	"DEL_T_1_5+"	143
"1_BP_C_INSERTION"	"INS_C_1_0"	21
"1_BP_C_INSERTION"	"INS_C_1_1"	12
"1_BP_C_INSERTION"	"INS_C_1_2"	2
"1_BP_C_INSERTION"	"INS_C_1_3"	2
"1_BP_C_INSERTION"	"INS_C_1_4"	5
"1_BP_C_INSERTION"	"INS_C_1_5+"	18
"1_BP_T_INSERTION"	"INS_T_1_0"	31
"1_BP_T_INSERTION"	"INS_T_1_1"	17
"1_BP_T_INSERTION"	"INS_T_1_2"	8
"1_BP_T_INSERTION"	"INS_T_1_3"	4
"1_BP_T_INSERTION"	"INS_T_1_4"	5
"1_BP_T_INSERTION"	"INS_T_1_5+"	268
"2_BP_DELETION"	"DEL_repeats_2_0"	62
"2_BP_DELETION"	"DEL_repeats_2_1"	25
"2_BP_DELETION"	"DEL_repeats_2_2"	9
"2_BP_DELETION"	"DEL_repeats_2_3"	7
"2_BP_DELETION"	"DEL_repeats_2_4"	7
"2_BP_DELETION"	"DEL_repeats_2_5+"	0
"3_BP_DELETION"	"DEL_repeats_3_0"	36
"3_BP_DELETION"	"DEL_repeats_3_1"	14
"3_BP_DELETION"	"DEL_repeats_3_2"	2
"3_BP_DELETION"	"DEL_repeats_3_3"	0
"3_BP_DELETION"	"DEL_repeats_3_4"	1
"3_BP_DELETION"	"DEL_repeats_3_5+"	0
"4_BP_DELETION"	"DEL_repeats_4_0"	57
"4_BP_DELETION"	"DEL_repeats_4_1"	13
"4_BP_DELETION"	"DEL_repeats_4_2"	2
"4_BP_DELETION"	"DEL_repeats_4_3"	0
"4_BP_DELETION"	"DEL_repeats_4_4"	0
"4_BP_DELETION"	"DEL_repeats_4_5+"	0
"5_PLUS_BP_DELETION"	"DEL_repeats_5+_0"	233
"5_PLUS_BP_DELETION"	"DEL_repeats_5+_1"	8
"5_PLUS_BP_DELETION"	"DEL_repeats_5+_2"	0
"5_PLUS_BP_DELETION"	"DEL_repeats_5+_3"	0
"5_PLUS_BP_DELETION"	"DEL_repeats_5+_4"	0
"5_PLUS_BP_DELETION"	"DEL_repeats_5+_5+"	0
"2_BP_INSERTION"	"INS_repeats_2_0"	33
"2_BP_INSERTION"	"INS_repeats_2_1"	9
"2_BP_INSERTION"	"INS_repeats_2_2"	4
"2_BP_INSERTION"	"INS_repeats_2_3"	5
"2_BP_INSERTION"	"INS_repeats_2_4"	4
"2_BP_INSERTION"	"INS_repeats_2_5+"	10
"3_BP_INSERTION"	"INS_repeats_3_0"	13
"3_BP_INSERTION"	"INS_repeats_3_1"	6
"3_BP_INSERTION"	"INS_repeats_3_2"	1
"3_BP_INSERTION"	"INS_repeats_3_3"	0
"3_BP_INSERTION"	"INS_repeats_3_4"	0
"3_BP_INSERTION"	"INS_repeats_3_5+"	0
"4_BP_INSERTION"	"INS_repeats_4_0"	23
"4_BP_INSERTION"	"INS_repeats_4_1"	10
"4_BP_INSERTION"	"INS_repeats_4_2"	0
"4_BP_INSERTION"	"INS_repeats_4_3"	1
"4_BP_INSERTION"	"INS_repeats_4_4"	0
"4_BP_INSERTION"	"INS_repeats_4_5+"	0
"5_PLUS_BP_INSERTION"	"INS_repeats_5+_0"	53
"5_PLUS_BP_INSERTION"	"INS_repeats_5+_1"	16
"5_PLUS_BP_INSERTION"	"INS_repeats_5+_2"	1
"5_PLUS_BP_INSERTION"	"INS_repeats_5+_3"	0
"5_PLUS_BP_INSERTION"	"INS_repeats_5+_4"	0
"5_PLUS_BP_INSERTION"	"INS_repeats_5+_5+"	0
"2_BP_DELETION_MICROHOMOLOGY"	"DEL_MH_2_1"	86
"3_BP_DELETION_MICROHOMOLOGY"	"DEL_MH_3_1"	12
"3_BP_DELETION_MICROHOMOLOGY"	"DEL_MH_3_2"	32
"4_BP_DELETION_MICROHOMOLOGY"	"DEL_MH_4_1"	14
"4_BP_DELETION_MICROHOMOLOGY"	"DEL_MH_4_2"	13
"4_BP_DELETION_MICROHOMOLOGY"	"DEL_MH_4_3"	34
"5_PLUS_BP_DELETION_MICROHOMOLOGY"	"DEL_MH_5+_1"	58
"5_PLUS_BP_DELETION_MICROHOMOLOGY"	"DEL_MH_5+_2"	36
"5_PLUS_BP_DELETION_MICROHOMOLOGY"	"DEL_MH_5+_3"	32
"5_PLUS_BP_DELETION_MICROHOMOLOGY"	"DEL_MH_5+_4"	35
"5_PLUS_BP_DELETION_MICROHOMOLOGY"	"DEL_MH_5+_5+"	27
