"Chr"	"Pos"	"Ref"	"Alt"	"Mutation_Type"	"Mutation_Type_Group"
"chr1"	5212240	"GG"	"AA"	"CC>TT"	"CC>NN"
"chr1"	7948559	"TG"	"GT"	"TG>GT"	"TG>NN"
"chr1"	15030929	"CC"	"TT"	"CC>TT"	"CC>NN"
"chr1"	55418580	"AG"	"GT"	"CT>AC"	"CT>NN"
"chr1"	80471962	"GC"	"AA"	"GC>AA"	"GC>NN"
"chr1"	83129492	"TC"	"GT"	"TC>GT"	"TC>NN"
"chr1"	94276320	"GG"	"AA"	"CC>TT"	"CC>NN"
"chr1"	123712738	"AT"	"CC"	"AT>CC"	"AT>NN"
"chr1"	145880108	"CC"	"TT"	"CC>TT"	"CC>NN"
"chr1"	150053313	"GG"	"AA"	"CC>TT"	"CC>NN"
"chr1"	151676559	"GC"	"AA"	"GC>AA"	"GC>NN"
"chr1"	161216290	"GG"	"AA"	"CC>TT"	"CC>NN"
"chr1"	166112594	"GC"	"AA"	"GC>AA"	"GC>NN"
"chr1"	171237545	"CG"	"TT"	"CG>TT"	"CG>NN"
"chr1"	177272684	"GG"	"AA"	"CC>TT"	"CC>NN"
"chr1"	185193893	"TA"	"CT"	"TA>CT"	"TA>NN"
"chr1"	189445613	"GT"	"TA"	"AC>TA"	"AC>NN"
"chr1"	210898301	"GG"	"AA"	"CC>TT"	"CC>NN"
"chr1"	225354660	"TC"	"AA"	"TC>AA"	"TC>NN"
"chr1"	231842555	"TC"	"AA"	"TC>AA"	"TC>NN"
"chr2"	14342319	"CC"	"TT"	"CC>TT"	"CC>NN"
"chr2"	43132675	"GG"	"AT"	"CC>AT"	"CC>NN"
"chr2"	90000786	"GA"	"CT"	"TC>AG"	"TC>NN"
"chr2"	118681674	"GG"	"AA"	"CC>TT"	"CC>NN"
"chr2"	123803563	"TC"	"AT"	"TC>AT"	"TC>NN"
"chr2"	153768821	"GC"	"AG"	"GC>AG"	"GC>NN"
"chr2"	165708166	"TG"	"CA"	"TG>CA"	"TG>NN"
"chr3"	3222980	"CC"	"AA"	"CC>AA"	"CC>NN"
"chr3"	18330855	"CA"	"TG"	"TG>CA"	"TG>NN"
"chr3"	26163842	"GG"	"AA"	"CC>TT"	"CC>NN"
"chr3"	49171568	"CC"	"TT"	"CC>TT"	"CC>NN"
"chr3"	54958974	"GC"	"AT"	"GC>AT"	"GC>NN"
"chr3"	55690241	"CC"	"TT"	"CC>TT"	"CC>NN"
"chr3"	69350701	"AT"	"GA"	"AT>GA"	"AT>NN"
"chr3"	89528353	"TA"	"CT"	"TA>CT"	"TA>NN"
"chr3"	106430433	"AT"	"GA"	"AT>GA"	"AT>NN"
"chr3"	127092154	"GG"	"AA"	"CC>TT"	"CC>NN"
"chr3"	166945073	"GG"	"AA"	"CC>TT"	"CC>NN"
"chr3"	168032761	"GC"	"AG"	"GC>AG"	"GC>NN"
"chr3"	195148305	"AC"	"TT"	"AC>TT"	"AC>NN"
"chr4"	23791053	"TT"	"AG"	"TT>AG"	"TT>NN"
"chr4"	49640381	"CG"	"AA"	"CG>TT"	"CG>NN"
"chr4"	60265761	"GA"	"TT"	"TC>AA"	"TC>NN"
"chr4"	61024587	"GC"	"CA"	"GC>CA"	"GC>NN"
"chr4"	67373374	"GA"	"AC"	"TC>GT"	"TC>NN"
"chr4"	126545827	"TC"	"AA"	"TC>AA"	"TC>NN"
"chr4"	164397064	"AG"	"GA"	"CT>TC"	"CT>NN"
"chr4"	172523298	"CC"	"TT"	"CC>TT"	"CC>NN"
"chr4"	174425911	"GG"	"TT"	"CC>AA"	"CC>NN"
"chr4"	180930288	"CC"	"AG"	"CC>AG"	"CC>NN"
"chr4"	182206369	"GA"	"TG"	"TC>CA"	"TC>NN"
"chr5"	21801991	"TC"	"CA"	"TC>CA"	"TC>NN"
"chr5"	27656999	"TC"	"AA"	"TC>AA"	"TC>NN"
"chr5"	36977767	"CC"	"TT"	"CC>TT"	"CC>NN"
"chr5"	92037297	"CC"	"TT"	"CC>TT"	"CC>NN"
"chr5"	97593565	"GA"	"TT"	"TC>AA"	"TC>NN"
"chr5"	102215115	"GG"	"AA"	"CC>TT"	"CC>NN"
"chr5"	110908088	"GG"	"AA"	"CC>TT"	"CC>NN"
"chr5"	123484458	"GA"	"TT"	"TC>AA"	"TC>NN"
"chr6"	20754279	"GG"	"TT"	"CC>AA"	"CC>NN"
"chr6"	32758756	"TG"	"CA"	"TG>CA"	"TG>NN"
"chr6"	37846873	"GG"	"TT"	"CC>AA"	"CC>NN"
"chr6"	62620137	"CC"	"AA"	"CC>AA"	"CC>NN"
"chr6"	84065909	"TG"	"AT"	"TG>AT"	"TG>NN"
"chr6"	101722090	"AC"	"TT"	"AC>TT"	"AC>NN"
"chr6"	108529588	"TA"	"CC"	"TA>GG"	"TA>NN"
"chr6"	141313086	"CT"	"TA"	"CT>TA"	"CT>NN"
"chr6"	144547415	"GA"	"TG"	"TC>CA"	"TC>NN"
"chr6"	162248234	"TA"	"AT"	"TA>AT"	"TA>NN"
"chr7"	2466393	"GC"	"TT"	"GC>AA"	"GC>NN"
"chr7"	5232966	"CC"	"TA"	"CC>TA"	"CC>NN"
"chr7"	30204595	"GC"	"AG"	"GC>AG"	"GC>NN"
"chr7"	67329382	"GG"	"AA"	"CC>TT"	"CC>NN"
"chr7"	81792789	"GG"	"AA"	"CC>TT"	"CC>NN"
"chr7"	82035689	"TA"	"GT"	"TA>GT"	"TA>NN"
"chr7"	95070353	"CA"	"AC"	"TG>GT"	"TG>NN"
"chr7"	105645762	"GA"	"TT"	"TC>AA"	"TC>NN"
"chr7"	115383625	"AA"	"CT"	"TT>AG"	"TT>NN"
"chr7"	131181875	"GT"	"TG"	"AC>CA"	"AC>NN"
"chr7"	145652597	"CA"	"GC"	"TG>GC"	"TG>NN"
"chr7"	147231266	"CC"	"TT"	"CC>TT"	"CC>NN"
"chr7"	152746990	"TC"	"AA"	"TC>AA"	"TC>NN"
"chr7"	152815883	"GA"	"TT"	"TC>AA"	"TC>NN"
"chr8"	5438132	"AG"	"GC"	"CT>GC"	"CT>NN"
"chr8"	17056953	"TG"	"AT"	"TG>AT"	"TG>NN"
"chr8"	19858448	"GG"	"AA"	"CC>TT"	"CC>NN"
"chr8"	49150688	"CC"	"AA"	"CC>AA"	"CC>NN"
"chr8"	77787805	"GC"	"TT"	"GC>AA"	"GC>NN"
"chr8"	104764276	"AG"	"CT"	"CT>AG"	"CT>NN"
"chr8"	111095853	"AT"	"TA"	"AT>TA"	"AT>NN"
"chr9"	9984858	"TC"	"AT"	"TC>AT"	"TC>NN"
"chr9"	29941545	"CC"	"TT"	"CC>TT"	"CC>NN"
"chr9"	38701466	"TA"	"GG"	"TA>GG"	"TA>NN"
"chr9"	114556500	"CC"	"AG"	"CC>AG"	"CC>NN"
"chr9"	136267620	"CC"	"TT"	"CC>TT"	"CC>NN"
"chr10"	3043635	"GG"	"CT"	"CC>AG"	"CC>NN"
"chr10"	3197350	"GG"	"AA"	"CC>TT"	"CC>NN"
"chr10"	8806585	"CA"	"AC"	"TG>GT"	"TG>NN"
"chr10"	21430465	"GA"	"TT"	"TC>AA"	"TC>NN"
"chr10"	31055766	"CC"	"TT"	"CC>TT"	"CC>NN"
"chr10"	79899285	"TC"	"AT"	"TC>AT"	"TC>NN"
"chr10"	80361639	"TC"	"CT"	"TC>CT"	"TC>NN"
"chr10"	107708277	"GC"	"CT"	"GC>AG"	"GC>NN"
"chr10"	109559041	"GC"	"TT"	"GC>AA"	"GC>NN"
"chr11"	11110749	"GG"	"TT"	"CC>AA"	"CC>NN"
"chr11"	23014613	"GA"	"TT"	"TC>AA"	"TC>NN"
"chr11"	23450884	"CC"	"AA"	"CC>AA"	"CC>NN"
"chr11"	59406731	"CT"	"GA"	"CT>GA"	"CT>NN"
"chr11"	99945894	"GT"	"AA"	"AC>TT"	"AC>NN"
"chr11"	118433166	"CA"	"TG"	"TG>CA"	"TG>NN"
"chr11"	122903775	"CG"	"TC"	"CG>TC"	"CG>NN"
"chr11"	131221340	"GG"	"AA"	"CC>TT"	"CC>NN"
"chr11"	133312187	"TC"	"AA"	"TC>AA"	"TC>NN"
"chr11"	133414895	"CC"	"AA"	"CC>AA"	"CC>NN"
"chr11"	134319426	"GC"	"AT"	"GC>AT"	"GC>NN"
"chr12"	3526111	"TC"	"GA"	"TC>GA"	"TC>NN"
"chr12"	5428515	"CC"	"TT"	"CC>TT"	"CC>NN"
"chr12"	8960159	"CC"	"TT"	"CC>TT"	"CC>NN"
"chr12"	17407434	"GC"	"AT"	"GC>AT"	"GC>NN"
"chr12"	25884833	"GG"	"AA"	"CC>TT"	"CC>NN"
"chr12"	25893646	"CC"	"TT"	"CC>TT"	"CC>NN"
"chr12"	40105764	"GC"	"TA"	"GC>TA"	"GC>NN"
"chr12"	65169517	"CG"	"AC"	"CG>GT"	"CG>NN"
"chr12"	74479376	"TC"	"CA"	"TC>CA"	"TC>NN"
"chr12"	94114629	"CC"	"AA"	"CC>AA"	"CC>NN"
"chr13"	17603791	"TT"	"AG"	"TT>AG"	"TT>NN"
"chr13"	90236285	"GA"	"TT"	"TC>AA"	"TC>NN"
"chr13"	90523653	"CC"	"AT"	"CC>AT"	"CC>NN"
"chr13"	93335674	"CC"	"TT"	"CC>TT"	"CC>NN"
"chr13"	94060718	"TC"	"AA"	"TC>AA"	"TC>NN"
"chr13"	98344389	"GA"	"TT"	"TC>AA"	"TC>NN"
"chr13"	106767131	"GG"	"TT"	"CC>AA"	"CC>NN"
"chr14"	65678572	"GG"	"TT"	"CC>AA"	"CC>NN"
"chr15"	38463318	"CC"	"TT"	"CC>TT"	"CC>NN"
"chr15"	90653144	"GC"	"AA"	"GC>AA"	"GC>NN"
"chr16"	10460302	"CA"	"AC"	"TG>GT"	"TG>NN"
"chr16"	17253392	"GG"	"AA"	"CC>TT"	"CC>NN"
"chr16"	20071613	"GC"	"TT"	"GC>AA"	"GC>NN"
"chr16"	34163568	"GA"	"TG"	"TC>CA"	"TC>NN"
"chr17"	21920485	"CT"	"TG"	"CT>TG"	"CT>NN"
"chr17"	38551564	"GG"	"TT"	"CC>AA"	"CC>NN"
"chr18"	4373027	"GG"	"AA"	"CC>TT"	"CC>NN"
"chr18"	11154894	"GA"	"CG"	"TC>CG"	"TC>NN"
"chr18"	16850771	"GT"	"AC"	"AC>GT"	"AC>NN"
"chr18"	22588708	"GA"	"TT"	"TC>AA"	"TC>NN"
"chr18"	32879204	"GA"	"TT"	"TC>AA"	"TC>NN"
"chr18"	52611499	"GC"	"AA"	"GC>AA"	"GC>NN"
"chr18"	58035156	"CA"	"AT"	"TG>AT"	"TG>NN"
"chr19"	9622564	"CC"	"AA"	"CC>AA"	"CC>NN"
"chr19"	15057785	"GG"	"AA"	"CC>TT"	"CC>NN"
"chr19"	19132689	"TC"	"AA"	"TC>AA"	"TC>NN"
"chr19"	21065693	"GA"	"TT"	"TC>AA"	"TC>NN"
"chr19"	22288408	"TC"	"CA"	"TC>CA"	"TC>NN"
"chr19"	30458998	"GG"	"AA"	"CC>TT"	"CC>NN"
"chr19"	34964631	"GC"	"CG"	"GC>CG"	"GC>NN"
"chr19"	53608975	"GG"	"AA"	"CC>TT"	"CC>NN"
"chr19"	53998950	"CC"	"TT"	"CC>TT"	"CC>NN"
"chr19"	54758524	"CA"	"GG"	"TG>CC"	"TG>NN"
"chr20"	6438513	"GG"	"AA"	"CC>TT"	"CC>NN"
"chr20"	20972795	"CC"	"TT"	"CC>TT"	"CC>NN"
"chr20"	42352344	"GG"	"AA"	"CC>TT"	"CC>NN"
"chr20"	46603825	"GC"	"TT"	"GC>AA"	"GC>NN"
"chr20"	61774321	"GC"	"AA"	"GC>AA"	"GC>NN"
"chr22"	26486641	"GC"	"AG"	"GC>AG"	"GC>NN"
"chr22"	46004665	"GT"	"TG"	"AC>CA"	"AC>NN"
"chrX"	29773412	"GG"	"TT"	"CC>AA"	"CC>NN"
"chrX"	33648425	"TA"	"AT"	"TA>AT"	"TA>NN"
"chrX"	43591074	"CC"	"GA"	"CC>GA"	"CC>NN"
"chrX"	44059515	"GG"	"AA"	"CC>TT"	"CC>NN"
"chrX"	53136329	"CC"	"TT"	"CC>TT"	"CC>NN"
"chrX"	65289655	"AT"	"CA"	"AT>CA"	"AT>NN"
"chrX"	80432401	"GG"	"AA"	"CC>TT"	"CC>NN"
"chrX"	80574496	"CC"	"TT"	"CC>TT"	"CC>NN"
"chrX"	109813276	"CC"	"TT"	"CC>TT"	"CC>NN"
