"Mutation_Type_Group"	"Mutation_Type"	"Frequency"
"AC>NN"	"AC>CA"	2
"AC>NN"	"AC>CG"	0
"AC>NN"	"AC>CT"	0
"AC>NN"	"AC>GA"	0
"AC>NN"	"AC>GG"	0
"AC>NN"	"AC>GT"	1
"AC>NN"	"AC>TA"	1
"AC>NN"	"AC>TG"	0
"AC>NN"	"AC>TT"	3
"AT>NN"	"AT>CA"	1
"AT>NN"	"AT>CC"	1
"AT>NN"	"AT>CG"	0
"AT>NN"	"AT>GA"	2
"AT>NN"	"AT>GC"	0
"AT>NN"	"AT>TA"	1
"CC>NN"	"CC>AA"	15
"CC>NN"	"CC>AG"	3
"CC>NN"	"CC>AT"	2
"CC>NN"	"CC>GA"	1
"CC>NN"	"CC>GG"	0
"CC>NN"	"CC>GT"	0
"CC>NN"	"CC>TA"	1
"CC>NN"	"CC>TG"	0
"CC>NN"	"CC>TT"	49
"CG>NN"	"CG>AT"	0
"CG>NN"	"CG>GC"	0
"CG>NN"	"CG>GT"	1
"CG>NN"	"CG>TA"	0
"CG>NN"	"CG>TC"	1
"CG>NN"	"CG>TT"	2
"CT>NN"	"CT>AA"	0
"CT>NN"	"CT>AC"	1
"CT>NN"	"CT>AG"	1
"CT>NN"	"CT>GA"	1
"CT>NN"	"CT>GC"	1
"CT>NN"	"CT>GG"	0
"CT>NN"	"CT>TA"	1
"CT>NN"	"CT>TC"	1
"CT>NN"	"CT>TG"	1
"GC>NN"	"GC>AA"	11
"GC>NN"	"GC>AG"	5
"GC>NN"	"GC>AT"	3
"GC>NN"	"GC>CA"	1
"GC>NN"	"GC>CG"	1
"GC>NN"	"GC>TA"	1
"TA>NN"	"TA>AT"	2
"TA>NN"	"TA>CG"	0
"TA>NN"	"TA>CT"	2
"TA>NN"	"TA>GC"	0
"TA>NN"	"TA>GG"	2
"TA>NN"	"TA>GT"	1
"TC>NN"	"TC>AA"	20
"TC>NN"	"TC>AG"	1
"TC>NN"	"TC>AT"	3
"TC>NN"	"TC>CA"	6
"TC>NN"	"TC>CG"	1
"TC>NN"	"TC>CT"	1
"TC>NN"	"TC>GA"	1
"TC>NN"	"TC>GG"	0
"TC>NN"	"TC>GT"	2
"TG>NN"	"TG>AA"	0
"TG>NN"	"TG>AC"	0
"TG>NN"	"TG>AT"	3
"TG>NN"	"TG>CA"	4
"TG>NN"	"TG>CC"	1
"TG>NN"	"TG>CT"	0
"TG>NN"	"TG>GA"	0
"TG>NN"	"TG>GC"	1
"TG>NN"	"TG>GT"	4
"TT>NN"	"TT>AA"	0
"TT>NN"	"TT>AC"	0
"TT>NN"	"TT>AG"	3
"TT>NN"	"TT>CA"	0
"TT>NN"	"TT>CC"	0
"TT>NN"	"TT>CG"	0
"TT>NN"	"TT>GA"	0
"TT>NN"	"TT>GC"	0
"TT>NN"	"TT>GG"	0
