Mutation_Type,SBS1,SBS2,SBS3,SBS4,SBS5,SBS6,SBS7a,SBS7b,SBS7c,SBS7d,SBS8,SBS9,SBS10a,SBS10b,SBS11,SBS12,SBS13,SBS14,SBS15,SBS16,SBS17a,SBS17b,SBS18,SBS19,SBS20,SBS21,SBS22,SBS24,SBS26,SBS28,SBS30,SBS33,SBS34,SBS35,SBS36,SBS37,SBS38,SBS39,SBS40,SBSR1,SBSR2,SBSR3,SBSR4,SBSR5,SBSR6,SBSR7,SBSR8,SBSR9
A[C>A]A,0.00088573353761,5.80318575095347E-07,0.02076280752635,0.042219521526114,0.011981303,0.000424530296135,6.69662819265224E-05,0.002329896105523,0.004828845280643,4.03814652059675E-05,0.044057479468466,0.00055814483527,0.002187995806592,0.000182380662806,0.00014554828057,0.004516983624679,0.001819219516342,0.00111752152051,0.000944161398161,0.016043045907191,0.002066762595395,0.000608230151232,0.05148924,0.001268705033275,0.000619120490681,0.000157238449381,0.006011249777763,0.0363885813155,0.000873394900733,0.000784310566193,0.001802150605957,0.003112135545226,0.004865428058647,0.008834993846935,0.025232781684058,0.003952650110968,0.012808187373854,0.011688399,0.028163163,0.006148290453118,0.003249757038764,0.067829453596103,0.00085482032667,0.025106043169203,0.119194673642031,0.141038397177705,0.015216279650848,0.005376113504622
A[C>A]C,0.002280349314856,0.000147875637053,0.016517857760252,0.033292042022343,0.009438857,0.000523829168911,0.00017921913423,0.000460877409807,0.00114717665962,0.000765299842514,0.047847442036973,0.00408878726364,0.001765293585661,0.00654133575801,0.000552480021299,0.001132114735914,0.00072087739318,0.013144744973991,0.000497020489679,0.002898265577275,0.000917815512482,0.000128845951667,0.015796795,0.000641095190808,0.001386368996191,0.002360417689828,9.53956578464265E-05,0.026535645184857,0.00052790834871,0.00252771038014,0.000506496423487,0.002229065773183,0.006956846013709,0.046242379495049,0.008318997257118,0.001453203090159,0.010074004526962,0.007151264,0.013409336,0.000778648870824,0.001180529370442,0.029717620810293,0.000841497148619,0.00703384100774,0.127275377104945,0.001688497045805,0.006537504747589,0.001959020133112
A[C>A]G,0.000176558071185,5.23007468256937E-05,0.001747059264706,0.015621491048216,0.00184565,5.19765802500015E-05,7.12306832017649E-05,0.000186146106968,0.000376585602325,0.000250021066176,0.004615044425983,0.00042592413331,0.000149802561869,5.3451857485364E-05,9.41189323801781E-05,0.000539872447866,0.000264003555988,0.000413013741691,4.61254966639108E-05,0.001023238196472,4.75949245173988E-05,5.81671084361841E-05,0.002434944,0.000245773585168,2.17521962252347E-05,0.000294112074717,0.000765095391254,0.014841220319496,0.000113641585797,0.000353156679462,9.12726505916767E-05,0.000414188001468,5.19617656173871E-05,0.001389059165817,0.002241865039689,0.001058931486864,0.0019035955062,0.002672041,0.002916778,2.22865756576227E-16,0.000549521441429,0.00137871949856,0.000258309960083,0.007111667242886,0.005770684936512,0.00479809895696,0.004136954207125,0.038106975998731
A[C>A]T,0.001281539711984,9.77791310753823E-05,0.012221826811364,0.029478562786648,0.006614184,0.000180107162674,0.000247961065908,0.000710096425306,0.001962669836231,0.00404909314223,0.047048748507572,0.003048263896938,0.017025405435264,1.63194283414423E-05,0.000265924107119,0.001222919120026,0.000347898653095,0.082599928512155,0.00111447161971,0.010564605142472,6.18229275597477E-05,0.000455672830929,0.021421796,0.000570744585161,0.001238472987961,0.000620957893173,0.001716603084311,0.022015908701646,0.000618700077765,0.003972023994639,0.000555546205732,0.001900954470312,0.001230216915893,0.021600489586553,0.017880957145027,0.001852636269369,0.008851208487195,0.007399695,0.014849552,0.000444094780489,0.000652791569575,0.011899330815349,3.88959214085388E-05,0.007971798350829,0.083202410576588,0.021180056185108,0.009237760329705,1.7087510759562E-05
C[C>A]A,0.000312148074052,0.000207919476208,0.022454092556666,0.08065634700522,0.0074277,0.001822644310858,0.000455319219534,0.001135697933729,0.000108518364098,0.014537400400409,0.040139811554426,0.00480247822495,0.003176327505335,0.000521362866292,0.000617526188828,0.005424569101292,0.001398059142029,0.016326845697044,0.041767779478163,0.01041823999024,0.000294664497711,0.000270554802099,0.073990864,0.001321977080498,0.037635432851692,2.2194388762593E-16,0.001829286671722,0.0254006359272,0.001410336888869,0.00203086221048,0.000768411999241,0.002701856406078,0.001945257250007,0.029933484433559,0.055767545273439,0.003221019480879,0.380672514794253,0.010133528,0.020767886,0.001179213436254,0.50596381519476,0.024596143658914,0.001182689255651,0.229183633919608,0.022505788848045,0.006984194655291,0.057395155202563,0.334494567099973
C[C>A]C,0.001786915745406,9.52533954182586E-05,0.02532437892386,0.07969074313847,0.006135331,0.004094977823916,0.000240170596366,0.001548892026208,0.003089904365334,0.003220773005015,0.038838039751423,0.001923439169551,0.000201806289057,0.003182716854223,0.000986436677317,0.004280559193577,0.000968181088377,0.019739961739843,0.005054111308444,0.009030049421586,0.001163636979683,4.11254136827302E-05,0.019562116,0.000767148422078,0.09891949216327,0.002599510031888,0.004428056825491,0.034912003195993,0.001512680877143,0.00010859446861,0.000388468092547,0.001910026922282,3.67418124800504E-05,0.032962469101569,0.020175159957665,0.000814052182943,0.06953089335962,0.009064989,0.014677655,0.000253324723645,0.045757101403412,0.005270955869274,3.57209897985051E-05,0.028561255228865,0.002890539577404,0.003167203900308,0.018968997498956,0.003548407409609
C[C>A]G,9.3195814550026E-05,2.22635489609214E-16,0.002511074162835,0.024463383984627,0.003458222,0.00164552497026,2.22739322789288E-16,0.000407520573348,0.001905626002415,8.50995388425394E-05,0.003414600994652,0.001372736788471,4.63569205867901E-05,8.37737255172413E-05,9.19696126031405E-06,0.001170688778086,4.3273329181604E-06,0.001381031236742,6.6236121270492E-05,0.001736428105639,2.21865696257427E-16,2.2258304039404E-16,0.011975881,0.000235646295867,0.007433260838047,0.001981222794319,0.000135834995619,0.015955810157899,0.000361775561474,2.22425251354507E-16,0.000406615837846,0.000370583758664,0.000298117829024,0.002202916757815,0.007096899844832,0.000746908874363,0.050986374228399,0.00573763,0.002542362,0.0003793513371,0.310680658254449,0.000271237175541,0.136808278310047,0.515480140381093,5.18255E-18,0.004297125831616,0.013620829387001,0.067745735108855
C[C>A]T,2.22566995648755E-16,0.000421296497065,0.015429196029965,0.068991478482567,0.00649239,0.009598362096797,0.000371855345799,0.001492193349629,0.013462202189792,0.00011736623684,0.032972030153828,0.003062139436549,0.017322351577495,0.008330633036586,0.000149940352232,0.001098376325139,2.2222414391543E-16,0.259961726043016,0.028713036445119,0.00249328727932,0.00013721965566,0.000181512763028,0.036334758,3.44418356971273E-05,0.252470547834041,0.019114364889488,0.000109921873485,0.017067134016378,0.007139660531086,0.000202804404364,0.000296838598043,0.002531857462047,0.00061967206971,0.082546976543774,0.060467135595841,0.001766326598277,0.183822121024323,0.006028826,0.014706351,5.41130282238937E-05,0.083035648720546,0.000681728773742,0.000844755700437,0.04904852707915,0.001148859419592,0.005065015288268,0.018792307173931,0.004923784304541
G[C>A]A,0.001578938299387,8.62424028862843E-05,0.007127861074819,0.031630731064509,0.010175037,0.000427105897188,4.06036937279617E-05,0.000745673179326,0.001049838685779,0.000168063530927,0.0242110352052,0.007723204914848,0.001214890483335,0.000730815258046,0.000164840436321,0.001983296363806,0.000949124727126,0.00208413254158,0.00228957551935,0.008612040583742,0.001777954572493,0.000997995515067,0.109395764,0.000813681041946,0.010779261576749,0.002144444862904,0.002226441256233,0.062172532419624,0.000496472496239,0.000156202089762,0.000942988933248,0.004409915423681,0.002813918580754,0.009868648687702,0.067730779890501,0.002038027745943,0.012037327779985,0.006883363,0.01422475,0.000516578679287,0.001164491935164,0.011072466344412,0.000752177993524,0.0078787086056,0.014158322844989,0.003941803375034,0.00824456935392,0.000432000802321
G[C>A]C,0.000339321448612,2.22635489609214E-16,0.010931240617833,0.034758786526662,0.007653191,0.000913190205625,0.000138415847163,0.000214850244917,0.000741723293269,2.2228427106592E-16,0.026210414919459,0.006679237576267,0.000441102744675,0.002548823312488,0.000404731281723,0.000417439125901,0.000451393823846,0.022360228242615,0.002494410870999,0.004249418393631,0.001283452216357,2.78156245917675E-06,0.017268608,0.000272201666816,0.005649706810852,0.007065877762501,0.001725396949733,0.128355203523831,0.000665824250222,0.001017703198254,0.000493809228343,0.00096791265159,0.00046755765901,0.050153373739661,0.019246101843896,0.000629306934941,0.006281944992925,0.006945461,0.010229396,0.000865507858416,2.38194498488267E-05,0.003480448800033,0.000345836696661,0.002479268006251,0.007575277699988,0.00327580254732,0.007318760595554,0.003436164163682
G[C>A]G,0.000586565184302,1.38823169240462E-05,0.001426706878883,0.015291823343482,0.002339587,0.000357281418609,4.25282274292207E-05,7.2897556174803E-05,2.21926971986794E-16,1.81864015343932E-05,0.00274157801676,0.000170932264496,1.0487944277165E-05,8.52249890001966E-05,1.39051376994369E-05,0.000446650847871,0.000163675541266,0.001107627752776,0.000403938975727,0.001360713663371,0.000106434104617,9.23903929032002E-05,0.007563395,0.000204675026783,0.001570107638738,0.001694125043858,0.000515218980079,0.065861938022952,0.000129317584001,3.94683854940006E-05,2.22305902791989E-16,0.00034189537252,0.000227366131003,0.000506930076544,0.004826684587851,0.000505806449577,0.001369509916681,0.004533306,0.002554252,0.00038993063858,0.001075737080384,0.000783341242825,0.000738976439067,0.006833512715159,0.000244257836535,0.004283245200631,0.004042039731503,0.050809301331642
G[C>A]T,2.22566995648755E-16,5.11588966681087E-05,0.010012331747764,0.021203305835907,0.006824349,0.001228474356655,2.22739322789288E-16,0.000147465402883,0.000363043459857,7.40483346560319E-05,0.026931385309441,0.008559673454048,0.011096238910509,0.002801700241841,2.21698690450376E-16,2.74897014032595E-05,6.15415249528407E-05,0.125929068535007,0.018202610767046,0.005802782051752,4.70438158146385E-05,0.000534192731152,0.062317232,0.000272778142569,0.002490755642766,0.008895555384485,0.000551115781523,0.054433219115876,0.000816932842666,0.000158082734249,0.000862248132865,0.0031881328619,1.3485088732249E-05,0.022853549595561,0.069010840318771,0.001285176511338,0.009094486563873,0.005886575,0.010772381,0.000133194833059,9.18892E-18,0.001411932997735,1.98761309246136E-05,0.005836424403367,0.002040644255666,0.003447322918828,0.004206679667257,0.001143592688896
T[C>A]A,6.57732639635801E-05,0.000638721910735,0.008413834794564,0.039809639679309,0.007861112,0.000356380467995,0.000389863058656,0.002901887497217,0.002516494475884,0.011360173071234,0.029756261539391,0.017047164470732,0.093967084929732,0.000446395843394,0.000180131331613,0.003481606567196,0.079032865464885,0.000347387110663,0.017237012451429,0.010753732713651,0.000189631315842,1.24293065888157E-05,0.073831561,0.001384025060021,0.001713221827525,0.001460062920493,0.0007843070885,0.029775847757503,0.000938111124283,0.01425568907464,0.000696095195756,0.011882475554375,0.004268284047963,0.005269199925497,0.141100806797653,0.001997516362038,0.01773364717375,0.005984428,0.026018264,0.002019249655216,0.011256874791885,0.016920927937451,0.124351724246314,0.032870599313012,0.01902631904025,0.035746499304483,0.464063530334234,0.002674161964953
T[C>A]C,0.002531385724888,0.000170368907585,0.016787161107474,0.046875737275127,0.00916665,0.000497895153672,0.000635500957632,0.00352344549133,0.01416488225051,0.007763054951638,0.025070688983234,0.002456965802352,0.009966757263376,0.003799992917375,0.000938367318786,0.002880576799317,0.029414949069335,0.02432810899035,0.005812577367463,0.005866696514672,2.59068169181348E-05,2.2258304039404E-16,0.043556285,0.001126589012272,0.003365016600315,0.000236358899546,0.001741762808865,0.051904545287295,0.000629672946144,0.000452347628992,0.000243468622948,0.005114273085745,0.001223407475709,0.023077890086349,0.077231510790947,0.00158757358968,0.011450618364869,0.007862894,0.021018897,0.000163253594865,0.001003435319099,8.11029042817108E-05,0.003790214342897,0.005113351130522,0.000885630229997,0.002859616750156,0.046825044445808,0.003643644918799
T[C>A]G,2.22566995648755E-16,8.53008665309412E-05,0.001406852883396,0.010919147154213,0.002302811,0.000199697157054,3.44273712822111E-05,0.000299857784823,2.21926971986794E-16,2.2228427106592E-16,0.001898601373952,0.000444773590591,0.001161067151598,0.000573091392067,2.21698690450376E-16,0.00050521810741,0.012112149861255,7.0830498068118E-06,7.68576102642754E-05,0.001487779586764,2.21865696257427E-16,9.51076172530084E-05,0.012702237,0.00028466559329,2.22499664680519E-16,6.83325817112105E-05,2.22008567432115E-16,0.009793295003263,0.000123482628248,0.000129170747438,8.2600318513634E-05,0.001370503620267,2.22111737139202E-16,9.47243581043558E-05,0.014666699012877,0.001124449189315,0.002378807406339,0.003006695,0.003170131,0.000204887116711,1.110555E-17,2.38746087037335E-05,0.709391087590699,0.040511563228228,4.1902322697122E-05,0.004539716672664,0.133718011123319,0.000447272445918
T[C>A]T,5.87630733289229E-06,0.000440075303619,0.009965002001217,0.041318185611907,0.012653814,0.000746828791339,0.000613177262993,0.001414417771313,0.003728797505692,0.00019085197741,0.03192531499879,0.02725655179305,0.670054702650196,0.081621584203903,4.7336229396564E-05,0.002350273508873,0.035479811811264,0.151499831502131,0.008048721597844,0.009250069022994,0.000287916440277,0.002574387292204,0.122280142,0.001383206485298,0.000904172543741,2.2194388762593E-16,0.000395532124978,0.022821769064916,0.001402035030159,0.000557390455212,0.000665056919603,0.012773171089882,3.20069148683654E-05,0.015267850765923,0.207566976540215,0.002436145667517,0.027828260455275,0.006553713,0.02414348,0.000406026576861,5.14181160297422E-05,0.000191703213067,0.000186888343983,0.008749606916869,0.001848988472372,0.000370430269592,0.060951503028101,0.000870815398907
A[C>G]A,0.00185562332674,2.22635489609214E-16,0.019704543899788,0.006894374935539,0.010099751,0.000471244085249,6.48898606711024E-05,8.56447381915669E-06,0.001119278796163,0.001178326688414,0.004332396788444,0.004835383989868,2.22706207514792E-16,0.00030544281116,0.000169751205534,0.001224181028742,0.003865899213713,2.22139419736305E-16,0.00011250240652,0.001736140253101,0.001008134454456,0.000145855329748,0.001727537,0.003186336452436,0.008766203801593,1.68557721051609E-05,0.001659693511557,0.003344033353366,0.000426736223665,0.000153501869572,0.001066522931354,0.001411844579251,0.000761749083763,0.003581480118477,0.001843669038815,0.034336689251733,0.002690505486558,0.047346091,0.012199066,0.000377277267631,0.000105791255354,0.001025257645285,0.00019787710599,0.000287627143899,0.003845378646649,0.00395641280045,0.001732602240553,0.007034635641025
A[C>G]C,0.001217104512676,0.000133364546017,0.011659802785851,0.002842186155833,0.005703118,0.000288736863047,2.15927590922399E-05,0.000188957456905,0.000319468297184,0.002548720014644,0.002953408976787,0.00195792606832,2.43319370584936E-05,0.00013374073058,0.000290439037887,0.000641782359945,0.00095132245474,5.78227403908374E-06,0.000268850339735,0.002014650628965,0.000569093005378,4.34206131874333E-05,0.002592394,0.001785052287002,0.001514551479102,0.000719140578201,0.00019489183847,0.003665249146908,0.000378482866736,0.000224197556698,0.000467447077162,0.001298966180947,0.001130887896926,0.00454925323296,0.001668623160453,0.011151887592554,0.001579515907595,0.022505993,0.008677695,0.000587590075919,0.000300290005605,0.000617405329474,0.000114002621307,0.000135301101917,0.001100678099835,0.004543412682968,0.001522642186096,0.005456556107803
A[C>G]G,0.000114995225302,1.52279599165547E-05,0.000252988820615,0.001279693256772,0.001719979,2.21535466825866E-16,5.07986260696497E-05,0.000504654831217,2.21926971986794E-16,0.000906368372636,0.000285847044675,0.001363377892679,2.22706207514792E-16,2.22157769578701E-16,5.96110992843905E-05,7.51198146542612E-05,0.000264233828859,3.9052993228535E-05,3.07035866884552E-05,0.000847410578778,0.000152264727105,2.2258304039404E-16,0.00191668,0.00061592574806,0.000468558785404,2.2194388762593E-16,0.000230728223678,0.00092006993023,6.83134896306288E-05,2.22425251354507E-16,0.000131370239757,0.000253027581614,2.22111737139202E-16,0.000346161827278,0.000500194319056,0.00535255644737,0.000636226715474,0.013632976,0.002253028,0.000276290064939,0.000271279287339,0.000327551336461,8.03380249861132E-05,0.00020444089366,0.000826501814856,0.001966901212384,0.00081767776127,0.002512676775167
A[C>G]T,0.001141520606584,9.11596628846162E-05,0.017430700889607,0.003551147346678,0.010052916,0.00025440179815,9.5632634724659E-05,0.000284622247411,0.001930783145897,0.002913070126064,0.005711715439162,0.006405140229644,2.22706207514792E-16,2.22157769578701E-16,0.000534584912928,0.001440150496128,0.003999899389967,0.000204392905758,0.000324598590225,0.011535165788721,1.96089136840333E-05,0.00031904543536,0.004081342,0.002137448859874,0.004423755015242,6.19193363176836E-05,6.20282602289773E-05,0.002847920749282,0.000728237403886,8.330376237748E-05,0.000730656149995,0.001300968513062,0.002031065440966,0.009481373052652,0.001914768300989,0.018775065858997,0.00244408077477,0.043365581,0.01462441,0.000250120025213,0.000378271305709,0.001721846116398,0.000686114691357,0.000175696953643,0.001972606372058,0.000900341973347,0.001706723297467,0.003039266420651
C[C>G]A,2.41207009276897E-05,2.22635489609214E-16,0.019312579169941,0.007831353591723,0.006961254,4.11229477530736E-05,2.22739322789288E-16,0.000458083357176,0.000206234732443,0.001319894205737,0.00499794363939,0.000892817614768,4.57416218323746E-05,2.98543422097626E-05,0.000260511430331,0.001344191992949,0.005607841994231,8.54966649296355E-05,8.35827972945272E-05,0.003554476806627,0.000553303862503,0.000194166388538,0.00061263,0.001766651275683,7.69326123657923E-05,1.9731595387773E-05,0.001045049526311,0.002605323670764,0.000363517232404,1.44416005965007E-05,0.001274050967947,0.001502831771276,0.000118550269414,0.003856695428144,0.001244455781329,0.000442144452576,0.001691952006355,0.028832951,0.007560093,4.7093517746466E-05,0.000162995133939,0.000956018390006,9.92853963633625E-05,0.000216482938636,6.5585606032966E-05,0.00284676417941,0.001183195858979,0.002718575978135
C[C>G]C,7.68226985144442E-05,0.000350535829143,0.014115272988977,0.006871597523141,0.009072962,3.7176626505631E-05,0.000130600343444,0.000960340842693,0.002264656900029,0.000285649452664,0.005459408769507,0.00154469140286,2.22706207514792E-16,2.22157769578701E-16,0.000177136811301,0.000890970376793,0.000647647654565,7.85929924861761E-05,1.7028264319104E-05,0.004544880700573,0.000235035094411,4.66245468381884E-05,0.002261513,0.001812247337989,4.38354182688496E-06,0.000272617717703,0.000785379711424,0.005220379353032,0.000322402765844,7.54547837129892E-05,0.000793326834326,0.000409959338469,0.000117499599988,0.006303161526647,0.001370127496374,0.000312850006959,0.001259126784444,0.037658528,0.009347825,0.00014191476659,0.000283042549076,0.000237020674726,0.000121992728335,0.000256182050199,0.000288533941658,0.000120157008479,0.000835245511853,0.006032303387954
C[C>G]G,0.000352217323744,4.86964828378327E-05,0.001504929233937,0.003403258972296,0.002489784,8.43073107503354E-05,7.74559472245705E-05,0.000791008114402,0.000261764953706,0.001318023215237,1.04688952706696E-05,0.000437181036217,2.00670214958084E-05,2.22157769578701E-16,1.1202620286485E-05,0.000173290339746,0.00048803074704,1.9063555865458E-05,5.0173455904834E-05,0.001458048603656,0.000231860199728,2.2258304039404E-16,0.003579722,4.80678249591168E-05,0.000187993384769,1.01260813388503E-05,0.000239046991642,0.00094534272673,4.17434190172021E-05,2.22425251354507E-16,0.000119714604152,0.000318020321752,0.00019018637215,0.000870132817957,0.000418508611138,0.000320637738657,0.000956807185748,0.012289098,0.001682001,0.000337372822754,0.000121894210742,0.000670471084229,3.62966962165095E-05,0.000237986387407,0.001420955728007,0.002026325410813,0.000567511673688,0.001620757072726
C[C>G]T,2.22566995648755E-16,6.36387593447253E-05,0.022300530004414,0.006822584682886,0.009531163,1.44227779147584E-05,9.5649095659843E-05,0.000890337353097,0.004237086626435,2.2228427106592E-16,0.005488408150424,0.00302679051841,3.00556741846768E-05,2.22157769578701E-16,9.64371878469328E-06,0.001560040729745,0.006401839491113,0.000177947603765,8.44650001745181E-05,0.009624417010968,3.89846604633053E-05,0.00019250656548,0.003792407,0.003220220509831,1.00563833066272E-05,0.00017320153027,0.000319774971355,0.004710536405348,0.000624900802012,2.22425251354507E-16,0.00101665032578,0.000661584598009,7.36145186647355E-05,0.016166149784518,0.0020875613145,0.000581116565249,0.001268414112719,0.040171187,0.013912379,0.00014569382453,0.000319603050933,0.000137363610247,0.000245235764534,0.000190517634856,0.000512246579073,0.002605421839622,0.001204644538972,0.000508459198987
G[C>G]A,9.58683560044786E-06,6.5362218441698E-05,0.012716266609652,0.005286371400064,0.004680733,1.94299891769579E-05,1.95684245650527E-05,5.11336539091461E-05,0.0001818686069,0.000196049359434,0.002583672628842,0.001363554968693,1.50415862093069E-05,1.72492991376393E-05,4.67387321144419E-05,0.000564069486814,0.001496675750161,2.22139419736305E-16,0.000994332654692,0.001053610081375,0.000877903011063,5.99406542442474E-05,0.000634666,0.001309606666543,0.000669383671186,0.000387898896635,0.001400248657709,0.002723653347711,0.000395000870735,0.000183117836034,0.000514693009335,0.000771175693717,3.33837496057509E-05,0.00338185298955,0.000885782682172,0.001316662583694,0.001195219174307,0.024021338,0.005062799,0.000163133697188,0.000273729622237,0.001681333709504,7.84365272066789E-05,0.000151678930688,0.026744575588249,0.003409909330472,0.001382594297094,0.001383646009533
G[C>G]C,0.000164278503181,0.000260865947763,0.008633741619182,0.005753699642709,0.00508147,0.000685073237446,3.32052546372467E-05,0.000451740418166,0.000473426006883,2.2228427106592E-16,0.00238767298056,0.002832595034182,8.31058085913294E-05,0.000136292861707,0.000114116020381,0.000288576451673,0.000478654547242,4.32628707249798E-05,0.000607612227214,0.003092425174161,0.000834920919499,5.5496528012134E-05,0.001337658,0.00129261525828,0.002861135782981,0.001415589340929,0.000929756744284,0.005793033516771,0.00057888271913,2.22425251354507E-16,0.000255857551156,0.000776178942455,0.000193053128504,0.021425430308232,0.001084023712172,0.000938360550166,0.00107896808337,0.021303913,0.005372345,0.000134967715942,9.95184599295377E-05,0.002282079047394,0.000216593455969,0.000110189261533,0.032968512239063,0.001136275541797,0.001445247057883,0.084682168886069
G[C>G]G,0.00016555386815,2.22635489609214E-16,0.002420071440012,0.003298802481025,0.001512416,2.21535466825866E-16,4.51484421261606E-05,0.000336903249238,0.000179559066467,0.000544748424951,0.00048819419393,0.000520988932449,2.22706207514792E-16,2.22157769578701E-16,3.24133355593647E-06,9.53549620689515E-05,0.000240650799392,2.22139419736305E-16,1.01184576023827E-05,8.13492881665279E-05,2.36629558275614E-05,2.2258304039404E-16,0.000639035,0.000596852616771,0.000691590821151,0.000117350415086,0.000210595685525,0.003140612372881,7.37809037694149E-05,2.22425251354507E-16,0.000116960550088,4.65829275509271E-05,2.22111737139202E-16,0.000590967443916,0.000172054360613,0.000577075703069,0.001024276913495,0.009859191,0.001193793,0.000202145210346,5.64570838133116E-05,0.000464700427943,4.30796787195523E-05,3.67239952145585E-05,0.002800500876083,0.000266515413046,0.001013392462549,0.002998618338033
G[C>G]T,2.22566995648755E-16,0.000134309330262,0.014719068555232,0.003041710288394,0.006715225,0.00032098976826,4.19618927320253E-05,0.000277396446035,0.00128162314543,0.000882162364446,0.00486391710191,0.008568629797462,3.54288545261874E-05,0.000113237141372,0.000185840263705,0.000504232844805,0.002703113039812,8.02652251157622E-05,0.000451473912654,0.003233699078537,0.000786529394688,2.2258304039404E-16,0.001233202,0.000319865139203,0.003021652497749,0.000206886861064,0.000454861787802,0.003377959209756,0.000304522620273,2.22425251354507E-16,0.000398522500318,0.000931373794372,2.6870017133663E-05,0.008743829702559,0.001049128878948,0.001274691128784,0.000917094721951,0.032426382,0.00698499,6.42868636897748E-05,0.000319471532994,0.002224429937853,6.52617726776442E-05,0.000207876389563,0.01425581958177,0.002854119202949,0.001018940326119,0.000573480121477
T[C>G]A,2.22566995648755E-16,2.22635489609214E-16,0.013268097736542,0.003583962810723,0.007807611,4.96626658391972E-05,2.22739322789288E-16,0.000253594699188,0.001939231685052,0.003737466128101,0.001472661145569,0.002691629183715,5.54621242921569E-05,2.22157769578701E-16,1.56018820199144E-05,0.000968512062409,0.316653356227989,1.96579501571573E-05,0.000213567101609,0.002510969018711,0.003753458004782,0.000160085943219,0.002141175,0.001754927350583,0.000129020855873,0.000654302933833,0.00355858388387,0.003751642895319,0.001312690143108,0.000114958226804,0.000126618397488,0.013012959130043,6.17979479474889E-07,0.006631087950437,0.003978342966872,0.001792143496524,0.002663147932669,0.034700296,0.012528042,0.000529021448314,0.000505352011489,0.000138023824901,0.000136566718137,4.80038878788489E-05,0.000931940649189,0.002049453867677,0.001982610944202,0.003739211965124
T[C>G]C,0.000203474734722,9.8662807942662E-05,0.02034754115138,0.005949974128751,0.007601644,0.000112833567998,5.08825377109886E-05,0.001621473696427,0.004606832321635,0.000587655538938,0.001341827430951,0.002001801020677,2.22706207514792E-16,2.22157769578701E-16,0.000224212620446,0.001550853060079,0.063508395980649,0.00015012069697,6.11826278003604E-05,0.005231833743712,0.000723446610185,6.17560055281664E-05,0.004640643,0.00312073592589,2.81572439503096E-05,0.000631139794063,0.001516829597581,0.005584315679303,0.000745302615754,0.000135786228272,0.000985686235961,0.002505605486796,0.000139849731079,0.005634868222563,0.002413543180216,0.001109087929168,0.002183175674606,0.036723114,0.014067683,0.000347599294396,0.000476066670293,0.001185776808358,0.000349908866313,0.000153323076793,0.000493028526862,0.003608492005766,0.001443962877935,0.004991870066267
T[C>G]G,6.94114311020966E-05,4.11997656699005E-05,0.000519548516516,0.001834571796665,0.001712403,1.94730635501781E-06,6.35064924601416E-06,0.000363932502582,8.75002893655237E-06,0.000873184069877,7.81968215628915E-05,0.000404311601604,2.22706207514792E-16,2.22157769578701E-16,2.21698690450376E-16,0.000214072079246,0.013823471492516,1.83129340902778E-05,5.83823556761E-05,0.000439347274161,0.000379620484703,1.54619192727627E-05,0.000898585,0.000441352532651,0.000124257035219,6.27295759720626E-05,0.000381258980045,0.001351099722727,9.40843946041907E-05,2.4597592485621E-05,0.000105514397991,8.03915893245978E-05,2.22111737139202E-16,0.000155474673533,0.000302284675715,0.000860198473925,0.001098145952555,0.009620206,0.00174486,6.58847661598448E-05,0.000214319891115,0,2.82345137268929E-05,6.32548501583506E-05,0.000103207122578,0.002163920191955,0.000581035276255,0.001872962075765
T[C>G]T,0.00155915808486,0.001180746749374,0.023480033433278,0.003376002681391,0.012457804,0.000128476747586,0.000280933497716,0.000713934451258,0.012274610838111,8.5305292301028E-05,0.000248887864206,0.005630153654872,5.45262363230044E-05,4.33834262254078E-05,0.000185451725568,0.003047476985059,0.369229352307132,0.000320909031116,0.000173694294914,0.028471862481474,0.000282660392965,0.001498179590829,0.0031752,0.001614801608302,0.001121432363888,0.000687099159271,0.0003881352787,0.004074930439473,0.002208374008035,0.000142686287904,0.000108674903035,0.020112491345215,0.002151879983333,0.021164459651554,0.007588588053225,0.002554745573135,0.00394908392706,0.050656751,0.023660512,0.000761280955609,0.002057350719967,0.000924302807956,0.000147885394209,0.000543598278528,0.000421073368836,0.003330872809213,0.002417343621631,0.003740439982358
A[C>T]A,0.025043800896454,6.10903093896123E-05,0.014200884034717,0.008703688150452,0.032609025,0.064050366378188,0.000122216117339,0.001406086924432,0.001332349496288,0.003329098807802,0.006805494461119,0.008104894757594,0.001037573035149,0.000548921913109,0.025819279023542,0.00551410982593,0.007182167621595,0.012380616105061,0.005053454372511,0.001764204500739,0.00122121139617,0.000570707564295,0.009197881,0.027959216015485,0.049310444985341,0.002173304806965,0.001756489265539,0.011786469289311,0.00266084253248,0.000776670267779,0.105968850244261,0.005311263726941,0.003516588193571,0.00220502225028,0.005963806502704,0.006238510906787,0.003454995215025,0.009595166,0.019719449,0.002758382189497,0.000238990526031,0.00427074890982,0.000287048980402,0.000575180246509,0.003523043104136,0.035826981136002,0.002693538039891,0.007216362301682
A[C>T]C,0.006324563382672,0.001378922711874,0.012398083232669,0.004175472621536,0.017921998,0.022877340408049,0.017660737112816,0.038050313588939,0.00767725313776,0.001399079489452,0.002819801193233,0.005424836271841,0.000833844513681,0.005246867300216,0.147093191036074,0.002117132831233,2.2222414391543E-16,0.010063949242631,0.006907786976961,0.003731396216465,0.001711448249352,7.03270582584602E-05,0.004654631,0.014134796447584,0.013018860678996,0.003920806499734,0.000220413569016,0.011228449144663,0.00254302631696,0.003380838393604,0.090433525662009,0.002129722552169,0.003712121701303,0.003992052772084,0.003283503553364,0.003055969377179,0.002151403062526,0.004042448,0.012053829,0.001335929602894,0.000313987451054,0.000939964383896,0.000437528483058,0.000303273694181,0.001796748424758,0.005649166822117,0.002099088280702,0.001958147489769
A[C>T]G,0.365012896848837,3.26606305149708E-05,0.002568132131997,0.000782570729047,0.006176237,0.120001882393882,2.22739322789288E-16,0.00054280765197,0.00092700179733,0.001205664828229,0.003229462338109,0.00438445411246,0.00556861991366,0.000414095259963,0.007578825434811,0.000117686777205,0.000302988911416,0.026469361587276,0.074524388171121,0.00326898726142,3.95196168367653E-05,0.000286611761356,0.012206638,0.001553849421885,0.013322376057251,0.007402158709848,0.001362947904922,0.000513595689386,0.005325266077844,0.00704777346928,0.014393124512731,0.007163316718884,0.00011795941243,0.000579571937866,0.007069871078838,0.006329195761586,0.005177030190009,0.006003673,0.000267323,0.004209597674657,0.000737947591185,0.003045933302331,0.001205399981117,0.002009638325284,0.013942013198074,0.005651176356882,0.004077380148285,0.006951038257993
A[C>T]T,0.0095760821411,0.001864605525443,0.012126685795428,0.004251933933141,0.02199642,0.021313271155836,0.0074239365974,0.010848522342571,0.00747740500606,0.032883983527559,0.012548343012007,0.006488007593916,0.002991565716394,0.007932037422421,0.109282556585095,0.002379652317331,0.000318093889251,0.016100862272269,0.001782005382885,0.006004040622022,0.000737209463317,0.000146624019117,0.007971766,0.03684195629752,0.012970416600419,4.16939254286552E-05,0.000615953672583,0.009146821472277,0.00278524037408,0.005062660437711,0.029250067252074,0.00307247130714,0.003865713757456,0.000899677497195,0.004307806785437,0.005649218174398,0.002439431747677,0.012802808,0.016946058,0.000298167040133,0.000686299974946,0.002487967365092,0.000234817370016,0.000414577108463,0.006917740762777,0.003195072047892,0.001764987202667,0.001939006819594
C[C>T]A,0.002002102072945,0.004316458911871,0.016086208462885,0.012704361398009,0.019440092,0.013638728199573,0.050015659322064,0.106563821281174,0.002709082709281,0.035585272160619,0.002665865675084,0.007243688591516,3.68079918705465E-05,0.000151413128012,0.004065906156805,0.006588988299872,1.9336093616958E-05,0.002726008574082,0.010828765334619,0.007169206791442,0.000821272365263,0.000457449785542,0.011715693,0.119250952760494,0.010631121774563,0.001347649488684,0.001208012578395,0.005376841599808,0.001690798168503,0.000291802071999,0.110318438011241,0.004593396704439,0.00475029616883,0.005097660338761,0.006747052211932,0.003608734575379,0.004239625985845,0.009105253,0.019636818,0.001519901210278,0.00041499352097,0.000863570844471,1.82287916534375E-05,0.000470498498849,0.00383877486799,0.003231315006069,0.003269081171848,0.014619790617104
C[C>T]C,0.000270130191146,0.000169917188593,0.020243946118687,0.011500167453313,0.018954241,0.014792314694225,0.05525928908456,0.182212400457911,0.005966833451963,0.002601393558953,0.004017147383756,0.00875523607219,2.22706207514792E-16,8.44456649921002E-05,0.12603332689038,0.000253903075216,0.001349679943982,0.001377513369665,0.011100934266619,0.002837990318107,0.001720928270598,5.88692745845308E-05,0.006764274,0.092023902418495,0.012989422668802,0.00516147921043,0.003192957834263,0.00885263933388,0.002833863119049,0.000209907453799,0.103108664756204,0.001533786360245,0.000514105290857,0.083165613507609,0.006684998689311,0.002098539751551,0.004731932496841,0.003860921,0.017331553,0.001882073250834,0.000224870709231,0.004605362486545,0.000300683132733,0.000492825078534,0.004248166181202,0.004703477764867,0.001815102414241,0.004601289524545
C[C>T]G,0.195616784646529,0.00276545483843,0.002238564110996,0.00331087517016,0.017486898,0.122197749781166,0.006706797745282,0.022076069231683,0.008935101065798,0.002635954008088,0.001493568668957,0.006512949533933,2.22706207514792E-16,0.003696975851926,0.000920197885742,4.09401192667725E-05,0.001994390600503,0.011645711883351,0.024759077987145,0.000691208650237,0.001898802709554,0.000542791044047,0.016826711,0.015684847989816,0.016508505241707,0.006223530575613,0.000426120403201,0.006353721476146,0.003341811707273,0.002554108738468,0.016825887302355,0.005881176795557,0.009446945235143,0.002674645937094,0.005333988034846,0.003273389035929,0.003499949344196,0.007572343,0.002357252,0.004064747430234,1.01933395508348E-05,0.001519388609919,1.87075888909375E-05,0.001376276648275,0.001075985026743,0.020671055871699,0.002384641268952,0.013719108711665
C[C>T]T,0.000195899287825,0.00145491706199,0.023045426364188,0.015962159358047,0.023056498,0.013771318160459,0.056555710985405,0.125837672932715,0.020555332091073,0.000138089263346,0.014498486346781,0.011100332267799,0.00010299715496,0.000594773173977,0.065131344647836,0.003381263442601,0.001452036155384,0.00135947477082,0.015637986918477,0.019272173808948,0.001735098575636,0.000136264609544,0.006647393,0.257657562486,0.011662687398638,0.000324786579947,0.001602804397791,0.004289962032801,0.001652364683323,0.003318304079262,0.046165401332777,0.002699930960007,3.53482273386524E-05,0.046981989124787,0.005753669516964,0.006064823325692,0.004097008966551,0.006993182,0.021591482,0.002511922954509,0.000135300347663,0.003003249114844,0.000478534736,0.000518631887882,0.01191250358792,0.004055208277926,0.002574744205764,0.016042329974287
G[C>T]A,0.004439243109367,2.22635489609214E-16,0.016443066720258,0.00409172511337,0.01939754,0.093586066907355,8.48987964077731E-05,0.000855421766249,0.000157089540031,0.000365288103178,0.000276479614002,0.006979531659034,4.21717665404271E-05,0.000363199629864,0.019695221728497,0.004479027631172,0.007181771233723,0.017120266034509,0.07368353324356,0.006501703917111,0.00163788545334,6.11423473333422E-05,0.00967954,0.061029937361576,0.042199057706029,0.009322855891406,0.002378223924787,0.029912782111464,0.002754052167768,0.003249674610677,0.04965106221832,0.005347969469937,0.000232984424033,0.007286584975976,0.0037160782255,0.002554864138681,0.002368973037738,0.008029737,0.014324791,0.001238096294729,0.000691364612933,0.001058396165017,0.000344566444754,0.000183698567862,0.002416086841131,0.004469351180622,0.001775108323534,0.009179032452479
G[C>T]C,9.28445403556022E-05,1.28893246419032E-07,0.013437722562442,0.004460210083225,0.021618073,0.111138382908931,0.011694378234447,0.026265872671211,9.50839818086468E-06,0.000181158086308,0.000245110412405,0.00653313335551,0.012507749604989,0.015116521335798,0.11540163474237,0.001818555592151,0.000921034267098,0.008155527284616,0.129057919453378,0.005288239034555,2.21865696257427E-16,0.000157407893999,0.008172024,0.039734901321189,0.053206925012115,0.019635675202157,0.001867558616211,0.043682793387181,0.00545419505592,0.000187712878065,0.060976884954955,0.00513695260261,2.22111737139202E-16,0.017770625733939,0.003403828735126,0.002312378303776,0.002960710487888,0.004495121,0.011585621,0.001443419181319,0.000282675303958,0.001709854597649,7.3861731163285E-06,0.000117736618723,0.001584450420316,0.003087938535417,0.001217267629319,0.01193873513852
G[C>T]G,0.218424679497788,2.22635489609214E-16,0.000528355019609,0.000482101454408,0.012271321,0.178245846699201,5.51995622564362E-06,0.000176422325794,3.42883597874929E-05,0.000157094491813,0.00190688290649,0.004757043116849,0.014859097703073,0.012618782451827,0.001782047415411,7.46493564696283E-05,0.000178083040143,1.91506424883629E-05,0.276995701269452,0.001172791124034,0.001609601273896,0.000854540130522,0.014792314,0.003207892064292,0.020498849820105,4.33726747515669E-05,2.22008567432115E-16,0.025400241163205,0.006682504319268,0.000215098950184,0.005235059796091,0.005841240497632,0.016740036233524,0.002533523360243,0.005704841612148,0.004322643406611,0.004484604915081,0.005481505,3.92965E-18,0.00335929098751,0.000590686105776,0.00172446038245,0.000303027213192,0.001037891001752,0.00550467892527,0.004275267939234,0.002826000740122,0.005992889818634
G[C>T]T,3.84172670034493E-05,5.04462126338204E-05,0.011313550297635,0.003808362984278,0.018567565,0.074428303926062,0.016114498249725,0.005386193114294,0.000758345544378,0.042102411177602,0.0046108654143,0.010742446776519,0.013523799529682,0.031898296893427,0.069643448142682,0.002671564574026,0.001267508321929,0.010512629955672,0.077239353788827,0.006720380500659,6.59987130439725E-05,2.2258304039404E-16,0.006687918,0.108533523723221,0.033113308361809,0.008048726037458,0.001758524307972,0.020300998306616,0.004979655422062,0.000101929641363,0.017706541510604,0.003929862046712,0.0005173130666,0.006029472151251,0.003626261087569,0.002316208042167,0.003200388371125,0.008610134,0.012674995,0.000894253550056,0.001054358751548,0.004036394913532,0.000109862335536,0.000307968632876,0.016274078815265,0.005954983556011,0.001019855003971,0.00310349306054
T[C>T]A,0.001108231037529,0.535518520336389,0.005764245352578,0.003738066523068,0.020306255,0.011978800016597,0.23821798410784,0.006605004299824,0.0172858336042,0.000207433897744,0.005041761075231,0.004271916575477,0.000366266458109,0.002725844071815,0.009779823963605,0.005522361133557,0.006928416789244,0.003538760169807,0.026483127788714,0.006362278218911,0.000532321375868,0.000107584605416,0.01138274,0.043861347529757,0.00806764814571,0.003600490698974,0.001593437438043,0.002400153263734,0.003294495365761,0.004838155921857,0.097976934327101,0.014723190814152,0.001861163904788,0.002955844865677,0.010743931450813,0.004019247627124,0.006449176286757,0.003883341,0.030045698,4.07474931245403E-05,0.000163107833998,0.007243955027854,0.000214351261863,0.000186613959456,0.019411666870029,0.001703394208554,0.001470612163778,0.005730045113029
T[C>T]C,3.73121738210814E-05,0.09730387493811,0.013285978244963,0.006991432650476,0.022964213,0.010525532851505,0.33139340223618,0.211035112361353,0.013747584020373,0.005647455740087,0.000252348262878,0.007333383910216,0.002756164769916,0.048495146182219,0.158064888070695,0.002644561179571,0.004484732305679,0.00013676399002,0.009563971332453,0.003681622068977,9.05786682961205E-05,0.000603755468386,0.011368906,0.025018741891762,0.00918600131758,8.07115416989915E-05,0.001316733604332,0.012209642551695,0.002529402512938,0.004130352105037,0.133501767329482,0.003170439230607,0.000289012463875,0.012564546987299,0.00686090275457,0.002500460459296,0.007234387824534,0.005280066,0.02310735,0.00095751379481,0.000585533595085,0.037106559905795,0.000316791854513,0.000581751346608,0.103557852659235,0.001765199437704,0.00152575877571,0.005766460176404
T[C>T]G,0.110058330508682,0.044248213063231,0.000988585772076,0.000281404157109,0.015863599,0.052011731820787,0.074063994752992,0.057438086845064,4.64370504773652E-05,0.001750700531845,4.17261697591615E-05,0.003264695714258,0.002785639878832,0.436779559134381,2.94171903035069E-07,8.84607357813877E-05,0.001193648924344,0.005322068725502,0.021239471268297,0.003022547019376,0.000177180259821,6.23970206354453E-05,0.011832992,0.00432274482255,0.002643185938348,0.000316694101796,3.77008619292691E-05,0.002692210984389,0.002634131494209,0.001740503567171,0.014699011428298,0.003850720512034,0.000299888569136,0.000764909382051,0.003894898694788,0.003426396407339,0.003474992902153,0.004857378,0.002115537,0.001733917290886,0.00067091439098,0.001939482965283,0.000401840742581,0.000933571372852,0.003966104139392,0.006485069289857,0.002193115075321,0.010186871826051
T[C>T]T,2.22566995648755E-16,0.300459572453823,0.008173209314131,0.007219897237842,0.021042485,0.006990155971359,0.107179862899897,0.102101211389432,0.002317866193946,0.049987101821601,0.005270282788284,0.00545500830363,0.022828508190012,0.128170552999384,0.119467867682198,0.006122768322167,0.001418036430226,0.000359293741258,0.001741724292623,0.0220778395577,0.00034809222397,0.000895444061415,0.003754636,0.062892869142898,5.00045087869999E-05,7.31278267130974E-05,2.22008567432115E-16,0.004714545841596,0.002134249637984,0.001986892139777,0.05254491626086,0.009042773114671,0.000807984102321,0.008037198433158,0.008330704993437,0.005840640549829,0.0065801810575,0.004225332,0.022358489,0.003907142299995,0.000108627644292,0.080880935739929,5.84965135536021E-06,0.000311858463984,0.081775647629217,0.042389094654438,0.001649671940983,0.007711255152733
A[T>A]A,0.000799696849061,9.58964461057347E-05,0.005487414414456,0.009423910779805,0.007381538,9.82107098484453E-05,0.001935893105539,0.00249452291719,0.012442999803276,8.88622490418423E-05,0.019495340189151,0.012693866186579,5.07197890015898E-05,0.001821347592421,0.000416956576567,0.005172792663304,2.2222414391543E-16,0.000613158417159,0.002040067459996,0.023079165183498,0.001011905420358,6.25599739585347E-05,0.002487876,0.000785606464857,0.0005111818091,0.003462367499894,0.063871160375766,0.001579142160628,0.001520226966876,0.000172159619203,0.000363052414861,0.000868312323472,0.103090745013548,0.004894296481996,0.00243702907473,0.002247460240703,0.001986713630937,0.005305569,0.006102435,0.003974489383192,0.000455085308175,0.137617481400536,0.000660296548088,0.000129125557114,0.005358711346749,0.112863397439213,0.001774389340683,0.005890602549172
A[T>A]C,0.002233767128207,0.000877751505227,0.007207603193479,0.003525750840655,0.006931745,0.000545852816323,0.000669911818598,0.00046660068647,0.003423834751385,0.001079663608601,0.021333444952211,0.002819243498144,0.000193933531543,0.000337400526938,0.000441058816978,0.002706102729832,6.5154739751642E-05,0.000372047162674,0.000840787302161,0.007743841708579,0.000997133407098,0.000289058580298,0.000877551,0.000254676198543,0.005187302564793,0.005650077259754,0.007013081064144,0.00224658864646,0.003524080358584,0.000477541136639,0.000393403464392,0.00113655360205,0.044353685478914,0.007358873498808,0.001430732943917,0.001657420730949,0.001940660229512,0.002875074,0.00443878,0.000223265763858,0.000238972454078,0.007161377818913,0.00026567404982,7.78040672457898E-05,0.003944631090394,0.001353569885566,0.001184691854752,0.00258506155502
A[T>A]G,0.001139333848655,2.54737161278947E-05,0.009639994469887,0.012361533695991,0.009120536,2.21535466825866E-16,0.00058693840744,0.001555820918809,0.000211072757842,0.003704509126221,0.022785184363111,0.002764280254346,2.22706207514792E-16,2.33817592952191E-05,3.93469340372485E-05,0.003117237995617,0.000589931653544,0.000354463203782,0.000539889763396,0.008812631695738,0.000200111183043,6.57478543336722E-05,0.002599456,0.000951625691709,0.000303457172119,0.00024760633539,0.060553721106309,0.001996470838357,0.000625049039664,0.000152180016831,0.000637901501262,0.000696466800848,0.03461907260178,0.001327377125465,0.002533801765129,0.002485378860047,0.001079908343051,0.006937513,0.006934304,0.000352355710663,0.000473890423996,0.007454716754903,0.000464681477546,0.000240978324342,0.000573040413836,0.036752500702383,0.001187063133102,0.002874488707188
A[T>A]T,0.000183409661901,2.22635489609214E-16,0.006107147117137,0.004211213543222,0.006196503,0.001658087770722,0.003709470847733,0.008292874899612,0.050658526248878,0.041072851463127,0.024980664470789,0.018867356362733,0.006656034586385,0.002847444900666,3.40090088308749E-06,0.002821806700452,0.000605549135375,0.001847438961307,0.00953825065447,0.011027008921436,0.001464148321847,0.00063306292313,0.007840324,0.000654282629978,0.025639890875997,0.001597425164901,0.002507825655014,0.001799175102619,0.003067796383386,0.001702469152384,0.000489908003962,0.00507011053925,0.315591773883369,0.007373836397716,0.003070912759313,0.002766108893699,0.002724318703823,0.006118791,0.010726256,0.000727565013886,0.000172838638791,0.067561426714774,0.000675394962699,0.000353957057717,0.002412317605623,0.029499319403329,0.001187711804334,0.0046277710511
C[T>A]A,4.29882857532017E-05,0.00024310266348,0.007943104787421,0.014407842825893,0.003538512,6.66102183075401E-05,0.000176577751283,0.001124039399739,0.003472128106385,0.001614615743489,0.018956506746094,0.004789938056524,2.22706207514792E-16,7.09189632645229E-05,0.000184329927076,0.000545611528483,0.000209114496352,0.000155470338432,0.000347978198592,0.003209315675574,0.000433507073793,9.36055975873419E-05,0.000542289,9.59956924575135E-05,0.000143724831103,6.19280131560635E-06,0.128372355027939,0.001316107550052,0.000943527912962,0.000140003473072,0.000214183194366,0.000745581679683,0.023702231304685,0.052550179267186,0.001258041579871,0.001567489509929,0.000897184393441,0.004940579,0.001093388,6.64055442601063E-05,0.000311298877525,0.014020599104246,8.62202487620864E-05,7.41136767439469E-05,0.000192724774403,0.00611493754271,0.001220155048484,0.003686887058456
C[T>A]C,0.000392733792938,0.000243703985698,0.017846101908051,0.012236010255149,0.005186414,0.000550532617618,0.000261419485284,0.000958424729053,0.013373256803662,8.12664597256687E-05,0.029221939743617,0.00313048923421,2.22706207514792E-16,0.000106069436123,0.000211556046214,0.005599462407683,0.000342316694479,0.002951563372689,0.000244138118752,0.005698646385449,0.040489769331871,0.002243971967197,0.00305636,0.000403149050179,0.006482201145824,0.000688093960843,0.055096788032615,0.001866337133601,0.001445496327718,0.001348231844246,0.000777336332888,0.000992101279097,0.000408568144606,0.032967661522271,0.001455124450358,0.001164551407753,0.002020929307086,0.006442003,0.007619511,0.000514293153883,6.2846004670056E-05,0.000570848231096,0.00010196982192,5.13773604363554E-05,0.000535197106385,0.001492805267119,0.000231309458907,0.004500180394235
C[T>A]G,0.000324144920903,0.000148994299295,0.013237335286078,0.032536092201339,0.005011076,0.000114941828128,0.000111969228699,0.000882925577175,0.000961119618625,0.001195742195432,0.027568084242692,0.00530628334794,2.22706207514792E-16,2.22157769578701E-16,0.000304592632245,0.001413917426867,0.000226253001393,0.000316529284802,8.20309023732935E-05,0.00103334616524,0.012392652101102,0.000716536422794,0.003212378,0.000293603624997,0.000122867018051,0.000124544747837,0.168144953662655,0.005034015548698,0.001144266566299,0.000806319404953,0.000586741599979,0.000479017628151,0.001166959055107,0.058177204025189,0.002141352736144,0.001601982971657,0.001784561743815,0.006802627,0.003459704,3.80774969579236E-07,0.000275089729487,5.81923992080702E-05,0.000309649770501,0.000232064870978,0.000516038826501,0.006523273871095,0.001229143286029,0.003301268572991
C[T>A]T,0.000259777297736,2.22635489609214E-16,0.012687945354104,0.011765314307912,0.004298649,0.000179006216782,0.000371316634164,0.000111638274042,0.048687564230484,0.00115455927821,0.041835810607626,0.004440038847484,0.000376447996963,0.00023362795213,0.000162308800422,0.001500366194626,0.00052295622306,0.001384459070377,0.001049280653528,0.006526792183186,0.072319093532122,0.00778511065109,0.002263434,0.000217910648985,0.000101808787544,2.2194388762593E-16,0.0603206860509,0.004800994685844,0.000642070204218,0.00103250661469,0.00061236458339,0.001116094708103,0.000267519835714,0.066350513961646,0.001956618697781,0.002058331823153,0.002357447038268,0.008274973,0.009283855,0.000132447270979,0.000833176334174,7.59976847103384E-05,0.000362452922685,0.000106098582256,0.000209251019383,0.003620781266623,0.000856430514812,0.008605156980711
G[T>A]A,8.11873525849404E-05,2.22635489609214E-16,0.007062583995604,0.009217570862431,0.003665858,5.0979121713069E-05,0.000400642092142,0.000526321401191,0.001732260879435,2.37283100029937E-05,0.012767614898867,0.00264659899312,3.31057899525821E-06,2.22157769578701E-16,1.542716973696E-06,0.000826032972873,6.70296791852661E-06,5.7728795465677E-05,0.000511187449122,0.000939715050431,6.46243428177401E-05,9.73069317609057E-05,0.001595268,0.000189327534126,5.55795516745059E-05,0.001171261620143,0.053669227006965,0.001573613625928,0.000783324451336,0.000116424433673,0.000329172623299,0.000809750988064,0.019007402032802,0.000716958901364,0.000879594795983,0.001154064102087,0.000892585349703,0.004964444,0.002646593,0.000109480576768,0.000136078911267,0.015993593519737,0.000129859651971,5.03640679942064E-05,0.000732331751862,0.020375465897819,0.000524073756319,0.004451325579971
G[T>A]C,0.000129398400446,0.000130984090429,0.007477883127946,0.003603390282259,0.00290559,0.000489276698658,0.00022400196492,0.00025571291383,0.002265445053244,0.000111632289953,0.013503309325316,0.0021162753417,2.22706207514792E-16,0.000122819384901,0.000374529080939,0.001805504188404,0.000129825396176,0.002730028817634,0.000589045481994,0.000608247307962,0.003398174214857,0.000346669518021,0.001954218,7.78458731040088E-05,0.002564032649474,0.003264523298388,0.010232587928566,0.002351063445346,0.001149722261161,0.000117545034987,0.000181735723794,0.000361890969176,0.002415084442214,0.005556235687191,0.000630724744959,0.000774177801354,0.001115941155532,0.003517003,0.003432145,0.000109954628681,0.000193492812852,0.0002284559655,0.000123797567148,9.10265947646243E-05,0.001051679949106,0.003847556590081,0.000398644435114,0.002701927674208
G[T>A]G,0.000245669765224,6.37975894691198E-05,0.01155978610143,0.013096999042938,0.004106,0.00019511951469,0.000289548065238,0.000655739769464,2.21926971986794E-16,0.001353153586273,0.015629043153562,0.000787546683447,7.29963998487981E-05,2.22157769578701E-16,0.000119420672631,0.002514659045527,4.70180286882555E-05,0.000119786483667,0.00018657656396,0.005552179602108,0.00069500298435,0.00024100463619,0.001828451,0.000485794657251,0.002130203403387,0.000741842605783,0.037476275615762,0.002489781524604,0.000607618520704,7.16962916377439E-05,9.8554130962907E-05,0.000827084602402,0.006534023711146,0.001116744543711,0.001169877412839,0.001083858314035,0.001211286674142,0.006668247,0.004408779,0.000360191279833,0.000186035130676,1.31148174440185E-05,0.00014292153776,0.000110289086417,0.000198968404983,0.004286087348537,0.001290009858866,0.003964965121416
G[T>A]T,0.000257959525919,6.27585501101059E-05,0.012334808327119,0.005517807637988,0.00321786,0.000248460944228,0.00030627243922,5.58987298309795E-05,0.020286680538687,0.008764921089617,0.028070423056284,0.00256314906453,0.000426004024821,0.000108239644991,0.000163667706305,0.000914518916091,0.000357625335725,0.000857224924145,0.000840258421613,0.000966493970476,0.004798392609262,0.001578801263568,0.003463588,0.000282715978843,0.004301924484329,0.000937146299653,0.009323731524552,0.001311710962598,0.000833777081851,0.00032418387461,0.000190675430397,0.001762609345356,0.007477648948622,0.002858969004932,0.001122025360973,0.001684802131359,0.001843944337152,0.004086663,0.005772109,0.00063706231541,0.000613621284846,3.28446698036718E-06,0.000230688819691,0.000131071302459,0.000785793808402,0.0001463739373,0.00081077969197,0.00310551923879
T[T>A]A,0.00671861808006,0.000421559275754,0.006506504207017,0.008883950755126,0.006309482,0.000454258695625,0.000356495668274,0.003244332653172,0.01542267256928,0.016652222497172,0.01149455137683,0.02600101730868,0.00203840096876,0.003061219577229,0.000186220426056,0.00375275794298,0.000296457987912,0.000199897737673,0.001089094060436,0.012278094319642,0.000119266395143,0.001191121551971,0.010796332,0.000494010025219,0.012017769622558,0.000256912169865,0.071768987145585,0.004115608354534,0.001133225977415,0.000188445478075,0.000281778677939,0.004100714729201,0.271920033923451,0.004296173425837,0.002461788410031,0.002450204806088,0.002440094461921,0.006694649,0.007127139,0.001130504491596,0.000646626419715,0.156156245082952,2.35356781203225E-05,0.000420402199865,0.001689147778222,0.020078973087965,0.001049621083363,0.003095805938997
T[T>A]C,2.22566995648755E-16,0.000192132336008,0.010493859220509,0.004312636614995,0.004143619,0.000113713327562,0.000388599285313,0.002243288036871,0.034230383154227,0.001227221462351,0.019486454363258,0.001852738386942,0.000359837673714,0.000665031521542,0.000202337942529,0.006454649697566,0.000231995719664,0.00172879530707,0.000157044085403,0.004665115341812,0.005701691060342,0.000242271303392,0.002728442,0.000474948777209,0.000318022641606,0.000794981960302,0.023647433480204,0.003270766514093,0.001258994579691,0.001250874335438,0.0002413954502,0.000216504338753,2.22111737139202E-16,0.005301777980956,0.001023281205621,0.001126077130621,0.000927697616769,0.003690643,0.010257519,2.22865756576227E-16,0.000278534636151,1.23379078147153E-05,7.64318640260315E-06,5.69779142079582E-05,0.000664191755467,0.002582262016223,0.00046938400111,0.003562142712605
T[T>A]G,2.80310273071296E-05,5.0112036204951E-05,0.006714256680808,0.009538976768536,0.004792082,2.95039264140793E-05,2.22739322789288E-16,0.001700285470679,0.012245631366405,0.005595103118915,0.012852419906357,0.016712881978452,0.000692502510616,7.05527322568615E-05,0.000200571516567,0.00277185838881,0.000187601362991,0.000357149326433,0.000148764874243,0.00518203073419,0.001827154545253,2.2258304039404E-16,0.001788744,0.000372811175077,0.000175848216896,9.84891363568613E-05,0.07316746604294,0.001989884679084,0.000277547348611,0.000320956259777,0.000190464138797,0.000659608109413,0.007765851491401,0.001382853851832,0.000871863603358,0.001279207334388,0.000804066391333,0.005463304,0.005023487,4.23880886164703E-05,5.40001037704694E-05,0.000452104830092,8.32364810109237E-06,7.5329702156142E-05,7.54088591679001E-05,0.004031707621365,0.000778341337611,0.001604800591923
T[T>A]T,0.002254962930621,0.000204847644266,0.012971812241512,0.00561666674598,0.008754387,0.000426359535425,0.000797581219826,2.21845718347766E-16,0.279223159702369,0.027309239835599,0.037860670710899,0.01697555370747,0.005289869048583,0.001523881873792,0.000673696694467,0.005246604010018,6.20294790612417E-05,0.001815832927108,0.00047464379079,0.007158280651474,0.00197614814597,0.001306073247275,0.007103222,0.000673039832461,0.006714145926408,7.6395373322118E-05,0.030122550348522,0.002185099092611,0.001313417118891,0.005719610077868,0.000701236866007,0.002723461708901,0.045987747826173,0.00541425908057,0.002703946779607,0.001948528876872,0.002504241715031,0.010743137,0.020970048,0.000530251520814,0.000860016127981,0.004352959079378,0.000426163806669,0.000330967002824,0.002948743285059,0.006382377246595,0.001338711689777,0.005077558804794
A[T>C]A,0.001090289566262,6.1655759025504E-05,0.016492523755859,0.007952972070283,0.04615214,0.002212329218642,0.000490320099536,0.001015160050943,0.000287767875792,0.004358597372459,0.009772203107047,0.02025015721602,0.0007446507915,0.009351518552901,0.001135536289103,0.073613135727811,0.001906475637699,0.012551693644384,0.003885405588836,0.241605769371864,9.65085138840191E-05,9.72726510041106E-05,0.002016579,0.002588503814619,0.010678906554112,0.016736389081071,0.025029612276728,0.006397690961849,0.08482652913221,0.000548574731356,0.000610521011278,0.01249826899782,0.004615314109859,0.002044534143468,0.005254331643248,0.073259895338506,0.002790334769361,0.011197205,0.018746972,0.001293277300871,0.001221130533186,0.002834676155018,0.001097995524471,0.000612971324145,0.002630006025835,0.002592595471079,0.003752863594608,0.011293534127118
A[T>C]C,0.003044468873617,2.15364241677047E-05,0.007757071805367,0.000715432825596,0.013439262,0.001127710940392,0.000227231361866,0.000455881362202,0.000533386637211,0.003926535667431,0.005011699329045,0.01051797258966,0.00362305410795,0.000510060765531,0.000937665409777,0.040346196305717,0.000142127246624,0.006296405647821,0.001964721982766,0.012860038316887,0.012685936748777,0.000252037128458,0.002085911,0.0005942962051,0.004545822627782,0.010021110021137,0.000898670917983,0.002180969193539,0.026083626670714,0.000441066113533,0.000458492783398,0.003745900213568,0.001225676767761,0.000820666336792,0.001688957931054,0.038406763871675,0.001638712669659,0.005642028,0.007339301,0.000276607270864,0.000418360818955,0.005670781509518,0.000189415961116,8.13507526558556E-05,0.00927839654971,0.019250472805686,0.001881710121179,0.003698419316618
A[T>C]G,0.000106461931506,1.31832039361209E-05,0.012346372950573,0.005001879072674,0.038225726,0.004238552052326,0.000186515830955,0.001501487980367,0.001069580920997,0.009193124040191,0.006982481279939,0.014275113039486,0.002139841846616,0.00053083543806,0.000319685455992,0.070504859665419,0.000427856695307,0.012411884562292,0.000239608512457,0.06390955503398,0.000375556890762,2.2258304039404E-16,0.002079871,0.002306070049502,0.018607263369654,0.003877524485481,0.007752694194176,0.001762249476884,0.078507412688343,0.000404953059071,0.000276647251788,0.073398983940496,1.95469199213451E-05,0.000920205867653,0.003836324939627,0.016806833256254,0.002173593967979,0.009644081,0.015454101,3.5191406187477E-06,0.000414498705216,0.002094789006231,0.000284516294201,0.000199889178546,0.00112742946186,0.003951279182964,0.002616078815117,0.008254563599275
A[T>C]T,0.005740803757106,0.000155088760466,0.0173367482946,0.001555899001256,0.038303704,0.000501858826267,0.000614609231707,0.002153089716062,0.002652305809582,0.051019705420023,0.014857189124731,0.029036871875428,0.00336048925751,0.000149626662151,0.001189461790526,0.063752192885721,0.000958657437234,0.005974890021655,0.000929030430337,0.13606635605251,0.00778504536345,0.000544069990339,0.004236457,0.001735996667684,0.000103170403201,0.025644692816883,0.000755042162264,0.002440501454476,0.037157195732082,0.000595376115343,0.000545259274132,0.009209974664394,0.002341870922182,0.002030271219833,0.005122847534092,0.048028679932787,0.003485026483717,0.01362596,0.019439666,3.62568541838469E-05,0.003499922722484,0.001297515384692,0.001114862394995,0.0004818839433,0.004923156109077,0.001870333778263,0.004923067944453,0.00717647525496
C[T>C]A,2.22566995648755E-16,0.000302239960851,0.008833266078118,0.005176832158884,0.013339147,0.001659750918827,0.00045082367395,0.001533844344763,0.007571343993555,0.010159272303261,0.002390359984855,0.013707306595905,0.000122411191546,0.001316011797876,0.000328017528943,0.045398968406568,4.73845280551894E-05,0.003162952301664,0.000750199927708,0.010697848359171,0.011062102870992,0.000647025467796,0.000386012,0.00045186381466,0.01168569298236,0.0115362577057,0.006741138680628,0.002270848058348,0.052022069018312,0.001316734482037,0.001268442733453,0.015068830067958,0.000593709239051,0.001331574277035,0.001498669179893,0.049966294825684,0.00195477247488,0.007336555,0.010878003,0.000879106747208,4.70243411937723E-05,0.001910208806602,0.000145106394571,0.000121438232327,0.00083915824375,0.004183914486865,0.002386636254283,0.010113475264039
C[T>C]C,0.0025024414447,2.84715872694333E-05,0.014489678266901,0.002364084578249,0.010446768,0.001025364624066,0.000259365589231,0.000839634942627,0.003578773031943,8.89037992729148E-05,0.006995584178425,0.015337565462019,4.12195478943642E-05,0.000123544842744,0.000713059638718,0.049715384551889,0.00012223328412,0.005336286590962,0.002151665192048,0.003171010897408,0.173276938872684,0.006458175712451,0.002462991,8.13598270986612E-05,0.004832084286479,0.002824015659832,0.001340456607922,0.0022422319401,0.031223478606385,0.002624837287605,0.001383198437481,0.030086216392261,4.04386978526571E-05,0.002015597967397,0.00188280014881,0.021781293004926,0.00232064182831,0.007909584,0.009867294,0.002786158225083,0.000802149517666,0.006279216943471,0.000449935417475,0.000178014152597,0.017732100951868,0.071089691794055,0.001311372023653,0.004066742313172
C[T>C]G,0.00036047773078,2.22635489609214E-16,0.010137266410695,0.005498211407096,0.020799469,0.005319946028353,0.00010422874073,0.000730069667065,0.002172364678271,0.000934583271759,0.001261437624858,0.015390328403274,0.001053514445983,2.52802448158447E-05,0.000130655018353,0.037426302579993,2.2222414391543E-16,0.004472099192033,0.001388825699393,0.009605478238644,0.087282101278914,0.003920676941312,0.001623388,0.000498193018598,0.026121345043038,0.014411467554359,0.00202544389358,0.004218098175076,0.078659442458362,0.002492427290244,0.001272361412449,0.040002160242103,0.000811096109999,0.001559398313588,0.00185492781528,0.009949819929739,0.002541557946578,0.007770445,0.010484518,0.000580130913067,1.47559047116179E-05,0.00310419808636,3.20918488028408E-05,0.000107936474118,0.002422681728894,0.002931119794956,0.001229783525069,0.008486536482094
C[T>C]T,4.26124774545227E-05,0.000185970735951,0.015777903577567,0.002561334843716,0.014886903,0.001268112108706,0.001816725291965,0.005733838064085,0.04308716683693,0.039683058686074,0.006455838796805,0.032916228186171,2.43686970683373E-06,0.000814793283923,8.45368171997068E-05,0.045937200727853,0.000112068715901,0.002061860935161,0.001754783833167,0.015540672173203,0.425928968951946,0.018289577290268,0.002557993,0.000391345637857,0.006900640852477,0.021709668601207,0.000536077565212,0.003627147081774,0.05551304286981,0.000367013256744,0.004097987492571,0.003066272964775,0.001591536764232,0.003180228034792,0.002164289551184,0.050358480701041,0.00427215104111,0.008594154,0.013612058,0.002102369939266,0.000346386442663,0.005454116636824,6.77069607585818E-05,9.74335017769404E-05,0.001384593147011,0.006636955520458,0.002344843850729,0.005415768046307
G[T>C]A,0.001052499680141,2.22635489609214E-16,0.009983862326028,0.00290445659287,0.014136571,0.002570798352346,0.000100513546318,0.000265976465113,2.21926971986794E-16,0.000800475675083,0.002597509784039,0.0095175723491,0.00219800192303,0.014709050972714,0.000808720138138,0.07106271608759,0.000287333127507,0.010982677205117,0.012900509889249,0.002058017712955,0.000122764896466,5.94916626590667E-05,0.00070847,0.000953761449161,0.002756800998558,0.222522661043248,0.000720945488362,0.003699797829719,0.083544052226571,0.000491068222084,0.000935376253653,0.012230074526064,0.000108848165626,0.00056528106385,0.002340092767958,0.030747742904847,0.001702222708981,0.007474652,0.006011175,0.000761244501292,0.0006761059758,0.000417320882407,0.000156992369185,6.5867833424695E-05,0.001376584019817,0.001183417763792,0.002420951811616,0.005613167335857
G[T>C]C,0.001904625329331,2.74329068309576E-05,0.005644748656328,0.001182422355484,0.007940898,0.001110798848938,7.41448813842018E-05,2.21845718347766E-16,0.000423214094892,0.002320004849442,0.002618901068265,0.009776587075122,0.006278136501826,0.005325335234196,0.000859875071764,0.030421851278939,0.000182251197784,0.00654035896425,0.011623991160966,0.001191509347897,0.014935514544081,0.001495882601625,0.002255062,0.000370501998303,0.002262702814533,0.066345714180828,0.001244610393277,0.003650360559519,0.024804198819226,0.00058733290353,0.000555469045311,0.007942506153897,0.000645515602769,0.002029290378163,0.001400947458148,0.018223859487954,0.002161426529016,0.00688614,0.004577308,0.000635096212556,0.000316602497297,0.001091067109942,0.000129320103883,0.000150798639609,0.005379120923523,0.002271732767266,0.002045276914996,0.006683962276664
G[T>C]G,0.001174989786747,0.000106501243318,0.010907046002441,0.002367159257995,0.014956141,0.002454324640926,7.25001025186003E-05,0.00052943913552,0.000231700252363,0.002567635916745,0.002808542779577,0.006305236777363,2.22706207514792E-16,0.001375125628205,0.000561412466691,0.041512752352224,0.000195060360811,0.010950011419034,0.005946371800871,0.004275824334998,0.00357273833115,0.001010217892606,0.003981425,0.000953169888904,0.004061408354298,0.117098704674423,0.000581400045882,0.002665713280595,0.07124554243196,0.000730700202435,0.000501021354957,0.207023605439595,0.000439876848396,0.000190679696811,0.001836858951471,0.009831086412747,0.001867764652775,0.005744696,0.005650491,0.000500095866987,0.000729066270609,0.003098575678049,4.67279694773572E-05,6.52978915169628E-05,0.003709929302101,0.004555906835083,0.000913746021452,0.002561770424608
G[T>C]T,7.13173520910626E-05,1.24782599949403E-05,0.010173573992243,0.000755106905295,0.013717502,0.00090564358174,0.000810974195333,0.00684591717898,0.007072402405321,0.31804332714397,0.00629331503451,0.009863549558048,0.005286210523203,0.011495593465836,0.000236925984793,0.046328949880702,2.2222414391543E-16,0.011235003541662,0.00585670523644,0.002401559580645,0.005236030213625,0.001465716006365,0.003146459,0.002364296560445,0.000927504437246,0.133047348724884,0.000834216851077,0.003985963887237,0.055193340305028,0.000850923640855,0.000445452961709,0.009708851784731,2.22111737139202E-16,0.000421285054474,0.002645218202079,0.040037123020041,0.003053415653116,0.007512456,0.007313382,0.000695659207294,0.000568609758141,0.003191076565968,0.000109673490699,0.000175349954606,0.001170669407405,0.004009582289201,0.003114479350244,0.00699191417902
T[T>C]A,0.000254672461254,2.22635489609214E-16,0.015229873690655,0.002411136491713,0.017980097,0.001479438400471,0.002152715119225,0.005996452386023,0.030199087425604,0.081235231079332,0.00208028539611,0.013959214294622,0.000729763385403,0.008861964592293,0.000112931873698,0.086055698335979,2.20846114199055E-05,0.006272323713476,0.003422092045827,0.012958786995856,0.002091433937812,0.001063920152934,0.001798922,0.001236372447472,0.013775013606799,0.084180385956129,0.004633937874529,0.001460616471026,0.042269110848248,0.001305036750248,0.000544495272219,0.011022943971635,0.001399210846077,0.000367706211806,0.002968990088981,0.047728577925539,0.002109188923992,0.005935787,0.010220307,0.00023983131057,0.000297669998619,0.001367110622274,0.000604505103131,0.000173214323847,0.001089556535449,0.004457543708754,0.002765293163954,0.007105715490605
T[T>C]C,0.003392990774644,4.34752952324096E-05,0.008994761841245,0.00050296519333,0.00970613,0.001085319851345,0.000596095004524,0.001733184564375,0.020885875760789,0.014293131380456,0.002644792958607,0.013605351069797,0.00516885168979,8.09555353419235E-05,0.000466866335779,0.046299734629902,2.49047674128921E-05,0.002881156271316,0.005915794662133,0.003673844821886,0.015265596302355,0.001103544551774,0.006184433,0.000553400363009,0.016583394682531,0.054813344023121,2.22008567432115E-16,0.003002351362894,0.031438887936618,0.002045997605675,0.000285656519459,0.012451016594573,0.006236428878424,0.000821572688567,0.002277662727593,0.045134450340514,0.002190668363394,0.006444534,0.007551856,0.001090930968969,0.000572662748746,0.017527546789703,0.000404026248908,8.47214385058927E-05,0.028956245184205,0.003930895218911,0.002184322089829,0.005033016893753
T[T>C]G,0.000415900595848,0.000117161588532,0.006926826878097,0.001740538480445,0.012707255,0.002128605853337,0.000318675836555,0.003807105673495,0.012928639577847,0.022776681502385,2.21936799121116E-16,0.009308809063848,0.000363009907023,0.000668330015346,0.000154671160054,0.040007815390829,9.97570945851299E-05,0.004307961426852,0.001324076682779,0.007227737333806,0.002349245622654,0.001206774138391,0.003264063,0.001075582357992,0.011954749389252,0.027624692185953,0.001221714419077,0.002032898979889,0.030300448553967,0.001410257101587,0.000203126974249,0.32044339822196,0.001101823290763,0.000437705115794,0.001375418945749,0.010021054440467,0.001918368033047,0.00497886,0.006014704,0.000108635389771,0.001591754050409,0.001583968392492,0.000296554720521,6.31137567409842E-05,0.001024326373136,0.002469461775179,0.001067101593659,0.004716649605835
T[T>C]T,0.004327254514921,3.58410579159777E-05,0.013907300685505,0.000635557312041,0.018518582,0.00173711042796,0.000812227755929,0.002970767625099,0.088058848268578,0.043086506384519,0.004572551230892,0.03840051256031,0.003251873453987,2.5115578720233E-05,0.000105586103321,0.059715494174513,0.000530898307534,0.002921842980853,0.001345421229782,0.008389993052514,0.020967511480689,0.001002082136635,0.00337241,0.001469926314155,0.019254039819692,0.040694853231242,2.22008567432115E-16,0.003668202884907,0.05739746463079,0.002058983211315,0.000445292579806,0.009115669957911,0.00708177129775,0.00106362243947,0.002801169508455,0.061444165502918,0.003064913121872,0.009484074,0.010164564,0.001319661722811,8.57685374935188E-05,0.011549342879242,0.000532137801215,0.000208133869302,0.005107352623966,0.021323325018155,0.001998144529913,0.002189976058585
A[T>G]A,0.000172429369299,0.000237523708702,0.003951842532248,0.001048550898766,0.003857911,2.5687211953697E-05,0.000473353155537,8.44312142750629E-05,0.011862574012103,0.003700895096253,0.001636587022924,0.045120973707979,0.001917054093187,3.47432151462005E-05,0.00021820654965,0.002008801301432,6.13957302586748E-05,0.000211736314473,0.000468386585621,0.011235434664948,0.000851483574275,0.001411433153766,0.000720739,0.002326206029254,1.05368245364089E-05,0.000391865141918,0.002325114281032,0.003213685873751,0.002915927922503,0.009867950420359,3.90225487441647E-05,0.000979337073743,0.002817241480996,0.003052412852349,0.001091411163023,0.021704121945068,0.001150370110886,0.003877365,0.007226889,0.025049623711274,0.00050878570605,0.000170684514152,0.000517131474421,0.000195628052288,0.000743275075998,0.00072283608788,0.001725721522361,0.004594497364095
A[T>G]C,0.000206687667191,7.46470596035993E-05,0.002602422783335,0.000159294521584,0.002599022,0.000203898181923,0.000246583794364,0.000931722436782,0.001047653457022,0.002660889712176,0.000667696246532,0.006925566532377,0.001241029988059,5.32763904144911E-05,4.66953137214121E-05,0.00066411011158,2.2222414391543E-16,0.002973805224984,0.00041511311714,0.004409177462128,0.000700164724657,0.004482000175613,0.000858319,0.001886297453816,2.13176058495129E-05,0.000437491115655,5.08941741881042E-05,0.001398732174425,0.002531822159593,0.017291324410408,0.000110434163538,0.000302029841638,0.000461573236944,0.000966004290008,0.000622521727922,0.010586036041163,0.001066561554881,0.002974384,0.007048899,0.01049569602937,0.000255038172025,0.001719786140406,4.09686714029638E-05,8.28189902698552E-05,0.000606681661572,0.004091426319697,0.000528856558053,0.002898054967681
A[T>G]G,0.000268328490851,2.04568076351115E-06,0.006304137484177,0.001416049811717,0.007938097,0.000106806706609,0.000275873155339,0.001465966166844,0.000604487947012,0.010605767472749,0.004770043210406,0.005332083654867,0.00031988623956,0.000523179438801,0.000179380868888,0.000807612148187,8.25388538169587E-05,0.000708893573629,0.000184811994167,0.004620590604476,0.000718762447082,0.000989945386447,0.001993271,0.001773133765082,2.68801337408571E-05,0.000186954246797,0.002950707596116,0.002061739882299,0.002292942026776,0.007684191499494,0.000410419512218,0.000475334142465,0.000197372548401,0.004482509320759,0.000936009324367,0.016816286325706,0.002073244911858,0.007661281,0.00805801,0.02610415900018,0.000564805144879,0.00368196208677,0.00035117899399,0.000125643275233,0.003936981948804,0.027753942283702,0.001190888715678,0.005058738077504
A[T>G]T,0.000111567132207,3.75802466938168E-06,0.003973071910434,0.000215921690691,0.004827529,0.000385717206564,0.000308621214603,0.000732659284785,2.21926971986794E-16,0.014260968175202,0.000739606333666,0.023923016106769,0.009223633671529,2.22157769578701E-16,0.000284830153175,0.001279897009635,0.000320255649844,0.011123587559908,0.003630360711176,0.007955156033759,0.012536274696201,0.069125857402784,0.001838284,0.001620634785903,5.8184822603482E-05,6.9485601586805E-05,4.18170520959115E-05,0.004707850258558,0.005931324773716,0.115180635779735,0.00079436674879,0.000757878899872,0.00114986460852,0.002634755596628,0.000984334488321,0.024684698428351,0.002864258417438,0.006415461,0.018022782,0.016447309574152,0.000229502094368,0.008084231774791,0.000198656562432,0.000125864991936,0.000102543847589,0.002131277093022,0.001856460890604,0.002061604290888
C[T>G]A,3.54789644817211E-05,0.00015346348458,0.004366161448547,0.000870267496476,0.002588643,4.94822342632304E-05,8.41759168965069E-05,0.000359110492346,0.003275513391312,0.001483118416983,0.00122205636661,0.025959557317668,0.000154797589402,0.000226575491335,2.21698690450376E-16,0.000893245845215,4.13548612226264E-05,4.84881947198555E-05,0.000205596510838,0.003957153226079,0.000309660626247,0.002054116308476,0.000110866,0.000713711403661,0.00096292675929,4.34650508025544E-06,0.004914546245235,0.001426139952106,0.001423822609801,0.014605871375432,0.000198047676304,0.00072773396153,0.00105693152831,0.00371269384334,0.000477575953766,0.002601960606789,0.00098252023531,0.00529598,0.003354141,0.003226430392618,0.000330277076098,0.000137051098018,0.000133675073892,0.000105665310565,0.000894161447172,0.002776246478241,0.000802690124728,0.001487522303312
C[T>G]C,0.000212181132558,0.000154817455654,0.007039722469322,0.000441360910397,0.004606214,0.000784042958823,0.000171640827721,0.000791863099294,0.005576340578701,4.97846831435576E-05,0.001949707835758,0.007411175645662,2.22706207514792E-16,0.001152685270782,2.21698690450376E-16,0.001139422597762,2.81862376029048E-06,0.001209976224113,0.000156671960912,0.001079979470256,0.001036159443883,0.031397596476059,0.001990558,0.002090564361583,0.001595070213765,5.44450795724476E-05,0.000880261476947,0.000880496827396,0.004944280707204,0.022060869934419,0.000215147048162,0.000948638683322,2.22111737139202E-16,0.000517924315932,0.000566433872712,0.002376220363174,0.001413483298085,0.007390704,0.005668455,0.00415782430116,0.000146281238591,5.14731413048756E-05,9.27963074249066E-05,2.67085080778062E-05,6.18226827067017E-05,0.002557140037395,0.000775360413521,0.004236588247733
C[T>G]G,0.000128086942293,0.000120595523387,0.010708158922249,0.003787521539483,0.006130705,0.000924000380014,2.22739322789288E-16,0.001289943921575,0.001191798558816,2.58374233340307E-05,0.004697593809997,0.014163041336702,5.34597412856598E-05,0.000478761278828,2.21698690450376E-16,0.000593144139439,2.2222414391543E-16,0.000435194086719,0.000271774023334,0.002240374636996,1.93569600903245E-06,0.013690564250422,0.002928863,0.001327215685996,0.002705804572626,2.00996692480573E-05,0.008029979720756,0.003041497129527,0.00555846888576,0.015523582665047,7.85196867805601E-05,0.001065453784869,0.000435774381939,0.006362815218796,0.000887416536077,0.003765974243114,0.001590519519465,0.009830684,0.005589628,0.007111304325992,0.000108639506241,0.003673673552198,0.000103806409066,0.000111608339621,0.00366184019815,0.00592816020086,0.00079562617875,0.002984816701686
C[T>G]T,0.00017119814822,0.000202750623091,0.007025685336272,0.00119647050158,0.007298602,0.001303574345878,2.64827628344732E-05,3.6786694765504E-06,0.003401664203004,0.000155769215385,0.000573932354567,0.056454211848667,0.001303740119454,0.005228289296219,0.000132820425864,0.000343772908553,5.5512078695265E-05,0.000962174612341,0.002490971856967,0.002543593053291,0.005313035563169,0.549756381970336,0.004140782,0.002203224479869,0.005112098606892,0.00018488707292,0.001185135803192,0.004711120031859,0.007796565638705,0.101025660947233,0.000265341986617,0.000191783181042,6.54645645958052E-07,0.00271032593878,0.00107395854662,0.004111945602955,0.006880576752437,0.004939607,0.013133225,1.79902921502428E-05,1.7581488481934E-05,0.000106994050145,6.57080361629148E-05,9.2879800560589E-05,0.000471089005076,0.002295970839608,0.000863327334939,0.002716395072092
G[T>G]A,2.22566995648755E-16,0.000208650303056,0.004420696390765,0.000598029336844,0.002524574,4.34951173398955E-05,9.06450383036438E-05,0.000322700786023,0.002476720180944,7.48490343993904E-05,0.001308072199815,0.008298281215575,0.000204184291326,0.000481455500343,9.56683711209879E-05,0.00041195546541,8.77120513944233E-05,7.79112806551312E-05,0.000202539918818,0.000901936669184,0.000494703169733,0.000280932598601,0.00086992,0.000636096744965,2.22499664680519E-16,0.000285636246647,0.00159492854403,0.001065089918235,0.001371387474941,0.0011584906011,0.00018842667175,0.000580768251924,0.000365411530133,0.001759679155243,0.000185084051719,0.011831191714605,0.00050443292583,0.003329296,0.002490976,0.028180493567825,0.000278353380106,0.021985671692636,7.63663133790348E-06,6.61417363950518E-05,0.008671064885701,0.002186583375687,0.001126077048494,0.004380461914192
G[T>G]C,2.22566995648755E-16,0.000132771732793,0.002335739292771,0.000253176202472,0.00170704,0.000213054710859,0.000121119699807,0.0003205070568,0.001657594602745,2.22568693134162E-05,0.000655579348473,0.005850209872242,0.000833491478418,0.000942024865144,2.21698690450376E-16,0.000212826790632,2.2222414391543E-16,0.002098106311604,0.000580025452435,0.000901338132848,0.00020353483241,0.006245111102704,3.7E-05,0.000703469189155,6.65442287283265E-05,0.000533229718698,0.000236251368564,0.001531003290318,0.001209563840129,0.001930655552532,0.000352851350999,0.000636948670818,2.22111737139202E-16,0.005071543504909,0.000313272587839,0.006855818980108,0.000938957947292,0.005803023,0.002237095,0.028757538488625,0.000212967759544,0.010423595882119,0.000134644534888,4.36968744529134E-05,0.009594641685552,0.005300987187521,0.000561456949467,0.001739354706904
G[T>G]G,0.000348200857823,3.70980450158322E-05,0.010858850236541,0.002433680382404,0.005299491,0.000273858484364,0.000325228873753,0.002409772886345,0.006032426190648,0.003795181711961,0.003965140185773,0.003972621162594,2.22706207514792E-16,0.001731081159305,0.000130495142191,0.000495612600016,0.000425904898957,0.000780525544864,0.000347442791749,0.000674760807033,0.000834589793392,0.001484402626423,0.005833124,0.000509605424407,8.69779135579839E-05,0.000212673055689,0.000450072305733,0.003130902042601,0.002353902448798,0.003125160831272,0.001382950983057,0.005416560806281,5.64760468003907E-05,0.004035105201886,0.001528221015783,0.009825735395757,0.002155393438151,0.00772116,0.004448766,0.66237569047016,7.33862971313955E-05,0.027172647443419,6.62766082367623E-05,0.000147224344283,0.035117950070014,0.076229872583374,0.001373799815088,0.004726021417428
G[T>G]T,1.45779254743718E-05,2.22635489609214E-16,0.005825760713728,0.000251743118636,0.002351857,0.00078696147245,0.000834533408323,0.00182825762832,0.006750203885719,0.006837613449412,0.001291333543824,0.01937164510971,0.002209049554223,0.005161108969148,0.000153588400435,0.000165320284359,2.88605079737457E-06,0.002252762131788,0.001392533271338,0.002389210518167,0.007236427543209,0.113886476671256,0.002143251,0.000340852331793,0.003559784913646,0.002591233426774,1.96193670457988E-05,0.002683238347957,0.006053222257291,0.020606589842224,0.000159938106064,0.000451323066952,0.000416648691077,0.003350737685831,0.000488591120389,0.017097218822663,0.003336832408916,0.005936289,0.005479376,0.047425249116466,0.000160640606227,0.088358836585406,1.15091920224078E-05,0.0001016534986,0.036492180102007,0.002090773639752,0.000863892471299,0.002028360489242
T[T>G]A,2.22566995648755E-16,1.66641228619907E-05,0.007246349451775,0.000377427566065,0.005223518,0.000104792681481,0.000127994706245,0.000955052997595,0.019280054180418,0.000210562347341,2.21936799121116E-16,0.065719351274695,0.002688850401822,0.011292670093493,8.51396761046122E-05,0.001633132259407,0.000184048273716,9.91806526350191E-05,0.000230613436273,0.00978479701241,2.21865696257427E-16,1.22048537501993E-05,0.000696198,0.001663998472785,2.22499664680519E-16,0.000464928208752,0.005057732448529,0.000123258947149,0.001429766271505,0.042337465689493,0.000118017367606,0.00046841025535,2.22111737139202E-16,0.004290841502785,0.000787839016242,0.01832490291156,0.001174020945768,0.008385619,0.008461763,0.001606744382978,0.000601824337093,0.002406641655333,0.000249834140491,0.000150018751145,0.000327130383656,0.002552919182398,0.001430961608867,0.001303355995115
T[T>G]C,5.50981302414712E-05,7.03716182085102E-05,0.006279310341434,0.00017383303401,0.006555966,0.000286691839228,0.000115700697644,0.001552506456174,0.017441177226225,0.000115209632611,0.001141280407963,0.00861739838735,2.22706207514792E-16,0.005553731250832,6.73419129831397E-05,0.001129054034629,2.2222414391543E-16,0.001197967917925,0.000294126947103,0.005514468133468,0.000116421141725,0.008746193964915,0.00209756,0.002017371657328,2.22499664680519E-16,0.000378576783557,0.000751636928428,0.002642176814701,0.001718894699182,0.035697607189462,9.63897600065992E-05,0.000164060752035,2.22111737139202E-16,0.001942445754392,0.000743742352442,0.019539495863801,0.000903324670048,0.005082446,0.011369398,0.010569000159622,0.000344785546946,2.24916021128563E-05,0.00022200714153,0.000138114415445,0.000655196270646,0.003473961757236,0.001119821014262,0.004355393935235
T[T>G]G,0.000583194143351,9.53827536444024E-05,0.008052169368467,0.002320114472812,0.006937,0.000324092603635,2.22739322789288E-16,0.00135164979339,0.007636778905077,0.000125144717666,0.003093993092596,0.010895987230635,2.15638095662935E-05,0.002756228255455,0.00010074020156,0.000875341538276,3.67007961064575E-05,0.000114458732372,0.000147795314108,0.00524229118052,0.000919535715394,0.004782497787865,0.001445714,0.002071030538125,0.002785511941228,0.000131223309782,0.005565349788302,0.003037099078968,0.002843741863484,0.014007942358288,0.000813009499346,0.000959376393945,0.001521687107487,0.004816821304698,0.000901696162257,0.030248412136132,0.001898656205867,0.007275956,0.008662276,0.023939000618215,0.000272175449354,0.001538162161644,0.00034952368905,0.000112315563478,0.008719199162046,0.002757846805139,0.001477700811955,0.006152515477967
T[T>G]T,2.22566995648755E-16,2.22635489609214E-16,0.010525311141025,0.000568255611527,0.013494804,0.001010841424786,8.29475631829152E-05,0.001770389739489,0.021707024936751,0.00016646952363,0.000996493423588,0.063900297053807,0.018913497619023,0.09089287567545,5.55282622497777E-05,0.002206480541931,1.88589442349343E-05,0.00060519185113,0.005992877014436,0.015847543600259,0.004579049861414,0.12228706891999,0.005155118,0.004225500260597,0.00151328805006,2.2194388762593E-16,0.000595200164105,0.003960708785281,0.009445563285058,0.47869362439334,0.008887940055681,0.002252701541745,0.000232415904209,0.003623596794837,0.001806126325969,0.029077351048666,0.005286471198839,0.010889504,0.024974168,0.031793888335313,9.83205E-18,0.003621055681021,3.20138749169785E-07,0.00036383898806,0.001598394208291,0.002908365158487,0.002533977846902,0.007049040591417
