"Mutation_Type"	"Mutation_Type_Group"	"Frequency"
"A[C>A]A"	"C>A"	291
"A[C>A]C"	"C>A"	156
"A[C>A]G"	"C>A"	38
"A[C>A]T"	"C>A"	148
"C[C>A]A"	"C>A"	242
"C[C>A]C"	"C>A"	145
"C[C>A]G"	"C>A"	43
"C[C>A]T"	"C>A"	201
"G[C>A]A"	"C>A"	244
"G[C>A]C"	"C>A"	122
"G[C>A]G"	"C>A"	27
"G[C>A]T"	"C>A"	167
"T[C>A]A"	"C>A"	266
"T[C>A]C"	"C>A"	170
"T[C>A]G"	"C>A"	29
"T[C>A]T"	"C>A"	333
"A[C>G]A"	"C>G"	137
"A[C>G]C"	"C>G"	91
"A[C>G]G"	"C>G"	60
"A[C>G]T"	"C>G"	148
"C[C>G]A"	"C>G"	119
"C[C>G]C"	"C>G"	116
"C[C>G]G"	"C>G"	67
"C[C>G]T"	"C>G"	139
"G[C>G]A"	"C>G"	75
"G[C>G]C"	"C>G"	68
"G[C>G]G"	"C>G"	34
"G[C>G]T"	"C>G"	104
"T[C>G]A"	"C>G"	181
"T[C>G]C"	"C>G"	153
"T[C>G]G"	"C>G"	32
"T[C>G]T"	"C>G"	304
"A[C>T]A"	"C>T"	214
"A[C>T]C"	"C>T"	119
"A[C>T]G"	"C>T"	260
"A[C>T]T"	"C>T"	157
"C[C>T]A"	"C>T"	229
"C[C>T]C"	"C>T"	234
"C[C>T]G"	"C>T"	199
"C[C>T]T"	"C>T"	309
"G[C>T]A"	"C>T"	175
"G[C>T]C"	"C>T"	145
"G[C>T]G"	"C>T"	223
"G[C>T]T"	"C>T"	130
"T[C>T]A"	"C>T"	398
"T[C>T]C"	"C>T"	376
"T[C>T]G"	"C>T"	168
"T[C>T]T"	"C>T"	428
"A[T>A]A"	"T>A"	100
"A[T>A]C"	"T>A"	69
"A[T>A]G"	"T>A"	92
"A[T>A]T"	"T>A"	139
"C[T>A]A"	"T>A"	73
"C[T>A]C"	"T>A"	98
"C[T>A]G"	"T>A"	111
"C[T>A]T"	"T>A"	113
"G[T>A]A"	"T>A"	66
"G[T>A]C"	"T>A"	54
"G[T>A]G"	"T>A"	64
"G[T>A]T"	"T>A"	100
"T[T>A]A"	"T>A"	127
"T[T>A]C"	"T>A"	78
"T[T>A]G"	"T>A"	65
"T[T>A]T"	"T>A"	157
"A[T>C]A"	"T>C"	361
"A[T>C]C"	"T>C"	103
"A[T>C]G"	"T>C"	217
"A[T>C]T"	"T>C"	282
"C[T>C]A"	"T>C"	140
"C[T>C]C"	"T>C"	129
"C[T>C]G"	"T>C"	138
"C[T>C]T"	"T>C"	162
"G[T>C]A"	"T>C"	168
"G[T>C]C"	"T>C"	111
"G[T>C]G"	"T>C"	134
"G[T>C]T"	"T>C"	168
"T[T>C]A"	"T>C"	217
"T[T>C]C"	"T>C"	142
"T[T>C]G"	"T>C"	117
"T[T>C]T"	"T>C"	259
"A[T>G]A"	"T>G"	76
"A[T>G]C"	"T>G"	32
"A[T>G]G"	"T>G"	60
"A[T>G]T"	"T>G"	75
"C[T>G]A"	"T>G"	45
"C[T>G]C"	"T>G"	55
"C[T>G]G"	"T>G"	77
"C[T>G]T"	"T>G"	135
"G[T>G]A"	"T>G"	20
"G[T>G]C"	"T>G"	32
"G[T>G]G"	"T>G"	88
"G[T>G]T"	"T>G"	111
"T[T>G]A"	"T>G"	75
"T[T>G]C"	"T>G"	48
"T[T>G]G"	"T>G"	94
"T[T>G]T"	"T>G"	171
