"Chr"	"Pos"	"Ref"	"Alt"	"Mutation_Type"	"Variant_Gene"	"Variant_Group"	"Signature"	"Probability"	"Signatures_Count"
"chr1"	"  5212240"	"GG"	"AA"	"CC>TT"	"MIR4689"	"intergenic"	"DBS1"	0.946625717133323	6
"chr1"	"  5212240"	"GG"	"AA"	"CC>TT"	"MIR4689"	"intergenic"	"DBS4"	6.24159996209392e-18	6
"chr1"	"  5212240"	"GG"	"AA"	"CC>TT"	"MIR4689"	"intergenic"	"DBS9"	4.85299461244182e-18	6
"chr1"	"  5212240"	"GG"	"AA"	"CC>TT"	"MIR4689"	"intergenic"	"DBS2"	1.72674293255979e-18	6
"chr1"	"  5212240"	"GG"	"AA"	"CC>TT"	"MIR4689"	"intergenic"	"DBS6"	1.16887063130016e-18	6
"chr1"	"  5212240"	"GG"	"AA"	"CC>TT"	"MIR4689"	"intergenic"	"DBS11"	0.0533742828666768	6
"chr1"	"  7948559"	"TG"	"GT"	"TG>GT"	"PARK7"	"intergenic"	"DBS1"	0.185948598314347	6
"chr1"	"  7948559"	"TG"	"GT"	"TG>GT"	"PARK7"	"intergenic"	"DBS4"	0.0025547517757138	6
"chr1"	"  7948559"	"TG"	"GT"	"TG>GT"	"PARK7"	"intergenic"	"DBS9"	0.159403567015907	6
"chr1"	"  7948559"	"TG"	"GT"	"TG>GT"	"PARK7"	"intergenic"	"DBS2"	0.235082284885214	6
"chr1"	"  7948559"	"TG"	"GT"	"TG>GT"	"PARK7"	"intergenic"	"DBS6"	0.342284485255601	6
"chr1"	"  7948559"	"TG"	"GT"	"TG>GT"	"PARK7"	"intergenic"	"DBS11"	0.0747263127532168	6
"chr1"	" 15030929"	"CC"	"TT"	"CC>TT"	"KAZN"	"intronic"	"DBS1"	0.946625717133323	6
"chr1"	" 15030929"	"CC"	"TT"	"CC>TT"	"KAZN"	"intronic"	"DBS4"	6.24159996209392e-18	6
"chr1"	" 15030929"	"CC"	"TT"	"CC>TT"	"KAZN"	"intronic"	"DBS9"	4.85299461244182e-18	6
"chr1"	" 15030929"	"CC"	"TT"	"CC>TT"	"KAZN"	"intronic"	"DBS2"	1.72674293255979e-18	6
"chr1"	" 15030929"	"CC"	"TT"	"CC>TT"	"KAZN"	"intronic"	"DBS6"	1.16887063130016e-18	6
"chr1"	" 15030929"	"CC"	"TT"	"CC>TT"	"KAZN"	"intronic"	"DBS11"	0.0533742828666768	6
"chr1"	" 55418580"	"AG"	"GT"	"CT>AC"	"LINC01753"	"intergenic"	"DBS1"	0.414714642347183	6
"chr1"	" 55418580"	"AG"	"GT"	"CT>AC"	"LINC01753"	"intergenic"	"DBS4"	5.59938417631012e-15	6
"chr1"	" 55418580"	"AG"	"GT"	"CT>AC"	"LINC01753"	"intergenic"	"DBS9"	4.35365633902446e-15	6
"chr1"	" 55418580"	"AG"	"GT"	"CT>AC"	"LINC01753"	"intergenic"	"DBS2"	1.54907349267014e-15	6
"chr1"	" 55418580"	"AG"	"GT"	"CT>AC"	"LINC01753"	"intergenic"	"DBS6"	0.246358358178319	6
"chr1"	" 55418580"	"AG"	"GT"	"CT>AC"	"LINC01753"	"intergenic"	"DBS11"	0.338926999474487	6
"chr1"	" 80471962"	"GC"	"AA"	"GC>AA"	"ADGRL4"	"intergenic"	"DBS1"	0.00587984358607265	6
"chr1"	" 80471962"	"GC"	"AA"	"GC>AA"	"ADGRL4"	"intergenic"	"DBS4"	0.986482554453007	6
"chr1"	" 80471962"	"GC"	"AA"	"GC>AA"	"ADGRL4"	"intergenic"	"DBS9"	1.63692011124998e-17	6
"chr1"	" 80471962"	"GC"	"AA"	"GC>AA"	"ADGRL4"	"intergenic"	"DBS2"	0.00709533687311416	6
"chr1"	" 80471962"	"GC"	"AA"	"GC>AA"	"ADGRL4"	"intergenic"	"DBS6"	3.94261275073203e-18	6
"chr1"	" 80471962"	"GC"	"AA"	"GC>AA"	"ADGRL4"	"intergenic"	"DBS11"	0.000542265087806207	6
"chr1"	" 83129492"	"TC"	"GT"	"TC>GT"	"LINC01362"	"ncRNA_intronic"	"DBS1"	0.694158406440461	6
"chr1"	" 83129492"	"TC"	"GT"	"TC>GT"	"LINC01362"	"ncRNA_intronic"	"DBS4"	7.70004619568325e-16	6
"chr1"	" 83129492"	"TC"	"GT"	"TC>GT"	"LINC01362"	"ncRNA_intronic"	"DBS9"	6.07325849153398e-16	6
"chr1"	" 83129492"	"TC"	"GT"	"TC>GT"	"LINC01362"	"ncRNA_intronic"	"DBS2"	0.00437794049614416	6
"chr1"	" 83129492"	"TC"	"GT"	"TC>GT"	"LINC01362"	"ncRNA_intronic"	"DBS6"	1.44199530768538e-16	6
"chr1"	" 83129492"	"TC"	"GT"	"TC>GT"	"LINC01362"	"ncRNA_intronic"	"DBS11"	0.301463653063393	6
"chr1"	" 94276320"	"GG"	"AA"	"CC>TT"	"ABCD3"	"intergenic"	"DBS1"	0.946625717133323	6
"chr1"	" 94276320"	"GG"	"AA"	"CC>TT"	"ABCD3"	"intergenic"	"DBS4"	6.24159996209392e-18	6
"chr1"	" 94276320"	"GG"	"AA"	"CC>TT"	"ABCD3"	"intergenic"	"DBS9"	4.85299461244182e-18	6
"chr1"	" 94276320"	"GG"	"AA"	"CC>TT"	"ABCD3"	"intergenic"	"DBS2"	1.72674293255979e-18	6
"chr1"	" 94276320"	"GG"	"AA"	"CC>TT"	"ABCD3"	"intergenic"	"DBS6"	1.16887063130016e-18	6
"chr1"	" 94276320"	"GG"	"AA"	"CC>TT"	"ABCD3"	"intergenic"	"DBS11"	0.0533742828666768	6
"chr1"	"123712738"	"AT"	"CC"	"AT>CC"	"NONE;NONE"	"intergenic"	"DBS1"	0.204822059861315	6
"chr1"	"123712738"	"AT"	"CC"	"AT>CC"	"NONE;NONE"	"intergenic"	"DBS4"	3.90144239999258e-15	6
"chr1"	"123712738"	"AT"	"CC"	"AT>CC"	"NONE;NONE"	"intergenic"	"DBS9"	0.598621820133658	6
"chr1"	"123712738"	"AT"	"CC"	"AT>CC"	"NONE;NONE"	"intergenic"	"DBS2"	1.07933672966703e-15	6
"chr1"	"123712738"	"AT"	"CC"	"AT>CC"	"NONE;NONE"	"intergenic"	"DBS6"	0.00562494760868955	6
"chr1"	"123712738"	"AT"	"CC"	"AT>CC"	"NONE;NONE"	"intergenic"	"DBS11"	0.190931172396332	6
"chr1"	"145880108"	"CC"	"TT"	"CC>TT"	"ANKRD35"	"intronic"	"DBS1"	0.946625717133323	6
"chr1"	"145880108"	"CC"	"TT"	"CC>TT"	"ANKRD35"	"intronic"	"DBS4"	6.24159996209392e-18	6
"chr1"	"145880108"	"CC"	"TT"	"CC>TT"	"ANKRD35"	"intronic"	"DBS9"	4.85299461244182e-18	6
"chr1"	"145880108"	"CC"	"TT"	"CC>TT"	"ANKRD35"	"intronic"	"DBS2"	1.72674293255979e-18	6
"chr1"	"145880108"	"CC"	"TT"	"CC>TT"	"ANKRD35"	"intronic"	"DBS6"	1.16887063130016e-18	6
"chr1"	"145880108"	"CC"	"TT"	"CC>TT"	"ANKRD35"	"intronic"	"DBS11"	0.0533742828666768	6
"chr1"	"150053313"	"GG"	"AA"	"CC>TT"	"OTUD7B"	"intergenic"	"DBS1"	0.946625717133323	6
"chr1"	"150053313"	"GG"	"AA"	"CC>TT"	"OTUD7B"	"intergenic"	"DBS4"	6.24159996209392e-18	6
"chr1"	"150053313"	"GG"	"AA"	"CC>TT"	"OTUD7B"	"intergenic"	"DBS9"	4.85299461244182e-18	6
"chr1"	"150053313"	"GG"	"AA"	"CC>TT"	"OTUD7B"	"intergenic"	"DBS2"	1.72674293255979e-18	6
"chr1"	"150053313"	"GG"	"AA"	"CC>TT"	"OTUD7B"	"intergenic"	"DBS6"	1.16887063130016e-18	6
"chr1"	"150053313"	"GG"	"AA"	"CC>TT"	"OTUD7B"	"intergenic"	"DBS11"	0.0533742828666768	6
"chr1"	"151676559"	"GC"	"AA"	"GC>AA"	"SNX27"	"intronic"	"DBS1"	0.00587984358607265	6
"chr1"	"151676559"	"GC"	"AA"	"GC>AA"	"SNX27"	"intronic"	"DBS4"	0.986482554453007	6
"chr1"	"151676559"	"GC"	"AA"	"GC>AA"	"SNX27"	"intronic"	"DBS9"	1.63692011124998e-17	6
"chr1"	"151676559"	"GC"	"AA"	"GC>AA"	"SNX27"	"intronic"	"DBS2"	0.00709533687311416	6
"chr1"	"151676559"	"GC"	"AA"	"GC>AA"	"SNX27"	"intronic"	"DBS6"	3.94261275073203e-18	6
"chr1"	"151676559"	"GC"	"AA"	"GC>AA"	"SNX27"	"intronic"	"DBS11"	0.000542265087806207	6
"chr1"	"161216290"	"GG"	"AA"	"CC>TT"	"FCER1G"	"intronic"	"DBS1"	0.946625717133323	6
"chr1"	"161216290"	"GG"	"AA"	"CC>TT"	"FCER1G"	"intronic"	"DBS4"	6.24159996209392e-18	6
"chr1"	"161216290"	"GG"	"AA"	"CC>TT"	"FCER1G"	"intronic"	"DBS9"	4.85299461244182e-18	6
"chr1"	"161216290"	"GG"	"AA"	"CC>TT"	"FCER1G"	"intronic"	"DBS2"	1.72674293255979e-18	6
"chr1"	"161216290"	"GG"	"AA"	"CC>TT"	"FCER1G"	"intronic"	"DBS6"	1.16887063130016e-18	6
"chr1"	"161216290"	"GG"	"AA"	"CC>TT"	"FCER1G"	"intronic"	"DBS11"	0.0533742828666768	6
"chr1"	"166112594"	"GC"	"AA"	"GC>AA"	"FAM78B"	"intronic"	"DBS1"	0.00587984358607265	6
"chr1"	"166112594"	"GC"	"AA"	"GC>AA"	"FAM78B"	"intronic"	"DBS4"	0.986482554453007	6
"chr1"	"166112594"	"GC"	"AA"	"GC>AA"	"FAM78B"	"intronic"	"DBS9"	1.63692011124998e-17	6
"chr1"	"166112594"	"GC"	"AA"	"GC>AA"	"FAM78B"	"intronic"	"DBS2"	0.00709533687311416	6
"chr1"	"166112594"	"GC"	"AA"	"GC>AA"	"FAM78B"	"intronic"	"DBS6"	3.94261275073203e-18	6
"chr1"	"166112594"	"GC"	"AA"	"GC>AA"	"FAM78B"	"intronic"	"DBS11"	0.000542265087806207	6
"chr1"	"171237545"	"CG"	"TT"	"CG>TT"	"FMO2"	"intergenic"	"DBS1"	0.0246435962035096	6
"chr1"	"171237545"	"CG"	"TT"	"CG>TT"	"FMO2"	"intergenic"	"DBS4"	0.0579824390493038	6
"chr1"	"171237545"	"CG"	"TT"	"CG>TT"	"FMO2"	"intergenic"	"DBS9"	0.00803432119863982	6
"chr1"	"171237545"	"CG"	"TT"	"CG>TT"	"FMO2"	"intergenic"	"DBS2"	0.414722704185681	6
"chr1"	"171237545"	"CG"	"TT"	"CG>TT"	"FMO2"	"intergenic"	"DBS6"	0.474374514641371	6
"chr1"	"171237545"	"CG"	"TT"	"CG>TT"	"FMO2"	"intergenic"	"DBS11"	0.0202424247214951	6
"chr1"	"177272684"	"GG"	"AA"	"CC>TT"	"BRINP2"	"intronic"	"DBS1"	0.946625717133323	6
"chr1"	"177272684"	"GG"	"AA"	"CC>TT"	"BRINP2"	"intronic"	"DBS4"	6.24159996209392e-18	6
"chr1"	"177272684"	"GG"	"AA"	"CC>TT"	"BRINP2"	"intronic"	"DBS9"	4.85299461244182e-18	6
"chr1"	"177272684"	"GG"	"AA"	"CC>TT"	"BRINP2"	"intronic"	"DBS2"	1.72674293255979e-18	6
"chr1"	"177272684"	"GG"	"AA"	"CC>TT"	"BRINP2"	"intronic"	"DBS6"	1.16887063130016e-18	6
"chr1"	"177272684"	"GG"	"AA"	"CC>TT"	"BRINP2"	"intronic"	"DBS11"	0.0533742828666768	6
"chr1"	"185193893"	"TA"	"CT"	"TA>CT"	"SWT1"	"intronic"	"DBS1"	0.0377356592427891	6
"chr1"	"185193893"	"TA"	"CT"	"TA>CT"	"SWT1"	"intronic"	"DBS4"	0.378824617725512	6
"chr1"	"185193893"	"TA"	"CT"	"TA>CT"	"SWT1"	"intronic"	"DBS9"	0.372233481621716	6
"chr1"	"185193893"	"TA"	"CT"	"TA>CT"	"SWT1"	"intronic"	"DBS2"	0.00564902480735867	6
"chr1"	"185193893"	"TA"	"CT"	"TA>CT"	"SWT1"	"intronic"	"DBS6"	0.179082306878259	6
"chr1"	"185193893"	"TA"	"CT"	"TA>CT"	"SWT1"	"intronic"	"DBS11"	0.0264749097243655	6
"chr1"	"189445613"	"GT"	"TA"	"AC>TA"	"LINC01037"	"intergenic"	"DBS1"	0.0495849565253837	6
"chr1"	"189445613"	"GT"	"TA"	"AC>TA"	"LINC01037"	"intergenic"	"DBS4"	0.0424110760056379	6
"chr1"	"189445613"	"GT"	"TA"	"AC>TA"	"LINC01037"	"intergenic"	"DBS9"	0.83019128003543	6
"chr1"	"189445613"	"GT"	"TA"	"AC>TA"	"LINC01037"	"intergenic"	"DBS2"	0.0229525545020054	6
"chr1"	"189445613"	"GT"	"TA"	"AC>TA"	"LINC01037"	"intergenic"	"DBS6"	0.0532705778716696	6
"chr1"	"189445613"	"GT"	"TA"	"AC>TA"	"LINC01037"	"intergenic"	"DBS11"	0.00158955505987351	6
"chr1"	"210898301"	"GG"	"AA"	"CC>TT"	"KCNH1"	"intronic"	"DBS1"	0.946625717133323	6
"chr1"	"210898301"	"GG"	"AA"	"CC>TT"	"KCNH1"	"intronic"	"DBS4"	6.24159996209392e-18	6
"chr1"	"210898301"	"GG"	"AA"	"CC>TT"	"KCNH1"	"intronic"	"DBS9"	4.85299461244182e-18	6
"chr1"	"210898301"	"GG"	"AA"	"CC>TT"	"KCNH1"	"intronic"	"DBS2"	1.72674293255979e-18	6
"chr1"	"210898301"	"GG"	"AA"	"CC>TT"	"KCNH1"	"intronic"	"DBS6"	1.16887063130016e-18	6
"chr1"	"210898301"	"GG"	"AA"	"CC>TT"	"KCNH1"	"intronic"	"DBS11"	0.0533742828666768	6
"chr1"	"225354660"	"TC"	"AA"	"TC>AA"	"DNAH14"	"intronic"	"DBS1"	3.46547064997392e-05	6
"chr1"	"225354660"	"TC"	"AA"	"TC>AA"	"DNAH14"	"intronic"	"DBS4"	0.973827011012313	6
"chr1"	"225354660"	"TC"	"AA"	"TC>AA"	"DNAH14"	"intronic"	"DBS9"	0.00572103169640007	6
"chr1"	"225354660"	"TC"	"AA"	"TC>AA"	"DNAH14"	"intronic"	"DBS2"	0.00173023204239382	6
"chr1"	"225354660"	"TC"	"AA"	"TC>AA"	"DNAH14"	"intronic"	"DBS6"	0.0185865399089219	6
"chr1"	"225354660"	"TC"	"AA"	"TC>AA"	"DNAH14"	"intronic"	"DBS11"	0.000100530633470967	6
"chr1"	"231842555"	"TC"	"AA"	"TC>AA"	"TSNAX-DISC1"	"ncRNA_intronic"	"DBS1"	3.46547064997392e-05	6
"chr1"	"231842555"	"TC"	"AA"	"TC>AA"	"TSNAX-DISC1"	"ncRNA_intronic"	"DBS4"	0.973827011012313	6
"chr1"	"231842555"	"TC"	"AA"	"TC>AA"	"TSNAX-DISC1"	"ncRNA_intronic"	"DBS9"	0.00572103169640007	6
"chr1"	"231842555"	"TC"	"AA"	"TC>AA"	"TSNAX-DISC1"	"ncRNA_intronic"	"DBS2"	0.00173023204239382	6
"chr1"	"231842555"	"TC"	"AA"	"TC>AA"	"TSNAX-DISC1"	"ncRNA_intronic"	"DBS6"	0.0185865399089219	6
"chr1"	"231842555"	"TC"	"AA"	"TC>AA"	"TSNAX-DISC1"	"ncRNA_intronic"	"DBS11"	0.000100530633470967	6
"chr2"	" 14342319"	"CC"	"TT"	"CC>TT"	"LINC00276"	"ncRNA_intronic"	"DBS1"	0.946625717133323	6
"chr2"	" 14342319"	"CC"	"TT"	"CC>TT"	"LINC00276"	"ncRNA_intronic"	"DBS4"	6.24159996209392e-18	6
"chr2"	" 14342319"	"CC"	"TT"	"CC>TT"	"LINC00276"	"ncRNA_intronic"	"DBS9"	4.85299461244182e-18	6
"chr2"	" 14342319"	"CC"	"TT"	"CC>TT"	"LINC00276"	"ncRNA_intronic"	"DBS2"	1.72674293255979e-18	6
"chr2"	" 14342319"	"CC"	"TT"	"CC>TT"	"LINC00276"	"ncRNA_intronic"	"DBS6"	1.16887063130016e-18	6
"chr2"	" 14342319"	"CC"	"TT"	"CC>TT"	"LINC00276"	"ncRNA_intronic"	"DBS11"	0.0533742828666768	6
"chr2"	" 43132675"	"GG"	"AT"	"CC>AT"	"ZFP36L2"	"intergenic"	"DBS1"	0.223918253670935	6
"chr2"	" 43132675"	"GG"	"AT"	"CC>AT"	"ZFP36L2"	"intergenic"	"DBS4"	0.151933808240807	6
"chr2"	" 43132675"	"GG"	"AT"	"CC>AT"	"ZFP36L2"	"intergenic"	"DBS9"	0.113866183352202	6
"chr2"	" 43132675"	"GG"	"AT"	"CC>AT"	"ZFP36L2"	"intergenic"	"DBS2"	0.449415982473866	6
"chr2"	" 43132675"	"GG"	"AT"	"CC>AT"	"ZFP36L2"	"intergenic"	"DBS6"	0.000669451849677159	6
"chr2"	" 43132675"	"GG"	"AT"	"CC>AT"	"ZFP36L2"	"intergenic"	"DBS11"	0.0601963204125126	6
"chr2"	" 90000786"	"GA"	"CT"	"TC>AG"	"LSP1P4"	"intergenic"	"DBS1"	9.55867156846516e-05	6
"chr2"	" 90000786"	"GA"	"CT"	"TC>AG"	"LSP1P4"	"intergenic"	"DBS4"	0.0467506384447083	6
"chr2"	" 90000786"	"GA"	"CT"	"TC>AG"	"LSP1P4"	"intergenic"	"DBS9"	0.704479243085774	6
"chr2"	" 90000786"	"GA"	"CT"	"TC>AG"	"LSP1P4"	"intergenic"	"DBS2"	0.00232203989520046	6
"chr2"	" 90000786"	"GA"	"CT"	"TC>AG"	"LSP1P4"	"intergenic"	"DBS6"	0.0326939007971149	6
"chr2"	" 90000786"	"GA"	"CT"	"TC>AG"	"LSP1P4"	"intergenic"	"DBS11"	0.213658591061518	6
"chr2"	"118681674"	"GG"	"AA"	"CC>TT"	"EN1"	"intergenic"	"DBS1"	0.946625717133323	6
"chr2"	"118681674"	"GG"	"AA"	"CC>TT"	"EN1"	"intergenic"	"DBS4"	6.24159996209392e-18	6
"chr2"	"118681674"	"GG"	"AA"	"CC>TT"	"EN1"	"intergenic"	"DBS9"	4.85299461244182e-18	6
"chr2"	"118681674"	"GG"	"AA"	"CC>TT"	"EN1"	"intergenic"	"DBS2"	1.72674293255979e-18	6
"chr2"	"118681674"	"GG"	"AA"	"CC>TT"	"EN1"	"intergenic"	"DBS6"	1.16887063130016e-18	6
"chr2"	"118681674"	"GG"	"AA"	"CC>TT"	"EN1"	"intergenic"	"DBS11"	0.0533742828666768	6
"chr2"	"123803563"	"TC"	"AT"	"TC>AT"	"LINC01826"	"intergenic"	"DBS1"	0.0524290515207718	6
"chr2"	"123803563"	"TC"	"AT"	"TC>AT"	"LINC01826"	"intergenic"	"DBS4"	0.144857094199864	6
"chr2"	"123803563"	"TC"	"AT"	"TC>AT"	"LINC01826"	"intergenic"	"DBS9"	0.538367598826575	6
"chr2"	"123803563"	"TC"	"AT"	"TC>AT"	"LINC01826"	"intergenic"	"DBS2"	3.33559696597296e-17	6
"chr2"	"123803563"	"TC"	"AT"	"TC>AT"	"LINC01826"	"intergenic"	"DBS6"	0.00161592307423725	6
"chr2"	"123803563"	"TC"	"AT"	"TC>AT"	"LINC01826"	"intergenic"	"DBS11"	0.262730332378552	6
"chr2"	"153768821"	"GC"	"AG"	"GC>AG"	"RPRM"	"intergenic"	"DBS1"	0.00151178792362523	6
"chr2"	"153768821"	"GC"	"AG"	"GC>AG"	"RPRM"	"intergenic"	"DBS4"	0.129030510917148	6
"chr2"	"153768821"	"GC"	"AG"	"GC>AG"	"RPRM"	"intergenic"	"DBS9"	0.854360261387488	6
"chr2"	"153768821"	"GC"	"AG"	"GC>AG"	"RPRM"	"intergenic"	"DBS2"	0.00172341979258778	6
"chr2"	"153768821"	"GC"	"AG"	"GC>AG"	"RPRM"	"intergenic"	"DBS6"	0.00660063203697204	6
"chr2"	"153768821"	"GC"	"AG"	"GC>AG"	"RPRM"	"intergenic"	"DBS11"	0.00677338794217868	6
"chr2"	"165708166"	"TG"	"CA"	"TG>CA"	"GALNT3"	"intergenic"	"DBS1"	0.0128387648497465	6
"chr2"	"165708166"	"TG"	"CA"	"TG>CA"	"GALNT3"	"intergenic"	"DBS4"	0.029900742253409	6
"chr2"	"165708166"	"TG"	"CA"	"TG>CA"	"GALNT3"	"intergenic"	"DBS9"	0.511641954062135	6
"chr2"	"165708166"	"TG"	"CA"	"TG>CA"	"GALNT3"	"intergenic"	"DBS2"	0.00248703647412328	6
"chr2"	"165708166"	"TG"	"CA"	"TG>CA"	"GALNT3"	"intergenic"	"DBS6"	0.0669608928798223	6
"chr2"	"165708166"	"TG"	"CA"	"TG>CA"	"GALNT3"	"intergenic"	"DBS11"	0.376170609480764	6
"chr3"	"  3222980"	"CC"	"AA"	"CC>AA"	"LOC100130207"	"intergenic"	"DBS1"	3.90076454684419e-05	6
"chr3"	"  3222980"	"CC"	"AA"	"CC>AA"	"LOC100130207"	"intergenic"	"DBS4"	2.08184691293535e-17	6
"chr3"	"  3222980"	"CC"	"AA"	"CC>AA"	"LOC100130207"	"intergenic"	"DBS9"	1.61868622048224e-17	6
"chr3"	"  3222980"	"CC"	"AA"	"CC>AA"	"LOC100130207"	"intergenic"	"DBS2"	0.999960992354532	6
"chr3"	"  3222980"	"CC"	"AA"	"CC>AA"	"LOC100130207"	"intergenic"	"DBS6"	3.89869541491199e-18	6
"chr3"	"  3222980"	"CC"	"AA"	"CC>AA"	"LOC100130207"	"intergenic"	"DBS11"	3.94125167926196e-18	6
"chr3"	" 18330855"	"CA"	"TG"	"TG>CA"	"LOC339862"	"intergenic"	"DBS1"	0.0128387648497465	6
"chr3"	" 18330855"	"CA"	"TG"	"TG>CA"	"LOC339862"	"intergenic"	"DBS4"	0.029900742253409	6
"chr3"	" 18330855"	"CA"	"TG"	"TG>CA"	"LOC339862"	"intergenic"	"DBS9"	0.511641954062135	6
"chr3"	" 18330855"	"CA"	"TG"	"TG>CA"	"LOC339862"	"intergenic"	"DBS2"	0.00248703647412328	6
"chr3"	" 18330855"	"CA"	"TG"	"TG>CA"	"LOC339862"	"intergenic"	"DBS6"	0.0669608928798223	6
"chr3"	" 18330855"	"CA"	"TG"	"TG>CA"	"LOC339862"	"intergenic"	"DBS11"	0.376170609480764	6
"chr3"	" 26163842"	"GG"	"AA"	"CC>TT"	"LRRC3B"	"intergenic"	"DBS1"	0.946625717133323	6
"chr3"	" 26163842"	"GG"	"AA"	"CC>TT"	"LRRC3B"	"intergenic"	"DBS4"	6.24159996209392e-18	6
"chr3"	" 26163842"	"GG"	"AA"	"CC>TT"	"LRRC3B"	"intergenic"	"DBS9"	4.85299461244182e-18	6
"chr3"	" 26163842"	"GG"	"AA"	"CC>TT"	"LRRC3B"	"intergenic"	"DBS2"	1.72674293255979e-18	6
"chr3"	" 26163842"	"GG"	"AA"	"CC>TT"	"LRRC3B"	"intergenic"	"DBS6"	1.16887063130016e-18	6
"chr3"	" 26163842"	"GG"	"AA"	"CC>TT"	"LRRC3B"	"intergenic"	"DBS11"	0.0533742828666768	6
"chr3"	" 49171568"	"CC"	"TT"	"CC>TT"	"KLHDC8B"	"upstream"	"DBS1"	0.946625717133323	6
"chr3"	" 49171568"	"CC"	"TT"	"CC>TT"	"KLHDC8B"	"upstream"	"DBS4"	6.24159996209392e-18	6
"chr3"	" 49171568"	"CC"	"TT"	"CC>TT"	"KLHDC8B"	"upstream"	"DBS9"	4.85299461244182e-18	6
"chr3"	" 49171568"	"CC"	"TT"	"CC>TT"	"KLHDC8B"	"upstream"	"DBS2"	1.72674293255979e-18	6
"chr3"	" 49171568"	"CC"	"TT"	"CC>TT"	"KLHDC8B"	"upstream"	"DBS6"	1.16887063130016e-18	6
"chr3"	" 49171568"	"CC"	"TT"	"CC>TT"	"KLHDC8B"	"upstream"	"DBS11"	0.0533742828666768	6
"chr3"	" 54958974"	"GC"	"AT"	"GC>AT"	"CACNA2D3;LRTM1"	"intronic"	"DBS1"	0.0006623884181846	6
"chr3"	" 54958974"	"GC"	"AT"	"GC>AT"	"CACNA2D3;LRTM1"	"intronic"	"DBS4"	0.101569337464571	6
"chr3"	" 54958974"	"GC"	"AT"	"GC>AT"	"CACNA2D3;LRTM1"	"intronic"	"DBS9"	0.835731121071889	6
"chr3"	" 54958974"	"GC"	"AT"	"GC>AT"	"CACNA2D3;LRTM1"	"intronic"	"DBS2"	0.00486493778667109	6
"chr3"	" 54958974"	"GC"	"AT"	"GC>AT"	"CACNA2D3;LRTM1"	"intronic"	"DBS6"	0.00326391591348866	6
"chr3"	" 54958974"	"GC"	"AT"	"GC>AT"	"CACNA2D3;LRTM1"	"intronic"	"DBS11"	0.053908299345196	6
"chr3"	" 55690241"	"CC"	"TT"	"CC>TT"	"ERC2"	"intronic"	"DBS1"	0.946625717133323	6
"chr3"	" 55690241"	"CC"	"TT"	"CC>TT"	"ERC2"	"intronic"	"DBS4"	6.24159996209392e-18	6
"chr3"	" 55690241"	"CC"	"TT"	"CC>TT"	"ERC2"	"intronic"	"DBS9"	4.85299461244182e-18	6
"chr3"	" 55690241"	"CC"	"TT"	"CC>TT"	"ERC2"	"intronic"	"DBS2"	1.72674293255979e-18	6
"chr3"	" 55690241"	"CC"	"TT"	"CC>TT"	"ERC2"	"intronic"	"DBS6"	1.16887063130016e-18	6
"chr3"	" 55690241"	"CC"	"TT"	"CC>TT"	"ERC2"	"intronic"	"DBS11"	0.0533742828666768	6
"chr3"	" 69350701"	"AT"	"GA"	"AT>GA"	"FRMD4B"	"intronic"	"DBS1"	0.286872312107607	6
"chr3"	" 69350701"	"AT"	"GA"	"AT>GA"	"FRMD4B"	"intronic"	"DBS4"	0.0354327338696662	6
"chr3"	" 69350701"	"AT"	"GA"	"AT>GA"	"FRMD4B"	"intronic"	"DBS9"	0.420343625530464	6
"chr3"	" 69350701"	"AT"	"GA"	"AT>GA"	"FRMD4B"	"intronic"	"DBS2"	0.0085322323899185	6
"chr3"	" 69350701"	"AT"	"GA"	"AT>GA"	"FRMD4B"	"intronic"	"DBS6"	0.0279811223691078	6
"chr3"	" 69350701"	"AT"	"GA"	"AT>GA"	"FRMD4B"	"intronic"	"DBS11"	0.220837973733237	6
"chr3"	" 89528353"	"TA"	"CT"	"TA>CT"	"EPHA3"	"intergenic"	"DBS1"	0.0377356592427891	6
"chr3"	" 89528353"	"TA"	"CT"	"TA>CT"	"EPHA3"	"intergenic"	"DBS4"	0.378824617725512	6
"chr3"	" 89528353"	"TA"	"CT"	"TA>CT"	"EPHA3"	"intergenic"	"DBS9"	0.372233481621716	6
"chr3"	" 89528353"	"TA"	"CT"	"TA>CT"	"EPHA3"	"intergenic"	"DBS2"	0.00564902480735867	6
"chr3"	" 89528353"	"TA"	"CT"	"TA>CT"	"EPHA3"	"intergenic"	"DBS6"	0.179082306878259	6
"chr3"	" 89528353"	"TA"	"CT"	"TA>CT"	"EPHA3"	"intergenic"	"DBS11"	0.0264749097243655	6
"chr3"	"106430433"	"AT"	"GA"	"AT>GA"	"LINC00882"	"intergenic"	"DBS1"	0.286872312107607	6
"chr3"	"106430433"	"AT"	"GA"	"AT>GA"	"LINC00882"	"intergenic"	"DBS4"	0.0354327338696662	6
"chr3"	"106430433"	"AT"	"GA"	"AT>GA"	"LINC00882"	"intergenic"	"DBS9"	0.420343625530464	6
"chr3"	"106430433"	"AT"	"GA"	"AT>GA"	"LINC00882"	"intergenic"	"DBS2"	0.0085322323899185	6
"chr3"	"106430433"	"AT"	"GA"	"AT>GA"	"LINC00882"	"intergenic"	"DBS6"	0.0279811223691078	6
"chr3"	"106430433"	"AT"	"GA"	"AT>GA"	"LINC00882"	"intergenic"	"DBS11"	0.220837973733237	6
"chr3"	"127092154"	"GG"	"AA"	"CC>TT"	"C3orf56"	"intergenic"	"DBS1"	0.946625717133323	6
"chr3"	"127092154"	"GG"	"AA"	"CC>TT"	"C3orf56"	"intergenic"	"DBS4"	6.24159996209392e-18	6
"chr3"	"127092154"	"GG"	"AA"	"CC>TT"	"C3orf56"	"intergenic"	"DBS9"	4.85299461244182e-18	6
"chr3"	"127092154"	"GG"	"AA"	"CC>TT"	"C3orf56"	"intergenic"	"DBS2"	1.72674293255979e-18	6
"chr3"	"127092154"	"GG"	"AA"	"CC>TT"	"C3orf56"	"intergenic"	"DBS6"	1.16887063130016e-18	6
"chr3"	"127092154"	"GG"	"AA"	"CC>TT"	"C3orf56"	"intergenic"	"DBS11"	0.0533742828666768	6
"chr3"	"166945073"	"GG"	"AA"	"CC>TT"	"ZBBX"	"intergenic"	"DBS1"	0.946625717133323	6
"chr3"	"166945073"	"GG"	"AA"	"CC>TT"	"ZBBX"	"intergenic"	"DBS4"	6.24159996209392e-18	6
"chr3"	"166945073"	"GG"	"AA"	"CC>TT"	"ZBBX"	"intergenic"	"DBS9"	4.85299461244182e-18	6
"chr3"	"166945073"	"GG"	"AA"	"CC>TT"	"ZBBX"	"intergenic"	"DBS2"	1.72674293255979e-18	6
"chr3"	"166945073"	"GG"	"AA"	"CC>TT"	"ZBBX"	"intergenic"	"DBS6"	1.16887063130016e-18	6
"chr3"	"166945073"	"GG"	"AA"	"CC>TT"	"ZBBX"	"intergenic"	"DBS11"	0.0533742828666768	6
"chr3"	"168032761"	"GC"	"AG"	"GC>AG"	"GOLIM4"	"exonic"	"DBS1"	0.00151178792362523	6
"chr3"	"168032761"	"GC"	"AG"	"GC>AG"	"GOLIM4"	"exonic"	"DBS4"	0.129030510917148	6
"chr3"	"168032761"	"GC"	"AG"	"GC>AG"	"GOLIM4"	"exonic"	"DBS9"	0.854360261387488	6
"chr3"	"168032761"	"GC"	"AG"	"GC>AG"	"GOLIM4"	"exonic"	"DBS2"	0.00172341979258778	6
"chr3"	"168032761"	"GC"	"AG"	"GC>AG"	"GOLIM4"	"exonic"	"DBS6"	0.00660063203697204	6
"chr3"	"168032761"	"GC"	"AG"	"GC>AG"	"GOLIM4"	"exonic"	"DBS11"	0.00677338794217868	6
"chr3"	"195148305"	"AC"	"TT"	"AC>TT"	"XXYLT1-AS2"	"ncRNA_intronic"	"DBS1"	0.527943875912873	6
"chr3"	"195148305"	"AC"	"TT"	"AC>TT"	"XXYLT1-AS2"	"ncRNA_intronic"	"DBS4"	0.00259223659840892	6
"chr3"	"195148305"	"AC"	"TT"	"AC>TT"	"XXYLT1-AS2"	"ncRNA_intronic"	"DBS9"	0.431357261425972	6
"chr3"	"195148305"	"AC"	"TT"	"AC>TT"	"XXYLT1-AS2"	"ncRNA_intronic"	"DBS2"	0.0218336002800157	6
"chr3"	"195148305"	"AC"	"TT"	"AC>TT"	"XXYLT1-AS2"	"ncRNA_intronic"	"DBS6"	0.00808660715964024	6
"chr3"	"195148305"	"AC"	"TT"	"AC>TT"	"XXYLT1-AS2"	"ncRNA_intronic"	"DBS11"	0.00818641862309053	6
"chr4"	" 23791053"	"TT"	"AG"	"TT>AG"	"PPARGC1A"	"downstream"	"DBS1"	0.298140972298017	6
"chr4"	" 23791053"	"TT"	"AG"	"TT>AG"	"PPARGC1A"	"downstream"	"DBS4"	4.03506282538279e-15	6
"chr4"	" 23791053"	"TT"	"AG"	"TT>AG"	"PPARGC1A"	"downstream"	"DBS9"	0.319301032971807	6
"chr4"	" 23791053"	"TT"	"AG"	"TT>AG"	"PPARGC1A"	"downstream"	"DBS2"	0.0575551861345972	6
"chr4"	" 23791053"	"TT"	"AG"	"TT>AG"	"PPARGC1A"	"downstream"	"DBS6"	0.19300945572829	6
"chr4"	" 23791053"	"TT"	"AG"	"TT>AG"	"PPARGC1A"	"downstream"	"DBS11"	0.131993352867285	6
"chr4"	" 49640381"	"CG"	"AA"	"CG>TT"	"CWH43"	"intergenic"	"DBS1"	0.0246435962035096	6
"chr4"	" 49640381"	"CG"	"AA"	"CG>TT"	"CWH43"	"intergenic"	"DBS4"	0.0579824390493038	6
"chr4"	" 49640381"	"CG"	"AA"	"CG>TT"	"CWH43"	"intergenic"	"DBS9"	0.00803432119863982	6
"chr4"	" 49640381"	"CG"	"AA"	"CG>TT"	"CWH43"	"intergenic"	"DBS2"	0.414722704185681	6
"chr4"	" 49640381"	"CG"	"AA"	"CG>TT"	"CWH43"	"intergenic"	"DBS6"	0.474374514641371	6
"chr4"	" 49640381"	"CG"	"AA"	"CG>TT"	"CWH43"	"intergenic"	"DBS11"	0.0202424247214951	6
"chr4"	" 60265761"	"GA"	"TT"	"TC>AA"	"LINC02429"	"intergenic"	"DBS1"	3.46547064997392e-05	6
"chr4"	" 60265761"	"GA"	"TT"	"TC>AA"	"LINC02429"	"intergenic"	"DBS4"	0.973827011012313	6
"chr4"	" 60265761"	"GA"	"TT"	"TC>AA"	"LINC02429"	"intergenic"	"DBS9"	0.00572103169640007	6
"chr4"	" 60265761"	"GA"	"TT"	"TC>AA"	"LINC02429"	"intergenic"	"DBS2"	0.00173023204239382	6
"chr4"	" 60265761"	"GA"	"TT"	"TC>AA"	"LINC02429"	"intergenic"	"DBS6"	0.0185865399089219	6
"chr4"	" 60265761"	"GA"	"TT"	"TC>AA"	"LINC02429"	"intergenic"	"DBS11"	0.000100530633470967	6
"chr4"	" 61024587"	"GC"	"CA"	"GC>CA"	"LINC02271"	"intergenic"	"DBS1"	0.00231779892119227	6
"chr4"	" 61024587"	"GC"	"CA"	"GC>CA"	"LINC02271"	"intergenic"	"DBS4"	0.386996568087166	6
"chr4"	" 61024587"	"GC"	"CA"	"GC>CA"	"LINC02271"	"intergenic"	"DBS9"	0.53767036065053	6
"chr4"	" 61024587"	"GC"	"CA"	"GC>CA"	"LINC02271"	"intergenic"	"DBS2"	0.0160088361410501	6
"chr4"	" 61024587"	"GC"	"CA"	"GC>CA"	"LINC02271"	"intergenic"	"DBS6"	0.0446344710928456	6
"chr4"	" 61024587"	"GC"	"CA"	"GC>CA"	"LINC02271"	"intergenic"	"DBS11"	0.0123719651072161	6
"chr4"	" 67373374"	"GA"	"AC"	"TC>GT"	"MIR1269A"	"intergenic"	"DBS1"	0.694158406440461	6
"chr4"	" 67373374"	"GA"	"AC"	"TC>GT"	"MIR1269A"	"intergenic"	"DBS4"	7.70004619568325e-16	6
"chr4"	" 67373374"	"GA"	"AC"	"TC>GT"	"MIR1269A"	"intergenic"	"DBS9"	6.07325849153398e-16	6
"chr4"	" 67373374"	"GA"	"AC"	"TC>GT"	"MIR1269A"	"intergenic"	"DBS2"	0.00437794049614416	6
"chr4"	" 67373374"	"GA"	"AC"	"TC>GT"	"MIR1269A"	"intergenic"	"DBS6"	1.44199530768538e-16	6
"chr4"	" 67373374"	"GA"	"AC"	"TC>GT"	"MIR1269A"	"intergenic"	"DBS11"	0.301463653063393	6
"chr4"	"126545827"	"TC"	"AA"	"TC>AA"	"INTU"	"intergenic"	"DBS1"	3.46547064997392e-05	6
"chr4"	"126545827"	"TC"	"AA"	"TC>AA"	"INTU"	"intergenic"	"DBS4"	0.973827011012313	6
"chr4"	"126545827"	"TC"	"AA"	"TC>AA"	"INTU"	"intergenic"	"DBS9"	0.00572103169640007	6
"chr4"	"126545827"	"TC"	"AA"	"TC>AA"	"INTU"	"intergenic"	"DBS2"	0.00173023204239382	6
"chr4"	"126545827"	"TC"	"AA"	"TC>AA"	"INTU"	"intergenic"	"DBS6"	0.0185865399089219	6
"chr4"	"126545827"	"TC"	"AA"	"TC>AA"	"INTU"	"intergenic"	"DBS11"	0.000100530633470967	6
"chr4"	"164397064"	"AG"	"GA"	"CT>TC"	"SMIM31"	"intergenic"	"DBS1"	0.957616056421523	6
"chr4"	"164397064"	"AG"	"GA"	"CT>TC"	"SMIM31"	"intergenic"	"DBS4"	5.15949314260758e-16	6
"chr4"	"164397064"	"AG"	"GA"	"CT>TC"	"SMIM31"	"intergenic"	"DBS9"	0.00133424515858779	6
"chr4"	"164397064"	"AG"	"GA"	"CT>TC"	"SMIM31"	"intergenic"	"DBS2"	0.00131441941633776	6
"chr4"	"164397064"	"AG"	"GA"	"CT>TC"	"SMIM31"	"intergenic"	"DBS6"	9.66223411210958e-17	6
"chr4"	"164397064"	"AG"	"GA"	"CT>TC"	"SMIM31"	"intergenic"	"DBS11"	0.0397352790035513	6
"chr4"	"172523298"	"CC"	"TT"	"CC>TT"	"GALNTL6"	"intronic"	"DBS1"	0.946625717133323	6
"chr4"	"172523298"	"CC"	"TT"	"CC>TT"	"GALNTL6"	"intronic"	"DBS4"	6.24159996209392e-18	6
"chr4"	"172523298"	"CC"	"TT"	"CC>TT"	"GALNTL6"	"intronic"	"DBS9"	4.85299461244182e-18	6
"chr4"	"172523298"	"CC"	"TT"	"CC>TT"	"GALNTL6"	"intronic"	"DBS2"	1.72674293255979e-18	6
"chr4"	"172523298"	"CC"	"TT"	"CC>TT"	"GALNTL6"	"intronic"	"DBS6"	1.16887063130016e-18	6
"chr4"	"172523298"	"CC"	"TT"	"CC>TT"	"GALNTL6"	"intronic"	"DBS11"	0.0533742828666768	6
"chr4"	"174425911"	"GG"	"TT"	"CC>AA"	"HPGD"	"intergenic"	"DBS1"	3.90076454684419e-05	6
"chr4"	"174425911"	"GG"	"TT"	"CC>AA"	"HPGD"	"intergenic"	"DBS4"	2.08184691293535e-17	6
"chr4"	"174425911"	"GG"	"TT"	"CC>AA"	"HPGD"	"intergenic"	"DBS9"	1.61868622048224e-17	6
"chr4"	"174425911"	"GG"	"TT"	"CC>AA"	"HPGD"	"intergenic"	"DBS2"	0.999960992354532	6
"chr4"	"174425911"	"GG"	"TT"	"CC>AA"	"HPGD"	"intergenic"	"DBS6"	3.89869541491199e-18	6
"chr4"	"174425911"	"GG"	"TT"	"CC>AA"	"HPGD"	"intergenic"	"DBS11"	3.94125167926196e-18	6
"chr4"	"180930288"	"CC"	"AG"	"CC>AG"	"LINC00290"	"intergenic"	"DBS1"	0.000234163512342973	6
"chr4"	"180930288"	"CC"	"AG"	"CC>AG"	"LINC00290"	"intergenic"	"DBS4"	0.0835450688307894	6
"chr4"	"180930288"	"CC"	"AG"	"CC>AG"	"LINC00290"	"intergenic"	"DBS9"	0.245092656901998	6
"chr4"	"180930288"	"CC"	"AG"	"CC>AG"	"LINC00290"	"intergenic"	"DBS2"	0.518741930737443	6
"chr4"	"180930288"	"CC"	"AG"	"CC>AG"	"LINC00290"	"intergenic"	"DBS6"	0.149689786120978	6
"chr4"	"180930288"	"CC"	"AG"	"CC>AG"	"LINC00290"	"intergenic"	"DBS11"	0.00269639389644937	6
"chr4"	"182206369"	"GA"	"TG"	"TC>CA"	"TENM3"	"intergenic"	"DBS1"	4.70327622721462e-05	6
"chr4"	"182206369"	"GA"	"TG"	"TC>CA"	"TENM3"	"intergenic"	"DBS4"	0.727537626614215	6
"chr4"	"182206369"	"GA"	"TG"	"TC>CA"	"TENM3"	"intergenic"	"DBS9"	0.253227168721942	6
"chr4"	"182206369"	"GA"	"TG"	"TC>CA"	"TENM3"	"intergenic"	"DBS2"	0.00272372472024196	6
"chr4"	"182206369"	"GA"	"TG"	"TC>CA"	"TENM3"	"intergenic"	"DBS6"	0.016027196713159	6
"chr4"	"182206369"	"GA"	"TG"	"TC>CA"	"TENM3"	"intergenic"	"DBS11"	0.000437250468170136	6
"chr5"	" 21801991"	"TC"	"CA"	"TC>CA"	"CDH12"	"intronic"	"DBS1"	4.70327622721462e-05	6
"chr5"	" 21801991"	"TC"	"CA"	"TC>CA"	"CDH12"	"intronic"	"DBS4"	0.727537626614215	6
"chr5"	" 21801991"	"TC"	"CA"	"TC>CA"	"CDH12"	"intronic"	"DBS9"	0.253227168721942	6
"chr5"	" 21801991"	"TC"	"CA"	"TC>CA"	"CDH12"	"intronic"	"DBS2"	0.00272372472024196	6
"chr5"	" 21801991"	"TC"	"CA"	"TC>CA"	"CDH12"	"intronic"	"DBS6"	0.016027196713159	6
"chr5"	" 21801991"	"TC"	"CA"	"TC>CA"	"CDH12"	"intronic"	"DBS11"	0.000437250468170136	6
"chr5"	" 27656999"	"TC"	"AA"	"TC>AA"	"LINC02103"	"intergenic"	"DBS1"	3.46547064997392e-05	6
"chr5"	" 27656999"	"TC"	"AA"	"TC>AA"	"LINC02103"	"intergenic"	"DBS4"	0.973827011012313	6
"chr5"	" 27656999"	"TC"	"AA"	"TC>AA"	"LINC02103"	"intergenic"	"DBS9"	0.00572103169640007	6
"chr5"	" 27656999"	"TC"	"AA"	"TC>AA"	"LINC02103"	"intergenic"	"DBS2"	0.00173023204239382	6
"chr5"	" 27656999"	"TC"	"AA"	"TC>AA"	"LINC02103"	"intergenic"	"DBS6"	0.0185865399089219	6
"chr5"	" 27656999"	"TC"	"AA"	"TC>AA"	"LINC02103"	"intergenic"	"DBS11"	0.000100530633470967	6
"chr5"	" 36977767"	"CC"	"TT"	"CC>TT"	"NIPBL"	"intronic"	"DBS1"	0.946625717133323	6
"chr5"	" 36977767"	"CC"	"TT"	"CC>TT"	"NIPBL"	"intronic"	"DBS4"	6.24159996209392e-18	6
"chr5"	" 36977767"	"CC"	"TT"	"CC>TT"	"NIPBL"	"intronic"	"DBS9"	4.85299461244182e-18	6
"chr5"	" 36977767"	"CC"	"TT"	"CC>TT"	"NIPBL"	"intronic"	"DBS2"	1.72674293255979e-18	6
"chr5"	" 36977767"	"CC"	"TT"	"CC>TT"	"NIPBL"	"intronic"	"DBS6"	1.16887063130016e-18	6
"chr5"	" 36977767"	"CC"	"TT"	"CC>TT"	"NIPBL"	"intronic"	"DBS11"	0.0533742828666768	6
"chr5"	" 92037297"	"CC"	"TT"	"CC>TT"	"NR2F1-AS1"	"intergenic"	"DBS1"	0.946625717133323	6
"chr5"	" 92037297"	"CC"	"TT"	"CC>TT"	"NR2F1-AS1"	"intergenic"	"DBS4"	6.24159996209392e-18	6
"chr5"	" 92037297"	"CC"	"TT"	"CC>TT"	"NR2F1-AS1"	"intergenic"	"DBS9"	4.85299461244182e-18	6
"chr5"	" 92037297"	"CC"	"TT"	"CC>TT"	"NR2F1-AS1"	"intergenic"	"DBS2"	1.72674293255979e-18	6
"chr5"	" 92037297"	"CC"	"TT"	"CC>TT"	"NR2F1-AS1"	"intergenic"	"DBS6"	1.16887063130016e-18	6
"chr5"	" 92037297"	"CC"	"TT"	"CC>TT"	"NR2F1-AS1"	"intergenic"	"DBS11"	0.0533742828666768	6
"chr5"	" 97593565"	"GA"	"TT"	"TC>AA"	"LINC01340"	"ncRNA_intronic"	"DBS1"	3.46547064997392e-05	6
"chr5"	" 97593565"	"GA"	"TT"	"TC>AA"	"LINC01340"	"ncRNA_intronic"	"DBS4"	0.973827011012313	6
"chr5"	" 97593565"	"GA"	"TT"	"TC>AA"	"LINC01340"	"ncRNA_intronic"	"DBS9"	0.00572103169640007	6
"chr5"	" 97593565"	"GA"	"TT"	"TC>AA"	"LINC01340"	"ncRNA_intronic"	"DBS2"	0.00173023204239382	6
"chr5"	" 97593565"	"GA"	"TT"	"TC>AA"	"LINC01340"	"ncRNA_intronic"	"DBS6"	0.0185865399089219	6
"chr5"	" 97593565"	"GA"	"TT"	"TC>AA"	"LINC01340"	"ncRNA_intronic"	"DBS11"	0.000100530633470967	6
"chr5"	"102215115"	"GG"	"AA"	"CC>TT"	"ST8SIA4"	"intergenic"	"DBS1"	0.946625717133323	6
"chr5"	"102215115"	"GG"	"AA"	"CC>TT"	"ST8SIA4"	"intergenic"	"DBS4"	6.24159996209392e-18	6
"chr5"	"102215115"	"GG"	"AA"	"CC>TT"	"ST8SIA4"	"intergenic"	"DBS9"	4.85299461244182e-18	6
"chr5"	"102215115"	"GG"	"AA"	"CC>TT"	"ST8SIA4"	"intergenic"	"DBS2"	1.72674293255979e-18	6
"chr5"	"102215115"	"GG"	"AA"	"CC>TT"	"ST8SIA4"	"intergenic"	"DBS6"	1.16887063130016e-18	6
"chr5"	"102215115"	"GG"	"AA"	"CC>TT"	"ST8SIA4"	"intergenic"	"DBS11"	0.0533742828666768	6
"chr5"	"110908088"	"GG"	"AA"	"CC>TT"	"TSLP"	"intergenic"	"DBS1"	0.946625717133323	6
"chr5"	"110908088"	"GG"	"AA"	"CC>TT"	"TSLP"	"intergenic"	"DBS4"	6.24159996209392e-18	6
"chr5"	"110908088"	"GG"	"AA"	"CC>TT"	"TSLP"	"intergenic"	"DBS9"	4.85299461244182e-18	6
"chr5"	"110908088"	"GG"	"AA"	"CC>TT"	"TSLP"	"intergenic"	"DBS2"	1.72674293255979e-18	6
"chr5"	"110908088"	"GG"	"AA"	"CC>TT"	"TSLP"	"intergenic"	"DBS6"	1.16887063130016e-18	6
"chr5"	"110908088"	"GG"	"AA"	"CC>TT"	"TSLP"	"intergenic"	"DBS11"	0.0533742828666768	6
"chr5"	"123484458"	"GA"	"TT"	"TC>AA"	"CEP120"	"intergenic"	"DBS1"	3.46547064997392e-05	6
"chr5"	"123484458"	"GA"	"TT"	"TC>AA"	"CEP120"	"intergenic"	"DBS4"	0.973827011012313	6
"chr5"	"123484458"	"GA"	"TT"	"TC>AA"	"CEP120"	"intergenic"	"DBS9"	0.00572103169640007	6
"chr5"	"123484458"	"GA"	"TT"	"TC>AA"	"CEP120"	"intergenic"	"DBS2"	0.00173023204239382	6
"chr5"	"123484458"	"GA"	"TT"	"TC>AA"	"CEP120"	"intergenic"	"DBS6"	0.0185865399089219	6
"chr5"	"123484458"	"GA"	"TT"	"TC>AA"	"CEP120"	"intergenic"	"DBS11"	0.000100530633470967	6
"chr6"	" 20754279"	"GG"	"TT"	"CC>AA"	"CDKAL1"	"intronic"	"DBS1"	3.90076454684419e-05	6
"chr6"	" 20754279"	"GG"	"TT"	"CC>AA"	"CDKAL1"	"intronic"	"DBS4"	2.08184691293535e-17	6
"chr6"	" 20754279"	"GG"	"TT"	"CC>AA"	"CDKAL1"	"intronic"	"DBS9"	1.61868622048224e-17	6
"chr6"	" 20754279"	"GG"	"TT"	"CC>AA"	"CDKAL1"	"intronic"	"DBS2"	0.999960992354532	6
"chr6"	" 20754279"	"GG"	"TT"	"CC>AA"	"CDKAL1"	"intronic"	"DBS6"	3.89869541491199e-18	6
"chr6"	" 20754279"	"GG"	"TT"	"CC>AA"	"CDKAL1"	"intronic"	"DBS11"	3.94125167926196e-18	6
"chr6"	" 32758756"	"TG"	"CA"	"TG>CA"	"HLA-DQB2"	"intronic"	"DBS1"	0.0128387648497465	6
"chr6"	" 32758756"	"TG"	"CA"	"TG>CA"	"HLA-DQB2"	"intronic"	"DBS4"	0.029900742253409	6
"chr6"	" 32758756"	"TG"	"CA"	"TG>CA"	"HLA-DQB2"	"intronic"	"DBS9"	0.511641954062135	6
"chr6"	" 32758756"	"TG"	"CA"	"TG>CA"	"HLA-DQB2"	"intronic"	"DBS2"	0.00248703647412328	6
"chr6"	" 32758756"	"TG"	"CA"	"TG>CA"	"HLA-DQB2"	"intronic"	"DBS6"	0.0669608928798223	6
"chr6"	" 32758756"	"TG"	"CA"	"TG>CA"	"HLA-DQB2"	"intronic"	"DBS11"	0.376170609480764	6
"chr6"	" 37846873"	"GG"	"TT"	"CC>AA"	"ZFAND3"	"intronic"	"DBS1"	3.90076454684419e-05	6
"chr6"	" 37846873"	"GG"	"TT"	"CC>AA"	"ZFAND3"	"intronic"	"DBS4"	2.08184691293535e-17	6
"chr6"	" 37846873"	"GG"	"TT"	"CC>AA"	"ZFAND3"	"intronic"	"DBS9"	1.61868622048224e-17	6
"chr6"	" 37846873"	"GG"	"TT"	"CC>AA"	"ZFAND3"	"intronic"	"DBS2"	0.999960992354532	6
"chr6"	" 37846873"	"GG"	"TT"	"CC>AA"	"ZFAND3"	"intronic"	"DBS6"	3.89869541491199e-18	6
"chr6"	" 37846873"	"GG"	"TT"	"CC>AA"	"ZFAND3"	"intronic"	"DBS11"	3.94125167926196e-18	6
"chr6"	" 62620137"	"CC"	"AA"	"CC>AA"	"LGSN"	"intergenic"	"DBS1"	3.90076454684419e-05	6
"chr6"	" 62620137"	"CC"	"AA"	"CC>AA"	"LGSN"	"intergenic"	"DBS4"	2.08184691293535e-17	6
"chr6"	" 62620137"	"CC"	"AA"	"CC>AA"	"LGSN"	"intergenic"	"DBS9"	1.61868622048224e-17	6
"chr6"	" 62620137"	"CC"	"AA"	"CC>AA"	"LGSN"	"intergenic"	"DBS2"	0.999960992354532	6
"chr6"	" 62620137"	"CC"	"AA"	"CC>AA"	"LGSN"	"intergenic"	"DBS6"	3.89869541491199e-18	6
"chr6"	" 62620137"	"CC"	"AA"	"CC>AA"	"LGSN"	"intergenic"	"DBS11"	3.94125167926196e-18	6
"chr6"	" 84065909"	"TG"	"AT"	"TG>AT"	"MRAP2"	"intronic"	"DBS1"	0.0706267731744298	6
"chr6"	" 84065909"	"TG"	"AT"	"TG>AT"	"MRAP2"	"intronic"	"DBS4"	1.65789583780569e-16	6
"chr6"	" 84065909"	"TG"	"AT"	"TG>AT"	"MRAP2"	"intronic"	"DBS9"	0.0106611341959725	6
"chr6"	" 84065909"	"TG"	"AT"	"TG>AT"	"MRAP2"	"intronic"	"DBS2"	0.047185681863523	6
"chr6"	" 84065909"	"TG"	"AT"	"TG>AT"	"MRAP2"	"intronic"	"DBS6"	0.826688581472743	6
"chr6"	" 84065909"	"TG"	"AT"	"TG>AT"	"MRAP2"	"intronic"	"DBS11"	0.0448378292933312	6
"chr6"	"101722090"	"AC"	"TT"	"AC>TT"	"GRIK2"	"intronic"	"DBS1"	0.527943875912873	6
"chr6"	"101722090"	"AC"	"TT"	"AC>TT"	"GRIK2"	"intronic"	"DBS4"	0.00259223659840892	6
"chr6"	"101722090"	"AC"	"TT"	"AC>TT"	"GRIK2"	"intronic"	"DBS9"	0.431357261425972	6
"chr6"	"101722090"	"AC"	"TT"	"AC>TT"	"GRIK2"	"intronic"	"DBS2"	0.0218336002800157	6
"chr6"	"101722090"	"AC"	"TT"	"AC>TT"	"GRIK2"	"intronic"	"DBS6"	0.00808660715964024	6
"chr6"	"101722090"	"AC"	"TT"	"AC>TT"	"GRIK2"	"intronic"	"DBS11"	0.00818641862309053	6
"chr6"	"108529588"	"TA"	"CC"	"TA>GG"	"FOXO3"	"intergenic"	"DBS1"	0.0197393528944751	6
"chr6"	"108529588"	"TA"	"CC"	"TA>GG"	"FOXO3"	"intergenic"	"DBS4"	0.503775960895965	6
"chr6"	"108529588"	"TA"	"CC"	"TA>GG"	"FOXO3"	"intergenic"	"DBS9"	0.445013522446102	6
"chr6"	"108529588"	"TA"	"CC"	"TA>GG"	"FOXO3"	"intergenic"	"DBS2"	0.00831486515808916	6
"chr6"	"108529588"	"TA"	"CC"	"TA>GG"	"FOXO3"	"intergenic"	"DBS6"	0.00781324465163816	6
"chr6"	"108529588"	"TA"	"CC"	"TA>GG"	"FOXO3"	"intergenic"	"DBS11"	0.0153430539537308	6
"chr6"	"141313086"	"CT"	"TA"	"CT>TA"	"NMBR"	"intergenic"	"DBS1"	0.514962280010677	6
"chr6"	"141313086"	"CT"	"TA"	"CT>TA"	"NMBR"	"intergenic"	"DBS4"	3.73017583623652e-16	6
"chr6"	"141313086"	"CT"	"TA"	"CT>TA"	"NMBR"	"intergenic"	"DBS9"	2.9003017410048e-16	6
"chr6"	"141313086"	"CT"	"TA"	"CT>TA"	"NMBR"	"intergenic"	"DBS2"	0.0836453314759848	6
"chr6"	"141313086"	"CT"	"TA"	"CT>TA"	"NMBR"	"intergenic"	"DBS6"	0.00074400181251042	6
"chr6"	"141313086"	"CT"	"TA"	"CT>TA"	"NMBR"	"intergenic"	"DBS11"	0.400648386700827	6
"chr6"	"144547415"	"GA"	"TG"	"TC>CA"	"UTRN"	"intronic"	"DBS1"	4.70327622721462e-05	6
"chr6"	"144547415"	"GA"	"TG"	"TC>CA"	"UTRN"	"intronic"	"DBS4"	0.727537626614215	6
"chr6"	"144547415"	"GA"	"TG"	"TC>CA"	"UTRN"	"intronic"	"DBS9"	0.253227168721942	6
"chr6"	"144547415"	"GA"	"TG"	"TC>CA"	"UTRN"	"intronic"	"DBS2"	0.00272372472024196	6
"chr6"	"144547415"	"GA"	"TG"	"TC>CA"	"UTRN"	"intronic"	"DBS6"	0.016027196713159	6
"chr6"	"144547415"	"GA"	"TG"	"TC>CA"	"UTRN"	"intronic"	"DBS11"	0.000437250468170136	6
"chr6"	"162248234"	"TA"	"AT"	"TA>AT"	"PRKN"	"intronic"	"DBS1"	0.0143943456017122	6
"chr6"	"162248234"	"TA"	"AT"	"TA>AT"	"PRKN"	"intronic"	"DBS4"	0.700294975719528	6
"chr6"	"162248234"	"TA"	"AT"	"TA>AT"	"PRKN"	"intronic"	"DBS9"	0.215449011770654	6
"chr6"	"162248234"	"TA"	"AT"	"TA>AT"	"PRKN"	"intronic"	"DBS2"	0.0294194034823467	6
"chr6"	"162248234"	"TA"	"AT"	"TA>AT"	"PRKN"	"intronic"	"DBS6"	0.031180186816519	6
"chr6"	"162248234"	"TA"	"AT"	"TA>AT"	"PRKN"	"intronic"	"DBS11"	0.00926207660923981	6
"chr7"	"  2466393"	"GC"	"TT"	"GC>AA"	"CHST12"	"intergenic"	"DBS1"	0.00587984358607265	6
"chr7"	"  2466393"	"GC"	"TT"	"GC>AA"	"CHST12"	"intergenic"	"DBS4"	0.986482554453007	6
"chr7"	"  2466393"	"GC"	"TT"	"GC>AA"	"CHST12"	"intergenic"	"DBS9"	1.63692011124998e-17	6
"chr7"	"  2466393"	"GC"	"TT"	"GC>AA"	"CHST12"	"intergenic"	"DBS2"	0.00709533687311416	6
"chr7"	"  2466393"	"GC"	"TT"	"GC>AA"	"CHST12"	"intergenic"	"DBS6"	3.94261275073203e-18	6
"chr7"	"  2466393"	"GC"	"TT"	"GC>AA"	"CHST12"	"intergenic"	"DBS11"	0.000542265087806207	6
"chr7"	"  5232966"	"CC"	"TA"	"CC>TA"	"WIPI2"	"UTR3"	"DBS1"	0.404214749697669	6
"chr7"	"  5232966"	"CC"	"TA"	"CC>TA"	"WIPI2"	"UTR3"	"DBS4"	0.00533991837054148	6
"chr7"	"  5232966"	"CC"	"TA"	"CC>TA"	"WIPI2"	"UTR3"	"DBS9"	0.013021104225988	6
"chr7"	"  5232966"	"CC"	"TA"	"CC>TA"	"WIPI2"	"UTR3"	"DBS2"	0.233399231268143	6
"chr7"	"  5232966"	"CC"	"TA"	"CC>TA"	"WIPI2"	"UTR3"	"DBS6"	0.0110135958400115	6
"chr7"	"  5232966"	"CC"	"TA"	"CC>TA"	"WIPI2"	"UTR3"	"DBS11"	0.333011400597647	6
"chr7"	" 30204595"	"GC"	"AG"	"GC>AG"	"LOC105375218"	"intergenic"	"DBS1"	0.00151178792362523	6
"chr7"	" 30204595"	"GC"	"AG"	"GC>AG"	"LOC105375218"	"intergenic"	"DBS4"	0.129030510917148	6
"chr7"	" 30204595"	"GC"	"AG"	"GC>AG"	"LOC105375218"	"intergenic"	"DBS9"	0.854360261387488	6
"chr7"	" 30204595"	"GC"	"AG"	"GC>AG"	"LOC105375218"	"intergenic"	"DBS2"	0.00172341979258778	6
"chr7"	" 30204595"	"GC"	"AG"	"GC>AG"	"LOC105375218"	"intergenic"	"DBS6"	0.00660063203697204	6
"chr7"	" 30204595"	"GC"	"AG"	"GC>AG"	"LOC105375218"	"intergenic"	"DBS11"	0.00677338794217868	6
"chr7"	" 67329382"	"GG"	"AA"	"CC>TT"	"STAG3L4"	"intergenic"	"DBS1"	0.946625717133323	6
"chr7"	" 67329382"	"GG"	"AA"	"CC>TT"	"STAG3L4"	"intergenic"	"DBS4"	6.24159996209392e-18	6
"chr7"	" 67329382"	"GG"	"AA"	"CC>TT"	"STAG3L4"	"intergenic"	"DBS9"	4.85299461244182e-18	6
"chr7"	" 67329382"	"GG"	"AA"	"CC>TT"	"STAG3L4"	"intergenic"	"DBS2"	1.72674293255979e-18	6
"chr7"	" 67329382"	"GG"	"AA"	"CC>TT"	"STAG3L4"	"intergenic"	"DBS6"	1.16887063130016e-18	6
"chr7"	" 67329382"	"GG"	"AA"	"CC>TT"	"STAG3L4"	"intergenic"	"DBS11"	0.0533742828666768	6
"chr7"	" 81792789"	"GG"	"AA"	"CC>TT"	"CACNA2D1"	"intergenic"	"DBS1"	0.946625717133323	6
"chr7"	" 81792789"	"GG"	"AA"	"CC>TT"	"CACNA2D1"	"intergenic"	"DBS4"	6.24159996209392e-18	6
"chr7"	" 81792789"	"GG"	"AA"	"CC>TT"	"CACNA2D1"	"intergenic"	"DBS9"	4.85299461244182e-18	6
"chr7"	" 81792789"	"GG"	"AA"	"CC>TT"	"CACNA2D1"	"intergenic"	"DBS2"	1.72674293255979e-18	6
"chr7"	" 81792789"	"GG"	"AA"	"CC>TT"	"CACNA2D1"	"intergenic"	"DBS6"	1.16887063130016e-18	6
"chr7"	" 81792789"	"GG"	"AA"	"CC>TT"	"CACNA2D1"	"intergenic"	"DBS11"	0.0533742828666768	6
"chr7"	" 82035689"	"TA"	"GT"	"TA>GT"	"CACNA2D1"	"intronic"	"DBS1"	0.0931716137382574	6
"chr7"	" 82035689"	"TA"	"GT"	"TA>GT"	"CACNA2D1"	"intronic"	"DBS4"	0.527749339372571	6
"chr7"	" 82035689"	"TA"	"GT"	"TA>GT"	"CACNA2D1"	"intronic"	"DBS9"	0.307381435773891	6
"chr7"	" 82035689"	"TA"	"GT"	"TA>GT"	"CACNA2D1"	"intronic"	"DBS2"	0.0395302672710799	6
"chr7"	" 82035689"	"TA"	"GT"	"TA>GT"	"CACNA2D1"	"intronic"	"DBS6"	0.000646343131428468	6
"chr7"	" 82035689"	"TA"	"GT"	"TA>GT"	"CACNA2D1"	"intronic"	"DBS11"	0.0315210007127722	6
"chr7"	" 95070353"	"CA"	"AC"	"TG>GT"	"PPP1R9A"	"intronic"	"DBS1"	0.185948598314347	6
"chr7"	" 95070353"	"CA"	"AC"	"TG>GT"	"PPP1R9A"	"intronic"	"DBS4"	0.0025547517757138	6
"chr7"	" 95070353"	"CA"	"AC"	"TG>GT"	"PPP1R9A"	"intronic"	"DBS9"	0.159403567015907	6
"chr7"	" 95070353"	"CA"	"AC"	"TG>GT"	"PPP1R9A"	"intronic"	"DBS2"	0.235082284885214	6
"chr7"	" 95070353"	"CA"	"AC"	"TG>GT"	"PPP1R9A"	"intronic"	"DBS6"	0.342284485255601	6
"chr7"	" 95070353"	"CA"	"AC"	"TG>GT"	"PPP1R9A"	"intronic"	"DBS11"	0.0747263127532168	6
"chr7"	"105645762"	"GA"	"TT"	"TC>AA"	"ATXN7L1"	"intronic"	"DBS1"	3.46547064997392e-05	6
"chr7"	"105645762"	"GA"	"TT"	"TC>AA"	"ATXN7L1"	"intronic"	"DBS4"	0.973827011012313	6
"chr7"	"105645762"	"GA"	"TT"	"TC>AA"	"ATXN7L1"	"intronic"	"DBS9"	0.00572103169640007	6
"chr7"	"105645762"	"GA"	"TT"	"TC>AA"	"ATXN7L1"	"intronic"	"DBS2"	0.00173023204239382	6
"chr7"	"105645762"	"GA"	"TT"	"TC>AA"	"ATXN7L1"	"intronic"	"DBS6"	0.0185865399089219	6
"chr7"	"105645762"	"GA"	"TT"	"TC>AA"	"ATXN7L1"	"intronic"	"DBS11"	0.000100530633470967	6
"chr7"	"115383625"	"AA"	"CT"	"TT>AG"	"SNORA25B"	"intergenic"	"DBS1"	0.298140972298017	6
"chr7"	"115383625"	"AA"	"CT"	"TT>AG"	"SNORA25B"	"intergenic"	"DBS4"	4.03506282538279e-15	6
"chr7"	"115383625"	"AA"	"CT"	"TT>AG"	"SNORA25B"	"intergenic"	"DBS9"	0.319301032971807	6
"chr7"	"115383625"	"AA"	"CT"	"TT>AG"	"SNORA25B"	"intergenic"	"DBS2"	0.0575551861345972	6
"chr7"	"115383625"	"AA"	"CT"	"TT>AG"	"SNORA25B"	"intergenic"	"DBS6"	0.19300945572829	6
"chr7"	"115383625"	"AA"	"CT"	"TT>AG"	"SNORA25B"	"intergenic"	"DBS11"	0.131993352867285	6
"chr7"	"131181875"	"GT"	"TG"	"AC>CA"	"MKLN1"	"intronic"	"DBS1"	0.00309245261527231	6
"chr7"	"131181875"	"GT"	"TG"	"AC>CA"	"MKLN1"	"intronic"	"DBS4"	0.208187133505175	6
"chr7"	"131181875"	"GT"	"TG"	"AC>CA"	"MKLN1"	"intronic"	"DBS9"	0.746438502297116	6
"chr7"	"131181875"	"GT"	"TG"	"AC>CA"	"MKLN1"	"intronic"	"DBS2"	0.00873411464924726	6
"chr7"	"131181875"	"GT"	"TG"	"AC>CA"	"MKLN1"	"intronic"	"DBS6"	0.0211264071420232	6
"chr7"	"131181875"	"GT"	"TG"	"AC>CA"	"MKLN1"	"intronic"	"DBS11"	0.0124213897911661	6
"chr7"	"145652597"	"CA"	"GC"	"TG>GC"	"CNTNAP2"	"intergenic"	"DBS1"	0.0212048868464494	6
"chr7"	"145652597"	"CA"	"GC"	"TG>GC"	"CNTNAP2"	"intergenic"	"DBS4"	0.116433517081232	6
"chr7"	"145652597"	"CA"	"GC"	"TG>GC"	"CNTNAP2"	"intergenic"	"DBS9"	0.454802890720711	6
"chr7"	"145652597"	"CA"	"GC"	"TG>GC"	"CNTNAP2"	"intergenic"	"DBS2"	0.0243502667733841	6
"chr7"	"145652597"	"CA"	"GC"	"TG>GC"	"CNTNAP2"	"intergenic"	"DBS6"	0.170498109871931	6
"chr7"	"145652597"	"CA"	"GC"	"TG>GC"	"CNTNAP2"	"intergenic"	"DBS11"	0.212710328706292	6
"chr7"	"147231266"	"CC"	"TT"	"CC>TT"	"CNTNAP2"	"intronic"	"DBS1"	0.946625717133323	6
"chr7"	"147231266"	"CC"	"TT"	"CC>TT"	"CNTNAP2"	"intronic"	"DBS4"	6.24159996209392e-18	6
"chr7"	"147231266"	"CC"	"TT"	"CC>TT"	"CNTNAP2"	"intronic"	"DBS9"	4.85299461244182e-18	6
"chr7"	"147231266"	"CC"	"TT"	"CC>TT"	"CNTNAP2"	"intronic"	"DBS2"	1.72674293255979e-18	6
"chr7"	"147231266"	"CC"	"TT"	"CC>TT"	"CNTNAP2"	"intronic"	"DBS6"	1.16887063130016e-18	6
"chr7"	"147231266"	"CC"	"TT"	"CC>TT"	"CNTNAP2"	"intronic"	"DBS11"	0.0533742828666768	6
"chr7"	"152746990"	"TC"	"AA"	"TC>AA"	"XRCC2"	"intergenic"	"DBS1"	3.46547064997392e-05	6
"chr7"	"152746990"	"TC"	"AA"	"TC>AA"	"XRCC2"	"intergenic"	"DBS4"	0.973827011012313	6
"chr7"	"152746990"	"TC"	"AA"	"TC>AA"	"XRCC2"	"intergenic"	"DBS9"	0.00572103169640007	6
"chr7"	"152746990"	"TC"	"AA"	"TC>AA"	"XRCC2"	"intergenic"	"DBS2"	0.00173023204239382	6
"chr7"	"152746990"	"TC"	"AA"	"TC>AA"	"XRCC2"	"intergenic"	"DBS6"	0.0185865399089219	6
"chr7"	"152746990"	"TC"	"AA"	"TC>AA"	"XRCC2"	"intergenic"	"DBS11"	0.000100530633470967	6
"chr7"	"152815883"	"GA"	"TT"	"TC>AA"	"ACTR3B"	"intronic"	"DBS1"	3.46547064997392e-05	6
"chr7"	"152815883"	"GA"	"TT"	"TC>AA"	"ACTR3B"	"intronic"	"DBS4"	0.973827011012313	6
"chr7"	"152815883"	"GA"	"TT"	"TC>AA"	"ACTR3B"	"intronic"	"DBS9"	0.00572103169640007	6
"chr7"	"152815883"	"GA"	"TT"	"TC>AA"	"ACTR3B"	"intronic"	"DBS2"	0.00173023204239382	6
"chr7"	"152815883"	"GA"	"TT"	"TC>AA"	"ACTR3B"	"intronic"	"DBS6"	0.0185865399089219	6
"chr7"	"152815883"	"GA"	"TT"	"TC>AA"	"ACTR3B"	"intronic"	"DBS11"	0.000100530633470967	6
"chr8"	"  5438132"	"AG"	"GC"	"CT>GC"	"LOC100287015"	"intergenic"	"DBS1"	0.084110861030694	6
"chr8"	"  5438132"	"AG"	"GC"	"CT>GC"	"LOC100287015"	"intergenic"	"DBS4"	0.0194758138507664	6
"chr8"	"  5438132"	"AG"	"GC"	"CT>GC"	"LOC100287015"	"intergenic"	"DBS9"	0.506202385785065	6
"chr8"	"  5438132"	"AG"	"GC"	"CT>GC"	"LOC100287015"	"intergenic"	"DBS2"	0.0167863764201936	6
"chr8"	"  5438132"	"AG"	"GC"	"CT>GC"	"LOC100287015"	"intergenic"	"DBS6"	0.0762608975626166	6
"chr8"	"  5438132"	"AG"	"GC"	"CT>GC"	"LOC100287015"	"intergenic"	"DBS11"	0.297163665350664	6
"chr8"	" 17056953"	"TG"	"AT"	"TG>AT"	"MICU3"	"intronic"	"DBS1"	0.0706267731744298	6
"chr8"	" 17056953"	"TG"	"AT"	"TG>AT"	"MICU3"	"intronic"	"DBS4"	1.65789583780569e-16	6
"chr8"	" 17056953"	"TG"	"AT"	"TG>AT"	"MICU3"	"intronic"	"DBS9"	0.0106611341959725	6
"chr8"	" 17056953"	"TG"	"AT"	"TG>AT"	"MICU3"	"intronic"	"DBS2"	0.047185681863523	6
"chr8"	" 17056953"	"TG"	"AT"	"TG>AT"	"MICU3"	"intronic"	"DBS6"	0.826688581472743	6
"chr8"	" 17056953"	"TG"	"AT"	"TG>AT"	"MICU3"	"intronic"	"DBS11"	0.0448378292933312	6
"chr8"	" 19858448"	"GG"	"AA"	"CC>TT"	"LPL"	"intergenic"	"DBS1"	0.946625717133323	6
"chr8"	" 19858448"	"GG"	"AA"	"CC>TT"	"LPL"	"intergenic"	"DBS4"	6.24159996209392e-18	6
"chr8"	" 19858448"	"GG"	"AA"	"CC>TT"	"LPL"	"intergenic"	"DBS9"	4.85299461244182e-18	6
"chr8"	" 19858448"	"GG"	"AA"	"CC>TT"	"LPL"	"intergenic"	"DBS2"	1.72674293255979e-18	6
"chr8"	" 19858448"	"GG"	"AA"	"CC>TT"	"LPL"	"intergenic"	"DBS6"	1.16887063130016e-18	6
"chr8"	" 19858448"	"GG"	"AA"	"CC>TT"	"LPL"	"intergenic"	"DBS11"	0.0533742828666768	6
"chr8"	" 49150688"	"CC"	"AA"	"CC>AA"	"LOC100507464"	"intergenic"	"DBS1"	3.90076454684419e-05	6
"chr8"	" 49150688"	"CC"	"AA"	"CC>AA"	"LOC100507464"	"intergenic"	"DBS4"	2.08184691293535e-17	6
"chr8"	" 49150688"	"CC"	"AA"	"CC>AA"	"LOC100507464"	"intergenic"	"DBS9"	1.61868622048224e-17	6
"chr8"	" 49150688"	"CC"	"AA"	"CC>AA"	"LOC100507464"	"intergenic"	"DBS2"	0.999960992354532	6
"chr8"	" 49150688"	"CC"	"AA"	"CC>AA"	"LOC100507464"	"intergenic"	"DBS6"	3.89869541491199e-18	6
"chr8"	" 49150688"	"CC"	"AA"	"CC>AA"	"LOC100507464"	"intergenic"	"DBS11"	3.94125167926196e-18	6
"chr8"	" 77787805"	"GC"	"TT"	"GC>AA"	"PKIA"	"intergenic"	"DBS1"	0.00587984358607265	6
"chr8"	" 77787805"	"GC"	"TT"	"GC>AA"	"PKIA"	"intergenic"	"DBS4"	0.986482554453007	6
"chr8"	" 77787805"	"GC"	"TT"	"GC>AA"	"PKIA"	"intergenic"	"DBS9"	1.63692011124998e-17	6
"chr8"	" 77787805"	"GC"	"TT"	"GC>AA"	"PKIA"	"intergenic"	"DBS2"	0.00709533687311416	6
"chr8"	" 77787805"	"GC"	"TT"	"GC>AA"	"PKIA"	"intergenic"	"DBS6"	3.94261275073203e-18	6
"chr8"	" 77787805"	"GC"	"TT"	"GC>AA"	"PKIA"	"intergenic"	"DBS11"	0.000542265087806207	6
"chr8"	"104764276"	"AG"	"CT"	"CT>AG"	"ZFPM2"	"intergenic"	"DBS1"	4.82097061968479e-16	6
"chr8"	"104764276"	"AG"	"CT"	"CT>AG"	"ZFPM2"	"intergenic"	"DBS4"	0.049625298161722	6
"chr8"	"104764276"	"AG"	"CT"	"CT>AG"	"ZFPM2"	"intergenic"	"DBS9"	0.0480092443173027	6
"chr8"	"104764276"	"AG"	"CT"	"CT>AG"	"ZFPM2"	"intergenic"	"DBS2"	0.0372673358481396	6
"chr8"	"104764276"	"AG"	"CT"	"CT>AG"	"ZFPM2"	"intergenic"	"DBS6"	0.852872406898584	6
"chr8"	"104764276"	"AG"	"CT"	"CT>AG"	"ZFPM2"	"intergenic"	"DBS11"	0.0122257147742513	6
"chr8"	"111095853"	"AT"	"TA"	"AT>TA"	"LINC01608"	"intergenic"	"DBS1"	0.203483186131998	6
"chr8"	"111095853"	"AT"	"TA"	"AT>TA"	"LINC01608"	"intergenic"	"DBS4"	0.318359455399323	6
"chr8"	"111095853"	"AT"	"TA"	"AT>TA"	"LINC01608"	"intergenic"	"DBS9"	0.390133065066176	6
"chr8"	"111095853"	"AT"	"TA"	"AT>TA"	"LINC01608"	"intergenic"	"DBS2"	0.01494785137154	6
"chr8"	"111095853"	"AT"	"TA"	"AT>TA"	"LINC01608"	"intergenic"	"DBS6"	0.0244192710806107	6
"chr8"	"111095853"	"AT"	"TA"	"AT>TA"	"LINC01608"	"intergenic"	"DBS11"	0.0486571709503519	6
"chr9"	"  9984858"	"TC"	"AT"	"TC>AT"	"PTPRD"	"intronic"	"DBS1"	0.0524290515207718	6
"chr9"	"  9984858"	"TC"	"AT"	"TC>AT"	"PTPRD"	"intronic"	"DBS4"	0.144857094199864	6
"chr9"	"  9984858"	"TC"	"AT"	"TC>AT"	"PTPRD"	"intronic"	"DBS9"	0.538367598826575	6
"chr9"	"  9984858"	"TC"	"AT"	"TC>AT"	"PTPRD"	"intronic"	"DBS2"	3.33559696597296e-17	6
"chr9"	"  9984858"	"TC"	"AT"	"TC>AT"	"PTPRD"	"intronic"	"DBS6"	0.00161592307423725	6
"chr9"	"  9984858"	"TC"	"AT"	"TC>AT"	"PTPRD"	"intronic"	"DBS11"	0.262730332378552	6
"chr9"	" 29941545"	"CC"	"TT"	"CC>TT"	"LINGO2"	"intergenic"	"DBS1"	0.946625717133323	6
"chr9"	" 29941545"	"CC"	"TT"	"CC>TT"	"LINGO2"	"intergenic"	"DBS4"	6.24159996209392e-18	6
"chr9"	" 29941545"	"CC"	"TT"	"CC>TT"	"LINGO2"	"intergenic"	"DBS9"	4.85299461244182e-18	6
"chr9"	" 29941545"	"CC"	"TT"	"CC>TT"	"LINGO2"	"intergenic"	"DBS2"	1.72674293255979e-18	6
"chr9"	" 29941545"	"CC"	"TT"	"CC>TT"	"LINGO2"	"intergenic"	"DBS6"	1.16887063130016e-18	6
"chr9"	" 29941545"	"CC"	"TT"	"CC>TT"	"LINGO2"	"intergenic"	"DBS11"	0.0533742828666768	6
"chr9"	" 38701466"	"TA"	"GG"	"TA>GG"	"CNTNAP3"	"intergenic"	"DBS1"	0.0197393528944751	6
"chr9"	" 38701466"	"TA"	"GG"	"TA>GG"	"CNTNAP3"	"intergenic"	"DBS4"	0.503775960895965	6
"chr9"	" 38701466"	"TA"	"GG"	"TA>GG"	"CNTNAP3"	"intergenic"	"DBS9"	0.445013522446102	6
"chr9"	" 38701466"	"TA"	"GG"	"TA>GG"	"CNTNAP3"	"intergenic"	"DBS2"	0.00831486515808916	6
"chr9"	" 38701466"	"TA"	"GG"	"TA>GG"	"CNTNAP3"	"intergenic"	"DBS6"	0.00781324465163816	6
"chr9"	" 38701466"	"TA"	"GG"	"TA>GG"	"CNTNAP3"	"intergenic"	"DBS11"	0.0153430539537308	6
"chr9"	"114556500"	"CC"	"AG"	"CC>AG"	"WHRN"	"intergenic"	"DBS1"	0.000234163512342973	6
"chr9"	"114556500"	"CC"	"AG"	"CC>AG"	"WHRN"	"intergenic"	"DBS4"	0.0835450688307894	6
"chr9"	"114556500"	"CC"	"AG"	"CC>AG"	"WHRN"	"intergenic"	"DBS9"	0.245092656901998	6
"chr9"	"114556500"	"CC"	"AG"	"CC>AG"	"WHRN"	"intergenic"	"DBS2"	0.518741930737443	6
"chr9"	"114556500"	"CC"	"AG"	"CC>AG"	"WHRN"	"intergenic"	"DBS6"	0.149689786120978	6
"chr9"	"114556500"	"CC"	"AG"	"CC>AG"	"WHRN"	"intergenic"	"DBS11"	0.00269639389644937	6
"chr9"	"136267620"	"CC"	"TT"	"CC>TT"	"QSOX2"	"intergenic"	"DBS1"	0.946625717133323	6
"chr9"	"136267620"	"CC"	"TT"	"CC>TT"	"QSOX2"	"intergenic"	"DBS4"	6.24159996209392e-18	6
"chr9"	"136267620"	"CC"	"TT"	"CC>TT"	"QSOX2"	"intergenic"	"DBS9"	4.85299461244182e-18	6
"chr9"	"136267620"	"CC"	"TT"	"CC>TT"	"QSOX2"	"intergenic"	"DBS2"	1.72674293255979e-18	6
"chr9"	"136267620"	"CC"	"TT"	"CC>TT"	"QSOX2"	"intergenic"	"DBS6"	1.16887063130016e-18	6
"chr9"	"136267620"	"CC"	"TT"	"CC>TT"	"QSOX2"	"intergenic"	"DBS11"	0.0533742828666768	6
"chr10"	"  3043635"	"GG"	"CT"	"CC>AG"	"LINC02645"	"intergenic"	"DBS1"	0.000234163512342973	6
"chr10"	"  3043635"	"GG"	"CT"	"CC>AG"	"LINC02645"	"intergenic"	"DBS4"	0.0835450688307894	6
"chr10"	"  3043635"	"GG"	"CT"	"CC>AG"	"LINC02645"	"intergenic"	"DBS9"	0.245092656901998	6
"chr10"	"  3043635"	"GG"	"CT"	"CC>AG"	"LINC02645"	"intergenic"	"DBS2"	0.518741930737443	6
"chr10"	"  3043635"	"GG"	"CT"	"CC>AG"	"LINC02645"	"intergenic"	"DBS6"	0.149689786120978	6
"chr10"	"  3043635"	"GG"	"CT"	"CC>AG"	"LINC02645"	"intergenic"	"DBS11"	0.00269639389644937	6
"chr10"	"  3197350"	"GG"	"AA"	"CC>TT"	"LOC105376360"	"intergenic"	"DBS1"	0.946625717133323	6
"chr10"	"  3197350"	"GG"	"AA"	"CC>TT"	"LOC105376360"	"intergenic"	"DBS4"	6.24159996209392e-18	6
"chr10"	"  3197350"	"GG"	"AA"	"CC>TT"	"LOC105376360"	"intergenic"	"DBS9"	4.85299461244182e-18	6
"chr10"	"  3197350"	"GG"	"AA"	"CC>TT"	"LOC105376360"	"intergenic"	"DBS2"	1.72674293255979e-18	6
"chr10"	"  3197350"	"GG"	"AA"	"CC>TT"	"LOC105376360"	"intergenic"	"DBS6"	1.16887063130016e-18	6
"chr10"	"  3197350"	"GG"	"AA"	"CC>TT"	"LOC105376360"	"intergenic"	"DBS11"	0.0533742828666768	6
"chr10"	"  8806585"	"CA"	"AC"	"TG>GT"	"LOC105376398"	"intergenic"	"DBS1"	0.185948598314347	6
"chr10"	"  8806585"	"CA"	"AC"	"TG>GT"	"LOC105376398"	"intergenic"	"DBS4"	0.0025547517757138	6
"chr10"	"  8806585"	"CA"	"AC"	"TG>GT"	"LOC105376398"	"intergenic"	"DBS9"	0.159403567015907	6
"chr10"	"  8806585"	"CA"	"AC"	"TG>GT"	"LOC105376398"	"intergenic"	"DBS2"	0.235082284885214	6
"chr10"	"  8806585"	"CA"	"AC"	"TG>GT"	"LOC105376398"	"intergenic"	"DBS6"	0.342284485255601	6
"chr10"	"  8806585"	"CA"	"AC"	"TG>GT"	"LOC105376398"	"intergenic"	"DBS11"	0.0747263127532168	6
"chr10"	" 21430465"	"GA"	"TT"	"TC>AA"	"MIR1915HG"	"intergenic"	"DBS1"	3.46547064997392e-05	6
"chr10"	" 21430465"	"GA"	"TT"	"TC>AA"	"MIR1915HG"	"intergenic"	"DBS4"	0.973827011012313	6
"chr10"	" 21430465"	"GA"	"TT"	"TC>AA"	"MIR1915HG"	"intergenic"	"DBS9"	0.00572103169640007	6
"chr10"	" 21430465"	"GA"	"TT"	"TC>AA"	"MIR1915HG"	"intergenic"	"DBS2"	0.00173023204239382	6
"chr10"	" 21430465"	"GA"	"TT"	"TC>AA"	"MIR1915HG"	"intergenic"	"DBS6"	0.0185865399089219	6
"chr10"	" 21430465"	"GA"	"TT"	"TC>AA"	"MIR1915HG"	"intergenic"	"DBS11"	0.000100530633470967	6
"chr10"	" 31055766"	"CC"	"TT"	"CC>TT"	"LINC02664"	"intergenic"	"DBS1"	0.946625717133323	6
"chr10"	" 31055766"	"CC"	"TT"	"CC>TT"	"LINC02664"	"intergenic"	"DBS4"	6.24159996209392e-18	6
"chr10"	" 31055766"	"CC"	"TT"	"CC>TT"	"LINC02664"	"intergenic"	"DBS9"	4.85299461244182e-18	6
"chr10"	" 31055766"	"CC"	"TT"	"CC>TT"	"LINC02664"	"intergenic"	"DBS2"	1.72674293255979e-18	6
"chr10"	" 31055766"	"CC"	"TT"	"CC>TT"	"LINC02664"	"intergenic"	"DBS6"	1.16887063130016e-18	6
"chr10"	" 31055766"	"CC"	"TT"	"CC>TT"	"LINC02664"	"intergenic"	"DBS11"	0.0533742828666768	6
"chr10"	" 79899285"	"TC"	"AT"	"TC>AT"	"NUTM2E"	"intergenic"	"DBS1"	0.0524290515207718	6
"chr10"	" 79899285"	"TC"	"AT"	"TC>AT"	"NUTM2E"	"intergenic"	"DBS4"	0.144857094199864	6
"chr10"	" 79899285"	"TC"	"AT"	"TC>AT"	"NUTM2E"	"intergenic"	"DBS9"	0.538367598826575	6
"chr10"	" 79899285"	"TC"	"AT"	"TC>AT"	"NUTM2E"	"intergenic"	"DBS2"	3.33559696597296e-17	6
"chr10"	" 79899285"	"TC"	"AT"	"TC>AT"	"NUTM2E"	"intergenic"	"DBS6"	0.00161592307423725	6
"chr10"	" 79899285"	"TC"	"AT"	"TC>AT"	"NUTM2E"	"intergenic"	"DBS11"	0.262730332378552	6
"chr10"	" 80361639"	"TC"	"CT"	"TC>CT"	"DYDC2"	"intronic"	"DBS1"	0.0587201152800485	6
"chr10"	" 80361639"	"TC"	"CT"	"TC>CT"	"DYDC2"	"intronic"	"DBS4"	0.000206809514308967	6
"chr10"	" 80361639"	"TC"	"CT"	"TC>CT"	"DYDC2"	"intronic"	"DBS9"	0.774655624018491	6
"chr10"	" 80361639"	"TC"	"CT"	"TC>CT"	"DYDC2"	"intronic"	"DBS2"	0.0388578463597779	6
"chr10"	" 80361639"	"TC"	"CT"	"TC>CT"	"DYDC2"	"intronic"	"DBS6"	0.0370421541132645	6
"chr10"	" 80361639"	"TC"	"CT"	"TC>CT"	"DYDC2"	"intronic"	"DBS11"	0.0905174507141088	6
"chr10"	"107708277"	"GC"	"CT"	"GC>AG"	"SORCS1"	"intergenic"	"DBS1"	0.00151178792362523	6
"chr10"	"107708277"	"GC"	"CT"	"GC>AG"	"SORCS1"	"intergenic"	"DBS4"	0.129030510917148	6
"chr10"	"107708277"	"GC"	"CT"	"GC>AG"	"SORCS1"	"intergenic"	"DBS9"	0.854360261387488	6
"chr10"	"107708277"	"GC"	"CT"	"GC>AG"	"SORCS1"	"intergenic"	"DBS2"	0.00172341979258778	6
"chr10"	"107708277"	"GC"	"CT"	"GC>AG"	"SORCS1"	"intergenic"	"DBS6"	0.00660063203697204	6
"chr10"	"107708277"	"GC"	"CT"	"GC>AG"	"SORCS1"	"intergenic"	"DBS11"	0.00677338794217868	6
"chr10"	"109559041"	"GC"	"TT"	"GC>AA"	"LINC01435"	"intergenic"	"DBS1"	0.00587984358607265	6
"chr10"	"109559041"	"GC"	"TT"	"GC>AA"	"LINC01435"	"intergenic"	"DBS4"	0.986482554453007	6
"chr10"	"109559041"	"GC"	"TT"	"GC>AA"	"LINC01435"	"intergenic"	"DBS9"	1.63692011124998e-17	6
"chr10"	"109559041"	"GC"	"TT"	"GC>AA"	"LINC01435"	"intergenic"	"DBS2"	0.00709533687311416	6
"chr10"	"109559041"	"GC"	"TT"	"GC>AA"	"LINC01435"	"intergenic"	"DBS6"	3.94261275073203e-18	6
"chr10"	"109559041"	"GC"	"TT"	"GC>AA"	"LINC01435"	"intergenic"	"DBS11"	0.000542265087806207	6
"chr11"	" 11110749"	"GG"	"TT"	"CC>AA"	"ZBED5-AS1"	"intergenic"	"DBS1"	3.90076454684419e-05	6
"chr11"	" 11110749"	"GG"	"TT"	"CC>AA"	"ZBED5-AS1"	"intergenic"	"DBS4"	2.08184691293535e-17	6
"chr11"	" 11110749"	"GG"	"TT"	"CC>AA"	"ZBED5-AS1"	"intergenic"	"DBS9"	1.61868622048224e-17	6
"chr11"	" 11110749"	"GG"	"TT"	"CC>AA"	"ZBED5-AS1"	"intergenic"	"DBS2"	0.999960992354532	6
"chr11"	" 11110749"	"GG"	"TT"	"CC>AA"	"ZBED5-AS1"	"intergenic"	"DBS6"	3.89869541491199e-18	6
"chr11"	" 11110749"	"GG"	"TT"	"CC>AA"	"ZBED5-AS1"	"intergenic"	"DBS11"	3.94125167926196e-18	6
"chr11"	" 23014613"	"GA"	"TT"	"TC>AA"	"MIR8054"	"intergenic"	"DBS1"	3.46547064997392e-05	6
"chr11"	" 23014613"	"GA"	"TT"	"TC>AA"	"MIR8054"	"intergenic"	"DBS4"	0.973827011012313	6
"chr11"	" 23014613"	"GA"	"TT"	"TC>AA"	"MIR8054"	"intergenic"	"DBS9"	0.00572103169640007	6
"chr11"	" 23014613"	"GA"	"TT"	"TC>AA"	"MIR8054"	"intergenic"	"DBS2"	0.00173023204239382	6
"chr11"	" 23014613"	"GA"	"TT"	"TC>AA"	"MIR8054"	"intergenic"	"DBS6"	0.0185865399089219	6
"chr11"	" 23014613"	"GA"	"TT"	"TC>AA"	"MIR8054"	"intergenic"	"DBS11"	0.000100530633470967	6
"chr11"	" 23450884"	"CC"	"AA"	"CC>AA"	"LUZP2"	"intergenic"	"DBS1"	3.90076454684419e-05	6
"chr11"	" 23450884"	"CC"	"AA"	"CC>AA"	"LUZP2"	"intergenic"	"DBS4"	2.08184691293535e-17	6
"chr11"	" 23450884"	"CC"	"AA"	"CC>AA"	"LUZP2"	"intergenic"	"DBS9"	1.61868622048224e-17	6
"chr11"	" 23450884"	"CC"	"AA"	"CC>AA"	"LUZP2"	"intergenic"	"DBS2"	0.999960992354532	6
"chr11"	" 23450884"	"CC"	"AA"	"CC>AA"	"LUZP2"	"intergenic"	"DBS6"	3.89869541491199e-18	6
"chr11"	" 23450884"	"CC"	"AA"	"CC>AA"	"LUZP2"	"intergenic"	"DBS11"	3.94125167926196e-18	6
"chr11"	" 59406731"	"CT"	"GA"	"CT>GA"	"OR5AN1"	"intergenic"	"DBS1"	0.0191744454073615	6
"chr11"	" 59406731"	"CT"	"GA"	"CT>GA"	"OR5AN1"	"intergenic"	"DBS4"	0.116917602356116	6
"chr11"	" 59406731"	"CT"	"GA"	"CT>GA"	"OR5AN1"	"intergenic"	"DBS9"	0.297706665093311	6
"chr11"	" 59406731"	"CT"	"GA"	"CT>GA"	"OR5AN1"	"intergenic"	"DBS2"	0.001460283416201	6
"chr11"	" 59406731"	"CT"	"GA"	"CT>GA"	"OR5AN1"	"intergenic"	"DBS6"	0.201396241066119	6
"chr11"	" 59406731"	"CT"	"GA"	"CT>GA"	"OR5AN1"	"intergenic"	"DBS11"	0.363344762660891	6
"chr11"	" 99945894"	"GT"	"AA"	"AC>TT"	"CNTN5"	"intronic"	"DBS1"	0.527943875912873	6
"chr11"	" 99945894"	"GT"	"AA"	"AC>TT"	"CNTN5"	"intronic"	"DBS4"	0.00259223659840892	6
"chr11"	" 99945894"	"GT"	"AA"	"AC>TT"	"CNTN5"	"intronic"	"DBS9"	0.431357261425972	6
"chr11"	" 99945894"	"GT"	"AA"	"AC>TT"	"CNTN5"	"intronic"	"DBS2"	0.0218336002800157	6
"chr11"	" 99945894"	"GT"	"AA"	"AC>TT"	"CNTN5"	"intronic"	"DBS6"	0.00808660715964024	6
"chr11"	" 99945894"	"GT"	"AA"	"AC>TT"	"CNTN5"	"intronic"	"DBS11"	0.00818641862309053	6
"chr11"	"118433166"	"CA"	"TG"	"TG>CA"	"LOC100131626"	"intergenic"	"DBS1"	0.0128387648497465	6
"chr11"	"118433166"	"CA"	"TG"	"TG>CA"	"LOC100131626"	"intergenic"	"DBS4"	0.029900742253409	6
"chr11"	"118433166"	"CA"	"TG"	"TG>CA"	"LOC100131626"	"intergenic"	"DBS9"	0.511641954062135	6
"chr11"	"118433166"	"CA"	"TG"	"TG>CA"	"LOC100131626"	"intergenic"	"DBS2"	0.00248703647412328	6
"chr11"	"118433166"	"CA"	"TG"	"TG>CA"	"LOC100131626"	"intergenic"	"DBS6"	0.0669608928798223	6
"chr11"	"118433166"	"CA"	"TG"	"TG>CA"	"LOC100131626"	"intergenic"	"DBS11"	0.376170609480764	6
"chr11"	"122903775"	"CG"	"TC"	"CG>TC"	"JHY"	"intronic"	"DBS1"	0.00593917008404292	6
"chr11"	"122903775"	"CG"	"TC"	"CG>TC"	"JHY"	"intronic"	"DBS4"	2.66661388941797e-15	6
"chr11"	"122903775"	"CG"	"TC"	"CG>TC"	"JHY"	"intronic"	"DBS9"	0.0305716669103817	6
"chr11"	"122903775"	"CG"	"TC"	"CG>TC"	"JHY"	"intronic"	"DBS2"	0.3803595269672	6
"chr11"	"122903775"	"CG"	"TC"	"CG>TC"	"JHY"	"intronic"	"DBS6"	0.536080814782772	6
"chr11"	"122903775"	"CG"	"TC"	"CG>TC"	"JHY"	"intronic"	"DBS11"	0.0470488212556005	6
"chr11"	"131221340"	"GG"	"AA"	"CC>TT"	"SNX19"	"intergenic"	"DBS1"	0.946625717133323	6
"chr11"	"131221340"	"GG"	"AA"	"CC>TT"	"SNX19"	"intergenic"	"DBS4"	6.24159996209392e-18	6
"chr11"	"131221340"	"GG"	"AA"	"CC>TT"	"SNX19"	"intergenic"	"DBS9"	4.85299461244182e-18	6
"chr11"	"131221340"	"GG"	"AA"	"CC>TT"	"SNX19"	"intergenic"	"DBS2"	1.72674293255979e-18	6
"chr11"	"131221340"	"GG"	"AA"	"CC>TT"	"SNX19"	"intergenic"	"DBS6"	1.16887063130016e-18	6
"chr11"	"131221340"	"GG"	"AA"	"CC>TT"	"SNX19"	"intergenic"	"DBS11"	0.0533742828666768	6
"chr11"	"133312187"	"TC"	"AA"	"TC>AA"	"OPCML"	"intronic"	"DBS1"	3.46547064997392e-05	6
"chr11"	"133312187"	"TC"	"AA"	"TC>AA"	"OPCML"	"intronic"	"DBS4"	0.973827011012313	6
"chr11"	"133312187"	"TC"	"AA"	"TC>AA"	"OPCML"	"intronic"	"DBS9"	0.00572103169640007	6
"chr11"	"133312187"	"TC"	"AA"	"TC>AA"	"OPCML"	"intronic"	"DBS2"	0.00173023204239382	6
"chr11"	"133312187"	"TC"	"AA"	"TC>AA"	"OPCML"	"intronic"	"DBS6"	0.0185865399089219	6
"chr11"	"133312187"	"TC"	"AA"	"TC>AA"	"OPCML"	"intronic"	"DBS11"	0.000100530633470967	6
"chr11"	"133414895"	"CC"	"AA"	"CC>AA"	"OPCML"	"intronic"	"DBS1"	3.90076454684419e-05	6
"chr11"	"133414895"	"CC"	"AA"	"CC>AA"	"OPCML"	"intronic"	"DBS4"	2.08184691293535e-17	6
"chr11"	"133414895"	"CC"	"AA"	"CC>AA"	"OPCML"	"intronic"	"DBS9"	1.61868622048224e-17	6
"chr11"	"133414895"	"CC"	"AA"	"CC>AA"	"OPCML"	"intronic"	"DBS2"	0.999960992354532	6
"chr11"	"133414895"	"CC"	"AA"	"CC>AA"	"OPCML"	"intronic"	"DBS6"	3.89869541491199e-18	6
"chr11"	"133414895"	"CC"	"AA"	"CC>AA"	"OPCML"	"intronic"	"DBS11"	3.94125167926196e-18	6
"chr11"	"134319426"	"GC"	"AT"	"GC>AT"	"GLB1L3"	"UTR3"	"DBS1"	0.0006623884181846	6
"chr11"	"134319426"	"GC"	"AT"	"GC>AT"	"GLB1L3"	"UTR3"	"DBS4"	0.101569337464571	6
"chr11"	"134319426"	"GC"	"AT"	"GC>AT"	"GLB1L3"	"UTR3"	"DBS9"	0.835731121071889	6
"chr11"	"134319426"	"GC"	"AT"	"GC>AT"	"GLB1L3"	"UTR3"	"DBS2"	0.00486493778667109	6
"chr11"	"134319426"	"GC"	"AT"	"GC>AT"	"GLB1L3"	"UTR3"	"DBS6"	0.00326391591348866	6
"chr11"	"134319426"	"GC"	"AT"	"GC>AT"	"GLB1L3"	"UTR3"	"DBS11"	0.053908299345196	6
"chr12"	"  3526111"	"TC"	"GA"	"TC>GA"	"PRMT8"	"intronic"	"DBS1"	0.00163685343922945	6
"chr12"	"  3526111"	"TC"	"GA"	"TC>GA"	"PRMT8"	"intronic"	"DBS4"	0.750037590798728	6
"chr12"	"  3526111"	"TC"	"GA"	"TC>GA"	"PRMT8"	"intronic"	"DBS9"	0.215096394627853	6
"chr12"	"  3526111"	"TC"	"GA"	"TC>GA"	"PRMT8"	"intronic"	"DBS2"	0.00846873725669129	6
"chr12"	"  3526111"	"TC"	"GA"	"TC>GA"	"PRMT8"	"intronic"	"DBS6"	0.0238873608689398	6
"chr12"	"  3526111"	"TC"	"GA"	"TC>GA"	"PRMT8"	"intronic"	"DBS11"	0.000873063008559147	6
"chr12"	"  5428515"	"CC"	"TT"	"CC>TT"	"LINC02443"	"intergenic"	"DBS1"	0.946625717133323	6
"chr12"	"  5428515"	"CC"	"TT"	"CC>TT"	"LINC02443"	"intergenic"	"DBS4"	6.24159996209392e-18	6
"chr12"	"  5428515"	"CC"	"TT"	"CC>TT"	"LINC02443"	"intergenic"	"DBS9"	4.85299461244182e-18	6
"chr12"	"  5428515"	"CC"	"TT"	"CC>TT"	"LINC02443"	"intergenic"	"DBS2"	1.72674293255979e-18	6
"chr12"	"  5428515"	"CC"	"TT"	"CC>TT"	"LINC02443"	"intergenic"	"DBS6"	1.16887063130016e-18	6
"chr12"	"  5428515"	"CC"	"TT"	"CC>TT"	"LINC02443"	"intergenic"	"DBS11"	0.0533742828666768	6
"chr12"	"  8960159"	"CC"	"TT"	"CC>TT"	"KLRG1"	"intronic"	"DBS1"	0.946625717133323	6
"chr12"	"  8960159"	"CC"	"TT"	"CC>TT"	"KLRG1"	"intronic"	"DBS4"	6.24159996209392e-18	6
"chr12"	"  8960159"	"CC"	"TT"	"CC>TT"	"KLRG1"	"intronic"	"DBS9"	4.85299461244182e-18	6
"chr12"	"  8960159"	"CC"	"TT"	"CC>TT"	"KLRG1"	"intronic"	"DBS2"	1.72674293255979e-18	6
"chr12"	"  8960159"	"CC"	"TT"	"CC>TT"	"KLRG1"	"intronic"	"DBS6"	1.16887063130016e-18	6
"chr12"	"  8960159"	"CC"	"TT"	"CC>TT"	"KLRG1"	"intronic"	"DBS11"	0.0533742828666768	6
"chr12"	" 17407434"	"GC"	"AT"	"GC>AT"	"SKP1P2"	"intergenic"	"DBS1"	0.0006623884181846	6
"chr12"	" 17407434"	"GC"	"AT"	"GC>AT"	"SKP1P2"	"intergenic"	"DBS4"	0.101569337464571	6
"chr12"	" 17407434"	"GC"	"AT"	"GC>AT"	"SKP1P2"	"intergenic"	"DBS9"	0.835731121071889	6
"chr12"	" 17407434"	"GC"	"AT"	"GC>AT"	"SKP1P2"	"intergenic"	"DBS2"	0.00486493778667109	6
"chr12"	" 17407434"	"GC"	"AT"	"GC>AT"	"SKP1P2"	"intergenic"	"DBS6"	0.00326391591348866	6
"chr12"	" 17407434"	"GC"	"AT"	"GC>AT"	"SKP1P2"	"intergenic"	"DBS11"	0.053908299345196	6
"chr12"	" 25884833"	"GG"	"AA"	"CC>TT"	"RASSF8-AS1"	"intergenic"	"DBS1"	0.946625717133323	6
"chr12"	" 25884833"	"GG"	"AA"	"CC>TT"	"RASSF8-AS1"	"intergenic"	"DBS4"	6.24159996209392e-18	6
"chr12"	" 25884833"	"GG"	"AA"	"CC>TT"	"RASSF8-AS1"	"intergenic"	"DBS9"	4.85299461244182e-18	6
"chr12"	" 25884833"	"GG"	"AA"	"CC>TT"	"RASSF8-AS1"	"intergenic"	"DBS2"	1.72674293255979e-18	6
"chr12"	" 25884833"	"GG"	"AA"	"CC>TT"	"RASSF8-AS1"	"intergenic"	"DBS6"	1.16887063130016e-18	6
"chr12"	" 25884833"	"GG"	"AA"	"CC>TT"	"RASSF8-AS1"	"intergenic"	"DBS11"	0.0533742828666768	6
"chr12"	" 25893646"	"CC"	"TT"	"CC>TT"	"RASSF8-AS1"	"intergenic"	"DBS1"	0.946625717133323	6
"chr12"	" 25893646"	"CC"	"TT"	"CC>TT"	"RASSF8-AS1"	"intergenic"	"DBS4"	6.24159996209392e-18	6
"chr12"	" 25893646"	"CC"	"TT"	"CC>TT"	"RASSF8-AS1"	"intergenic"	"DBS9"	4.85299461244182e-18	6
"chr12"	" 25893646"	"CC"	"TT"	"CC>TT"	"RASSF8-AS1"	"intergenic"	"DBS2"	1.72674293255979e-18	6
"chr12"	" 25893646"	"CC"	"TT"	"CC>TT"	"RASSF8-AS1"	"intergenic"	"DBS6"	1.16887063130016e-18	6
"chr12"	" 25893646"	"CC"	"TT"	"CC>TT"	"RASSF8-AS1"	"intergenic"	"DBS11"	0.0533742828666768	6
"chr12"	" 40105764"	"GC"	"TA"	"GC>TA"	"SLC2A13"	"exonic"	"DBS1"	3.83755213661693e-05	6
"chr12"	" 40105764"	"GC"	"TA"	"GC>TA"	"SLC2A13"	"exonic"	"DBS4"	0.663787278583457	6
"chr12"	" 40105764"	"GC"	"TA"	"GC>TA"	"SLC2A13"	"exonic"	"DBS9"	0.31680284684767	6
"chr12"	" 40105764"	"GC"	"TA"	"GC>TA"	"SLC2A13"	"exonic"	"DBS2"	0.0128182050546002	6
"chr12"	" 40105764"	"GC"	"TA"	"GC>TA"	"SLC2A13"	"exonic"	"DBS6"	0.00491021663463562	6
"chr12"	" 40105764"	"GC"	"TA"	"GC>TA"	"SLC2A13"	"exonic"	"DBS11"	0.00164307735827088	6
"chr12"	" 65169517"	"CG"	"AC"	"CG>GT"	"LEMD3"	"upstream"	"DBS1"	0.00152666926205988	6
"chr12"	" 65169517"	"CG"	"AC"	"CG>GT"	"LEMD3"	"upstream"	"DBS4"	5.08043570501613e-15	6
"chr12"	" 65169517"	"CG"	"AC"	"CG>GT"	"LEMD3"	"upstream"	"DBS9"	0.0435306032087707	6
"chr12"	" 65169517"	"CG"	"AC"	"CG>GT"	"LEMD3"	"upstream"	"DBS2"	0.431426314533542	6
"chr12"	" 65169517"	"CG"	"AC"	"CG>GT"	"LEMD3"	"upstream"	"DBS6"	0.369104428067767	6
"chr12"	" 65169517"	"CG"	"AC"	"CG>GT"	"LEMD3"	"upstream"	"DBS11"	0.154411984927855	6
"chr12"	" 74479376"	"TC"	"CA"	"TC>CA"	"LOC100507377"	"intergenic"	"DBS1"	4.70327622721462e-05	6
"chr12"	" 74479376"	"TC"	"CA"	"TC>CA"	"LOC100507377"	"intergenic"	"DBS4"	0.727537626614215	6
"chr12"	" 74479376"	"TC"	"CA"	"TC>CA"	"LOC100507377"	"intergenic"	"DBS9"	0.253227168721942	6
"chr12"	" 74479376"	"TC"	"CA"	"TC>CA"	"LOC100507377"	"intergenic"	"DBS2"	0.00272372472024196	6
"chr12"	" 74479376"	"TC"	"CA"	"TC>CA"	"LOC100507377"	"intergenic"	"DBS6"	0.016027196713159	6
"chr12"	" 74479376"	"TC"	"CA"	"TC>CA"	"LOC100507377"	"intergenic"	"DBS11"	0.000437250468170136	6
"chr12"	" 94114629"	"CC"	"AA"	"CC>AA"	"LOC105369911"	"intergenic"	"DBS1"	3.90076454684419e-05	6
"chr12"	" 94114629"	"CC"	"AA"	"CC>AA"	"LOC105369911"	"intergenic"	"DBS4"	2.08184691293535e-17	6
"chr12"	" 94114629"	"CC"	"AA"	"CC>AA"	"LOC105369911"	"intergenic"	"DBS9"	1.61868622048224e-17	6
"chr12"	" 94114629"	"CC"	"AA"	"CC>AA"	"LOC105369911"	"intergenic"	"DBS2"	0.999960992354532	6
"chr12"	" 94114629"	"CC"	"AA"	"CC>AA"	"LOC105369911"	"intergenic"	"DBS6"	3.89869541491199e-18	6
"chr12"	" 94114629"	"CC"	"AA"	"CC>AA"	"LOC105369911"	"intergenic"	"DBS11"	3.94125167926196e-18	6
"chr13"	" 17603791"	"TT"	"AG"	"TT>AG"	"FAM230C"	"intergenic"	"DBS1"	0.298140972298017	6
"chr13"	" 17603791"	"TT"	"AG"	"TT>AG"	"FAM230C"	"intergenic"	"DBS4"	4.03506282538279e-15	6
"chr13"	" 17603791"	"TT"	"AG"	"TT>AG"	"FAM230C"	"intergenic"	"DBS9"	0.319301032971807	6
"chr13"	" 17603791"	"TT"	"AG"	"TT>AG"	"FAM230C"	"intergenic"	"DBS2"	0.0575551861345972	6
"chr13"	" 17603791"	"TT"	"AG"	"TT>AG"	"FAM230C"	"intergenic"	"DBS6"	0.19300945572829	6
"chr13"	" 17603791"	"TT"	"AG"	"TT>AG"	"FAM230C"	"intergenic"	"DBS11"	0.131993352867285	6
"chr13"	" 90236285"	"GA"	"TT"	"TC>AA"	"LINC01049"	"intergenic"	"DBS1"	3.46547064997392e-05	6
"chr13"	" 90236285"	"GA"	"TT"	"TC>AA"	"LINC01049"	"intergenic"	"DBS4"	0.973827011012313	6
"chr13"	" 90236285"	"GA"	"TT"	"TC>AA"	"LINC01049"	"intergenic"	"DBS9"	0.00572103169640007	6
"chr13"	" 90236285"	"GA"	"TT"	"TC>AA"	"LINC01049"	"intergenic"	"DBS2"	0.00173023204239382	6
"chr13"	" 90236285"	"GA"	"TT"	"TC>AA"	"LINC01049"	"intergenic"	"DBS6"	0.0185865399089219	6
"chr13"	" 90236285"	"GA"	"TT"	"TC>AA"	"LINC01049"	"intergenic"	"DBS11"	0.000100530633470967	6
"chr13"	" 90523653"	"CC"	"AT"	"CC>AT"	"LINC01049"	"ncRNA_intronic"	"DBS1"	0.223918253670935	6
"chr13"	" 90523653"	"CC"	"AT"	"CC>AT"	"LINC01049"	"ncRNA_intronic"	"DBS4"	0.151933808240807	6
"chr13"	" 90523653"	"CC"	"AT"	"CC>AT"	"LINC01049"	"ncRNA_intronic"	"DBS9"	0.113866183352202	6
"chr13"	" 90523653"	"CC"	"AT"	"CC>AT"	"LINC01049"	"ncRNA_intronic"	"DBS2"	0.449415982473866	6
"chr13"	" 90523653"	"CC"	"AT"	"CC>AT"	"LINC01049"	"ncRNA_intronic"	"DBS6"	0.000669451849677159	6
"chr13"	" 90523653"	"CC"	"AT"	"CC>AT"	"LINC01049"	"ncRNA_intronic"	"DBS11"	0.0601963204125126	6
"chr13"	" 93335674"	"CC"	"TT"	"CC>TT"	"GPC6"	"intronic"	"DBS1"	0.946625717133323	6
"chr13"	" 93335674"	"CC"	"TT"	"CC>TT"	"GPC6"	"intronic"	"DBS4"	6.24159996209392e-18	6
"chr13"	" 93335674"	"CC"	"TT"	"CC>TT"	"GPC6"	"intronic"	"DBS9"	4.85299461244182e-18	6
"chr13"	" 93335674"	"CC"	"TT"	"CC>TT"	"GPC6"	"intronic"	"DBS2"	1.72674293255979e-18	6
"chr13"	" 93335674"	"CC"	"TT"	"CC>TT"	"GPC6"	"intronic"	"DBS6"	1.16887063130016e-18	6
"chr13"	" 93335674"	"CC"	"TT"	"CC>TT"	"GPC6"	"intronic"	"DBS11"	0.0533742828666768	6
"chr13"	" 94060718"	"TC"	"AA"	"TC>AA"	"GPC6"	"intronic"	"DBS1"	3.46547064997392e-05	6
"chr13"	" 94060718"	"TC"	"AA"	"TC>AA"	"GPC6"	"intronic"	"DBS4"	0.973827011012313	6
"chr13"	" 94060718"	"TC"	"AA"	"TC>AA"	"GPC6"	"intronic"	"DBS9"	0.00572103169640007	6
"chr13"	" 94060718"	"TC"	"AA"	"TC>AA"	"GPC6"	"intronic"	"DBS2"	0.00173023204239382	6
"chr13"	" 94060718"	"TC"	"AA"	"TC>AA"	"GPC6"	"intronic"	"DBS6"	0.0185865399089219	6
"chr13"	" 94060718"	"TC"	"AA"	"TC>AA"	"GPC6"	"intronic"	"DBS11"	0.000100530633470967	6
"chr13"	" 98344389"	"GA"	"TT"	"TC>AA"	"FARP1"	"intronic"	"DBS1"	3.46547064997392e-05	6
"chr13"	" 98344389"	"GA"	"TT"	"TC>AA"	"FARP1"	"intronic"	"DBS4"	0.973827011012313	6
"chr13"	" 98344389"	"GA"	"TT"	"TC>AA"	"FARP1"	"intronic"	"DBS9"	0.00572103169640007	6
"chr13"	" 98344389"	"GA"	"TT"	"TC>AA"	"FARP1"	"intronic"	"DBS2"	0.00173023204239382	6
"chr13"	" 98344389"	"GA"	"TT"	"TC>AA"	"FARP1"	"intronic"	"DBS6"	0.0185865399089219	6
"chr13"	" 98344389"	"GA"	"TT"	"TC>AA"	"FARP1"	"intronic"	"DBS11"	0.000100530633470967	6
"chr13"	"106767131"	"GG"	"TT"	"CC>AA"	"FAM155A"	"intergenic"	"DBS1"	3.90076454684419e-05	6
"chr13"	"106767131"	"GG"	"TT"	"CC>AA"	"FAM155A"	"intergenic"	"DBS4"	2.08184691293535e-17	6
"chr13"	"106767131"	"GG"	"TT"	"CC>AA"	"FAM155A"	"intergenic"	"DBS9"	1.61868622048224e-17	6
"chr13"	"106767131"	"GG"	"TT"	"CC>AA"	"FAM155A"	"intergenic"	"DBS2"	0.999960992354532	6
"chr13"	"106767131"	"GG"	"TT"	"CC>AA"	"FAM155A"	"intergenic"	"DBS6"	3.89869541491199e-18	6
"chr13"	"106767131"	"GG"	"TT"	"CC>AA"	"FAM155A"	"intergenic"	"DBS11"	3.94125167926196e-18	6
"chr14"	" 65678572"	"GG"	"TT"	"CC>AA"	"FUT8"	"intronic"	"DBS1"	3.90076454684419e-05	6
"chr14"	" 65678572"	"GG"	"TT"	"CC>AA"	"FUT8"	"intronic"	"DBS4"	2.08184691293535e-17	6
"chr14"	" 65678572"	"GG"	"TT"	"CC>AA"	"FUT8"	"intronic"	"DBS9"	1.61868622048224e-17	6
"chr14"	" 65678572"	"GG"	"TT"	"CC>AA"	"FUT8"	"intronic"	"DBS2"	0.999960992354532	6
"chr14"	" 65678572"	"GG"	"TT"	"CC>AA"	"FUT8"	"intronic"	"DBS6"	3.89869541491199e-18	6
"chr14"	" 65678572"	"GG"	"TT"	"CC>AA"	"FUT8"	"intronic"	"DBS11"	3.94125167926196e-18	6
"chr15"	" 38463318"	"CC"	"TT"	"CC>TT"	"FAM98B"	"intronic"	"DBS1"	0.946625717133323	6
"chr15"	" 38463318"	"CC"	"TT"	"CC>TT"	"FAM98B"	"intronic"	"DBS4"	6.24159996209392e-18	6
"chr15"	" 38463318"	"CC"	"TT"	"CC>TT"	"FAM98B"	"intronic"	"DBS9"	4.85299461244182e-18	6
"chr15"	" 38463318"	"CC"	"TT"	"CC>TT"	"FAM98B"	"intronic"	"DBS2"	1.72674293255979e-18	6
"chr15"	" 38463318"	"CC"	"TT"	"CC>TT"	"FAM98B"	"intronic"	"DBS6"	1.16887063130016e-18	6
"chr15"	" 38463318"	"CC"	"TT"	"CC>TT"	"FAM98B"	"intronic"	"DBS11"	0.0533742828666768	6
"chr15"	" 90653144"	"GC"	"AA"	"GC>AA"	"CRTC3-AS1"	"ncRNA_intronic"	"DBS1"	0.00587984358607265	6
"chr15"	" 90653144"	"GC"	"AA"	"GC>AA"	"CRTC3-AS1"	"ncRNA_intronic"	"DBS4"	0.986482554453007	6
"chr15"	" 90653144"	"GC"	"AA"	"GC>AA"	"CRTC3-AS1"	"ncRNA_intronic"	"DBS9"	1.63692011124998e-17	6
"chr15"	" 90653144"	"GC"	"AA"	"GC>AA"	"CRTC3-AS1"	"ncRNA_intronic"	"DBS2"	0.00709533687311416	6
"chr15"	" 90653144"	"GC"	"AA"	"GC>AA"	"CRTC3-AS1"	"ncRNA_intronic"	"DBS6"	3.94261275073203e-18	6
"chr15"	" 90653144"	"GC"	"AA"	"GC>AA"	"CRTC3-AS1"	"ncRNA_intronic"	"DBS11"	0.000542265087806207	6
"chr16"	" 10460302"	"CA"	"AC"	"TG>GT"	"ATF7IP2"	"intronic"	"DBS1"	0.185948598314347	6
"chr16"	" 10460302"	"CA"	"AC"	"TG>GT"	"ATF7IP2"	"intronic"	"DBS4"	0.0025547517757138	6
"chr16"	" 10460302"	"CA"	"AC"	"TG>GT"	"ATF7IP2"	"intronic"	"DBS9"	0.159403567015907	6
"chr16"	" 10460302"	"CA"	"AC"	"TG>GT"	"ATF7IP2"	"intronic"	"DBS2"	0.235082284885214	6
"chr16"	" 10460302"	"CA"	"AC"	"TG>GT"	"ATF7IP2"	"intronic"	"DBS6"	0.342284485255601	6
"chr16"	" 10460302"	"CA"	"AC"	"TG>GT"	"ATF7IP2"	"intronic"	"DBS11"	0.0747263127532168	6
"chr16"	" 17253392"	"GG"	"AA"	"CC>TT"	"XYLT1"	"intronic"	"DBS1"	0.946625717133323	6
"chr16"	" 17253392"	"GG"	"AA"	"CC>TT"	"XYLT1"	"intronic"	"DBS4"	6.24159996209392e-18	6
"chr16"	" 17253392"	"GG"	"AA"	"CC>TT"	"XYLT1"	"intronic"	"DBS9"	4.85299461244182e-18	6
"chr16"	" 17253392"	"GG"	"AA"	"CC>TT"	"XYLT1"	"intronic"	"DBS2"	1.72674293255979e-18	6
"chr16"	" 17253392"	"GG"	"AA"	"CC>TT"	"XYLT1"	"intronic"	"DBS6"	1.16887063130016e-18	6
"chr16"	" 17253392"	"GG"	"AA"	"CC>TT"	"XYLT1"	"intronic"	"DBS11"	0.0533742828666768	6
"chr16"	" 20071613"	"GC"	"TT"	"GC>AA"	"GPR139"	"intronic"	"DBS1"	0.00587984358607265	6
"chr16"	" 20071613"	"GC"	"TT"	"GC>AA"	"GPR139"	"intronic"	"DBS4"	0.986482554453007	6
"chr16"	" 20071613"	"GC"	"TT"	"GC>AA"	"GPR139"	"intronic"	"DBS9"	1.63692011124998e-17	6
"chr16"	" 20071613"	"GC"	"TT"	"GC>AA"	"GPR139"	"intronic"	"DBS2"	0.00709533687311416	6
"chr16"	" 20071613"	"GC"	"TT"	"GC>AA"	"GPR139"	"intronic"	"DBS6"	3.94261275073203e-18	6
"chr16"	" 20071613"	"GC"	"TT"	"GC>AA"	"GPR139"	"intronic"	"DBS11"	0.000542265087806207	6
"chr16"	" 34163568"	"GA"	"TG"	"TC>CA"	"MIR9901"	"upstream"	"DBS1"	4.70327622721462e-05	6
"chr16"	" 34163568"	"GA"	"TG"	"TC>CA"	"MIR9901"	"upstream"	"DBS4"	0.727537626614215	6
"chr16"	" 34163568"	"GA"	"TG"	"TC>CA"	"MIR9901"	"upstream"	"DBS9"	0.253227168721942	6
"chr16"	" 34163568"	"GA"	"TG"	"TC>CA"	"MIR9901"	"upstream"	"DBS2"	0.00272372472024196	6
"chr16"	" 34163568"	"GA"	"TG"	"TC>CA"	"MIR9901"	"upstream"	"DBS6"	0.016027196713159	6
"chr16"	" 34163568"	"GA"	"TG"	"TC>CA"	"MIR9901"	"upstream"	"DBS11"	0.000437250468170136	6
"chr17"	" 21920485"	"CT"	"TG"	"CT>TG"	"UBBP4"	"intergenic"	"DBS1"	0.552196554020394	6
"chr17"	" 21920485"	"CT"	"TG"	"CT>TG"	"UBBP4"	"intergenic"	"DBS4"	0.00613625317175961	6
"chr17"	" 21920485"	"CT"	"TG"	"CT>TG"	"UBBP4"	"intergenic"	"DBS9"	1.13723199798818e-15	6
"chr17"	" 21920485"	"CT"	"TG"	"CT>TG"	"UBBP4"	"intergenic"	"DBS2"	0.0360836865844036	6
"chr17"	" 21920485"	"CT"	"TG"	"CT>TG"	"UBBP4"	"intergenic"	"DBS6"	0.352420400081103	6
"chr17"	" 21920485"	"CT"	"TG"	"CT>TG"	"UBBP4"	"intergenic"	"DBS11"	0.0531631061423388	6
"chr17"	" 38551564"	"GG"	"TT"	"CC>AA"	"SRCIN1"	"intronic"	"DBS1"	3.90076454684419e-05	6
"chr17"	" 38551564"	"GG"	"TT"	"CC>AA"	"SRCIN1"	"intronic"	"DBS4"	2.08184691293535e-17	6
"chr17"	" 38551564"	"GG"	"TT"	"CC>AA"	"SRCIN1"	"intronic"	"DBS9"	1.61868622048224e-17	6
"chr17"	" 38551564"	"GG"	"TT"	"CC>AA"	"SRCIN1"	"intronic"	"DBS2"	0.999960992354532	6
"chr17"	" 38551564"	"GG"	"TT"	"CC>AA"	"SRCIN1"	"intronic"	"DBS6"	3.89869541491199e-18	6
"chr17"	" 38551564"	"GG"	"TT"	"CC>AA"	"SRCIN1"	"intronic"	"DBS11"	3.94125167926196e-18	6
"chr18"	"  4373027"	"GG"	"AA"	"CC>TT"	"DLGAP1"	"intronic"	"DBS1"	0.946625717133323	6
"chr18"	"  4373027"	"GG"	"AA"	"CC>TT"	"DLGAP1"	"intronic"	"DBS4"	6.24159996209392e-18	6
"chr18"	"  4373027"	"GG"	"AA"	"CC>TT"	"DLGAP1"	"intronic"	"DBS9"	4.85299461244182e-18	6
"chr18"	"  4373027"	"GG"	"AA"	"CC>TT"	"DLGAP1"	"intronic"	"DBS2"	1.72674293255979e-18	6
"chr18"	"  4373027"	"GG"	"AA"	"CC>TT"	"DLGAP1"	"intronic"	"DBS6"	1.16887063130016e-18	6
"chr18"	"  4373027"	"GG"	"AA"	"CC>TT"	"DLGAP1"	"intronic"	"DBS11"	0.0533742828666768	6
"chr18"	" 11154894"	"GA"	"CG"	"TC>CG"	"LINC01928"	"intergenic"	"DBS1"	0.00696393027609164	6
"chr18"	" 11154894"	"GA"	"CG"	"TC>CG"	"LINC01928"	"intergenic"	"DBS4"	0.0682193135455348	6
"chr18"	" 11154894"	"GA"	"CG"	"TC>CG"	"LINC01928"	"intergenic"	"DBS9"	0.801659959965105	6
"chr18"	" 11154894"	"GA"	"CG"	"TC>CG"	"LINC01928"	"intergenic"	"DBS2"	0.000308099289549751	6
"chr18"	" 11154894"	"GA"	"CG"	"TC>CG"	"LINC01928"	"intergenic"	"DBS6"	0.0232190840508036	6
"chr18"	" 11154894"	"GA"	"CG"	"TC>CG"	"LINC01928"	"intergenic"	"DBS11"	0.0996296128729153	6
"chr18"	" 16850771"	"GT"	"AC"	"AC>GT"	"LOC644669"	"intergenic"	"DBS1"	0.301591592102683	6
"chr18"	" 16850771"	"GT"	"AC"	"AC>GT"	"LOC644669"	"intergenic"	"DBS4"	9.22257978158639e-07	6
"chr18"	" 16850771"	"GT"	"AC"	"AC>GT"	"LOC644669"	"intergenic"	"DBS9"	0.601208552234895	6
"chr18"	" 16850771"	"GT"	"AC"	"AC>GT"	"LOC644669"	"intergenic"	"DBS2"	0.0107074528676628	6
"chr18"	" 16850771"	"GT"	"AC"	"AC>GT"	"LOC644669"	"intergenic"	"DBS6"	0.00171671733875671	6
"chr18"	" 16850771"	"GT"	"AC"	"AC>GT"	"LOC644669"	"intergenic"	"DBS11"	0.0847747631980237	6
"chr18"	" 22588708"	"GA"	"TT"	"TC>AA"	"CTAGE1"	"intergenic"	"DBS1"	3.46547064997392e-05	6
"chr18"	" 22588708"	"GA"	"TT"	"TC>AA"	"CTAGE1"	"intergenic"	"DBS4"	0.973827011012313	6
"chr18"	" 22588708"	"GA"	"TT"	"TC>AA"	"CTAGE1"	"intergenic"	"DBS9"	0.00572103169640007	6
"chr18"	" 22588708"	"GA"	"TT"	"TC>AA"	"CTAGE1"	"intergenic"	"DBS2"	0.00173023204239382	6
"chr18"	" 22588708"	"GA"	"TT"	"TC>AA"	"CTAGE1"	"intergenic"	"DBS6"	0.0185865399089219	6
"chr18"	" 22588708"	"GA"	"TT"	"TC>AA"	"CTAGE1"	"intergenic"	"DBS11"	0.000100530633470967	6
"chr18"	" 32879204"	"GA"	"TT"	"TC>AA"	"KLHL14"	"intergenic"	"DBS1"	3.46547064997392e-05	6
"chr18"	" 32879204"	"GA"	"TT"	"TC>AA"	"KLHL14"	"intergenic"	"DBS4"	0.973827011012313	6
"chr18"	" 32879204"	"GA"	"TT"	"TC>AA"	"KLHL14"	"intergenic"	"DBS9"	0.00572103169640007	6
"chr18"	" 32879204"	"GA"	"TT"	"TC>AA"	"KLHL14"	"intergenic"	"DBS2"	0.00173023204239382	6
"chr18"	" 32879204"	"GA"	"TT"	"TC>AA"	"KLHL14"	"intergenic"	"DBS6"	0.0185865399089219	6
"chr18"	" 32879204"	"GA"	"TT"	"TC>AA"	"KLHL14"	"intergenic"	"DBS11"	0.000100530633470967	6
"chr18"	" 52611499"	"GC"	"AA"	"GC>AA"	"DCC"	"intronic"	"DBS1"	0.00587984358607265	6
"chr18"	" 52611499"	"GC"	"AA"	"GC>AA"	"DCC"	"intronic"	"DBS4"	0.986482554453007	6
"chr18"	" 52611499"	"GC"	"AA"	"GC>AA"	"DCC"	"intronic"	"DBS9"	1.63692011124998e-17	6
"chr18"	" 52611499"	"GC"	"AA"	"GC>AA"	"DCC"	"intronic"	"DBS2"	0.00709533687311416	6
"chr18"	" 52611499"	"GC"	"AA"	"GC>AA"	"DCC"	"intronic"	"DBS6"	3.94261275073203e-18	6
"chr18"	" 52611499"	"GC"	"AA"	"GC>AA"	"DCC"	"intronic"	"DBS11"	0.000542265087806207	6
"chr18"	" 58035156"	"CA"	"AT"	"TG>AT"	"ATP8B1"	"intergenic"	"DBS1"	0.0706267731744298	6
"chr18"	" 58035156"	"CA"	"AT"	"TG>AT"	"ATP8B1"	"intergenic"	"DBS4"	1.65789583780569e-16	6
"chr18"	" 58035156"	"CA"	"AT"	"TG>AT"	"ATP8B1"	"intergenic"	"DBS9"	0.0106611341959725	6
"chr18"	" 58035156"	"CA"	"AT"	"TG>AT"	"ATP8B1"	"intergenic"	"DBS2"	0.047185681863523	6
"chr18"	" 58035156"	"CA"	"AT"	"TG>AT"	"ATP8B1"	"intergenic"	"DBS6"	0.826688581472743	6
"chr18"	" 58035156"	"CA"	"AT"	"TG>AT"	"ATP8B1"	"intergenic"	"DBS11"	0.0448378292933312	6
"chr19"	"  9622564"	"CC"	"AA"	"CC>AA"	"ZNF561-AS1"	"ncRNA_intronic"	"DBS1"	3.90076454684419e-05	6
"chr19"	"  9622564"	"CC"	"AA"	"CC>AA"	"ZNF561-AS1"	"ncRNA_intronic"	"DBS4"	2.08184691293535e-17	6
"chr19"	"  9622564"	"CC"	"AA"	"CC>AA"	"ZNF561-AS1"	"ncRNA_intronic"	"DBS9"	1.61868622048224e-17	6
"chr19"	"  9622564"	"CC"	"AA"	"CC>AA"	"ZNF561-AS1"	"ncRNA_intronic"	"DBS2"	0.999960992354532	6
"chr19"	"  9622564"	"CC"	"AA"	"CC>AA"	"ZNF561-AS1"	"ncRNA_intronic"	"DBS6"	3.89869541491199e-18	6
"chr19"	"  9622564"	"CC"	"AA"	"CC>AA"	"ZNF561-AS1"	"ncRNA_intronic"	"DBS11"	3.94125167926196e-18	6
"chr19"	" 15057785"	"GG"	"AA"	"CC>TT"	"CASP14"	"UTR3"	"DBS1"	0.946625717133323	6
"chr19"	" 15057785"	"GG"	"AA"	"CC>TT"	"CASP14"	"UTR3"	"DBS4"	6.24159996209392e-18	6
"chr19"	" 15057785"	"GG"	"AA"	"CC>TT"	"CASP14"	"UTR3"	"DBS9"	4.85299461244182e-18	6
"chr19"	" 15057785"	"GG"	"AA"	"CC>TT"	"CASP14"	"UTR3"	"DBS2"	1.72674293255979e-18	6
"chr19"	" 15057785"	"GG"	"AA"	"CC>TT"	"CASP14"	"UTR3"	"DBS6"	1.16887063130016e-18	6
"chr19"	" 15057785"	"GG"	"AA"	"CC>TT"	"CASP14"	"UTR3"	"DBS11"	0.0533742828666768	6
"chr19"	" 19132689"	"TC"	"AA"	"TC>AA"	"TMEM161A"	"exonic"	"DBS1"	3.46547064997392e-05	6
"chr19"	" 19132689"	"TC"	"AA"	"TC>AA"	"TMEM161A"	"exonic"	"DBS4"	0.973827011012313	6
"chr19"	" 19132689"	"TC"	"AA"	"TC>AA"	"TMEM161A"	"exonic"	"DBS9"	0.00572103169640007	6
"chr19"	" 19132689"	"TC"	"AA"	"TC>AA"	"TMEM161A"	"exonic"	"DBS2"	0.00173023204239382	6
"chr19"	" 19132689"	"TC"	"AA"	"TC>AA"	"TMEM161A"	"exonic"	"DBS6"	0.0185865399089219	6
"chr19"	" 19132689"	"TC"	"AA"	"TC>AA"	"TMEM161A"	"exonic"	"DBS11"	0.000100530633470967	6
"chr19"	" 21065693"	"GA"	"TT"	"TC>AA"	"ZNF714"	"intergenic"	"DBS1"	3.46547064997392e-05	6
"chr19"	" 21065693"	"GA"	"TT"	"TC>AA"	"ZNF714"	"intergenic"	"DBS4"	0.973827011012313	6
"chr19"	" 21065693"	"GA"	"TT"	"TC>AA"	"ZNF714"	"intergenic"	"DBS9"	0.00572103169640007	6
"chr19"	" 21065693"	"GA"	"TT"	"TC>AA"	"ZNF714"	"intergenic"	"DBS2"	0.00173023204239382	6
"chr19"	" 21065693"	"GA"	"TT"	"TC>AA"	"ZNF714"	"intergenic"	"DBS6"	0.0185865399089219	6
"chr19"	" 21065693"	"GA"	"TT"	"TC>AA"	"ZNF714"	"intergenic"	"DBS11"	0.000100530633470967	6
"chr19"	" 22288408"	"TC"	"CA"	"TC>CA"	"ZNF729"	"intronic"	"DBS1"	4.70327622721462e-05	6
"chr19"	" 22288408"	"TC"	"CA"	"TC>CA"	"ZNF729"	"intronic"	"DBS4"	0.727537626614215	6
"chr19"	" 22288408"	"TC"	"CA"	"TC>CA"	"ZNF729"	"intronic"	"DBS9"	0.253227168721942	6
"chr19"	" 22288408"	"TC"	"CA"	"TC>CA"	"ZNF729"	"intronic"	"DBS2"	0.00272372472024196	6
"chr19"	" 22288408"	"TC"	"CA"	"TC>CA"	"ZNF729"	"intronic"	"DBS6"	0.016027196713159	6
"chr19"	" 22288408"	"TC"	"CA"	"TC>CA"	"ZNF729"	"intronic"	"DBS11"	0.000437250468170136	6
"chr19"	" 30458998"	"GG"	"AA"	"CC>TT"	"ZNF536"	"intronic"	"DBS1"	0.946625717133323	6
"chr19"	" 30458998"	"GG"	"AA"	"CC>TT"	"ZNF536"	"intronic"	"DBS4"	6.24159996209392e-18	6
"chr19"	" 30458998"	"GG"	"AA"	"CC>TT"	"ZNF536"	"intronic"	"DBS9"	4.85299461244182e-18	6
"chr19"	" 30458998"	"GG"	"AA"	"CC>TT"	"ZNF536"	"intronic"	"DBS2"	1.72674293255979e-18	6
"chr19"	" 30458998"	"GG"	"AA"	"CC>TT"	"ZNF536"	"intronic"	"DBS6"	1.16887063130016e-18	6
"chr19"	" 30458998"	"GG"	"AA"	"CC>TT"	"ZNF536"	"intronic"	"DBS11"	0.0533742828666768	6
"chr19"	" 34964631"	"GC"	"CG"	"GC>CG"	"ZNF792"	"upstream"	"DBS1"	0.00280062319352729	6
"chr19"	" 34964631"	"GC"	"CG"	"GC>CG"	"ZNF792"	"upstream"	"DBS4"	0.000432023975752977	6
"chr19"	" 34964631"	"GC"	"CG"	"GC>CG"	"ZNF792"	"upstream"	"DBS9"	0.662978922379341	6
"chr19"	" 34964631"	"GC"	"CG"	"GC>CG"	"ZNF792"	"upstream"	"DBS2"	0.0136544493569115	6
"chr19"	" 34964631"	"GC"	"CG"	"GC>CG"	"ZNF792"	"upstream"	"DBS6"	6.27499271574734e-16	6
"chr19"	" 34964631"	"GC"	"CG"	"GC>CG"	"ZNF792"	"upstream"	"DBS11"	0.320133981094467	6
"chr19"	" 53608975"	"GG"	"AA"	"CC>TT"	"DPRX"	"intergenic"	"DBS1"	0.946625717133323	6
"chr19"	" 53608975"	"GG"	"AA"	"CC>TT"	"DPRX"	"intergenic"	"DBS4"	6.24159996209392e-18	6
"chr19"	" 53608975"	"GG"	"AA"	"CC>TT"	"DPRX"	"intergenic"	"DBS9"	4.85299461244182e-18	6
"chr19"	" 53608975"	"GG"	"AA"	"CC>TT"	"DPRX"	"intergenic"	"DBS2"	1.72674293255979e-18	6
"chr19"	" 53608975"	"GG"	"AA"	"CC>TT"	"DPRX"	"intergenic"	"DBS6"	1.16887063130016e-18	6
"chr19"	" 53608975"	"GG"	"AA"	"CC>TT"	"DPRX"	"intergenic"	"DBS11"	0.0533742828666768	6
"chr19"	" 53998950"	"CC"	"TT"	"CC>TT"	"CACNG6"	"intronic"	"DBS1"	0.946625717133323	6
"chr19"	" 53998950"	"CC"	"TT"	"CC>TT"	"CACNG6"	"intronic"	"DBS4"	6.24159996209392e-18	6
"chr19"	" 53998950"	"CC"	"TT"	"CC>TT"	"CACNG6"	"intronic"	"DBS9"	4.85299461244182e-18	6
"chr19"	" 53998950"	"CC"	"TT"	"CC>TT"	"CACNG6"	"intronic"	"DBS2"	1.72674293255979e-18	6
"chr19"	" 53998950"	"CC"	"TT"	"CC>TT"	"CACNG6"	"intronic"	"DBS6"	1.16887063130016e-18	6
"chr19"	" 53998950"	"CC"	"TT"	"CC>TT"	"CACNG6"	"intronic"	"DBS11"	0.0533742828666768	6
"chr19"	" 54758524"	"CA"	"GG"	"TG>CC"	"KIR2DL1;KIR2DL2;KIR2DS1;KIR2DS2;KIR2DS3;KIR2DS5;LOC102725023;LOC112267881"	"intronic"	"DBS1"	0.0138444780096579	6
"chr19"	" 54758524"	"CA"	"GG"	"TG>CC"	"KIR2DL1;KIR2DL2;KIR2DS1;KIR2DS2;KIR2DS3;KIR2DS5;LOC102725023;LOC112267881"	"intronic"	"DBS4"	0.0130354937720533	6
"chr19"	" 54758524"	"CA"	"GG"	"TG>CC"	"KIR2DL1;KIR2DL2;KIR2DS1;KIR2DS2;KIR2DS3;KIR2DS5;LOC102725023;LOC112267881"	"intronic"	"DBS9"	0.77345246707188	6
"chr19"	" 54758524"	"CA"	"GG"	"TG>CC"	"KIR2DL1;KIR2DL2;KIR2DS1;KIR2DS2;KIR2DS3;KIR2DS5;LOC102725023;LOC112267881"	"intronic"	"DBS2"	0.00299658379958183	6
"chr19"	" 54758524"	"CA"	"GG"	"TG>CC"	"KIR2DL1;KIR2DL2;KIR2DS1;KIR2DS2;KIR2DS3;KIR2DS5;LOC102725023;LOC112267881"	"intronic"	"DBS6"	0.1353672816359	6
"chr19"	" 54758524"	"CA"	"GG"	"TG>CC"	"KIR2DL1;KIR2DL2;KIR2DS1;KIR2DS2;KIR2DS3;KIR2DS5;LOC102725023;LOC112267881"	"intronic"	"DBS11"	0.0613036957109276	6
"chr20"	"  6438513"	"GG"	"AA"	"CC>TT"	"CASC20"	"ncRNA_intronic"	"DBS1"	0.946625717133323	6
"chr20"	"  6438513"	"GG"	"AA"	"CC>TT"	"CASC20"	"ncRNA_intronic"	"DBS4"	6.24159996209392e-18	6
"chr20"	"  6438513"	"GG"	"AA"	"CC>TT"	"CASC20"	"ncRNA_intronic"	"DBS9"	4.85299461244182e-18	6
"chr20"	"  6438513"	"GG"	"AA"	"CC>TT"	"CASC20"	"ncRNA_intronic"	"DBS2"	1.72674293255979e-18	6
"chr20"	"  6438513"	"GG"	"AA"	"CC>TT"	"CASC20"	"ncRNA_intronic"	"DBS6"	1.16887063130016e-18	6
"chr20"	"  6438513"	"GG"	"AA"	"CC>TT"	"CASC20"	"ncRNA_intronic"	"DBS11"	0.0533742828666768	6
"chr20"	" 20972795"	"CC"	"TT"	"CC>TT"	"RALGAPA2"	"intergenic"	"DBS1"	0.946625717133323	6
"chr20"	" 20972795"	"CC"	"TT"	"CC>TT"	"RALGAPA2"	"intergenic"	"DBS4"	6.24159996209392e-18	6
"chr20"	" 20972795"	"CC"	"TT"	"CC>TT"	"RALGAPA2"	"intergenic"	"DBS9"	4.85299461244182e-18	6
"chr20"	" 20972795"	"CC"	"TT"	"CC>TT"	"RALGAPA2"	"intergenic"	"DBS2"	1.72674293255979e-18	6
"chr20"	" 20972795"	"CC"	"TT"	"CC>TT"	"RALGAPA2"	"intergenic"	"DBS6"	1.16887063130016e-18	6
"chr20"	" 20972795"	"CC"	"TT"	"CC>TT"	"RALGAPA2"	"intergenic"	"DBS11"	0.0533742828666768	6
"chr20"	" 42352344"	"GG"	"AA"	"CC>TT"	"PTPRT"	"intronic"	"DBS1"	0.946625717133323	6
"chr20"	" 42352344"	"GG"	"AA"	"CC>TT"	"PTPRT"	"intronic"	"DBS4"	6.24159996209392e-18	6
"chr20"	" 42352344"	"GG"	"AA"	"CC>TT"	"PTPRT"	"intronic"	"DBS9"	4.85299461244182e-18	6
"chr20"	" 42352344"	"GG"	"AA"	"CC>TT"	"PTPRT"	"intronic"	"DBS2"	1.72674293255979e-18	6
"chr20"	" 42352344"	"GG"	"AA"	"CC>TT"	"PTPRT"	"intronic"	"DBS6"	1.16887063130016e-18	6
"chr20"	" 42352344"	"GG"	"AA"	"CC>TT"	"PTPRT"	"intronic"	"DBS11"	0.0533742828666768	6
"chr20"	" 46603825"	"GC"	"TT"	"GC>AA"	"SLC13A3"	"intronic"	"DBS1"	0.00587984358607265	6
"chr20"	" 46603825"	"GC"	"TT"	"GC>AA"	"SLC13A3"	"intronic"	"DBS4"	0.986482554453007	6
"chr20"	" 46603825"	"GC"	"TT"	"GC>AA"	"SLC13A3"	"intronic"	"DBS9"	1.63692011124998e-17	6
"chr20"	" 46603825"	"GC"	"TT"	"GC>AA"	"SLC13A3"	"intronic"	"DBS2"	0.00709533687311416	6
"chr20"	" 46603825"	"GC"	"TT"	"GC>AA"	"SLC13A3"	"intronic"	"DBS6"	3.94261275073203e-18	6
"chr20"	" 46603825"	"GC"	"TT"	"GC>AA"	"SLC13A3"	"intronic"	"DBS11"	0.000542265087806207	6
"chr20"	" 61774321"	"GC"	"AA"	"GC>AA"	"CDH4"	"intronic"	"DBS1"	0.00587984358607265	6
"chr20"	" 61774321"	"GC"	"AA"	"GC>AA"	"CDH4"	"intronic"	"DBS4"	0.986482554453007	6
"chr20"	" 61774321"	"GC"	"AA"	"GC>AA"	"CDH4"	"intronic"	"DBS9"	1.63692011124998e-17	6
"chr20"	" 61774321"	"GC"	"AA"	"GC>AA"	"CDH4"	"intronic"	"DBS2"	0.00709533687311416	6
"chr20"	" 61774321"	"GC"	"AA"	"GC>AA"	"CDH4"	"intronic"	"DBS6"	3.94261275073203e-18	6
"chr20"	" 61774321"	"GC"	"AA"	"GC>AA"	"CDH4"	"intronic"	"DBS11"	0.000542265087806207	6
"chr22"	" 26486641"	"GC"	"AG"	"GC>AG"	"SRRD"	"intronic"	"DBS1"	0.00151178792362523	6
"chr22"	" 26486641"	"GC"	"AG"	"GC>AG"	"SRRD"	"intronic"	"DBS4"	0.129030510917148	6
"chr22"	" 26486641"	"GC"	"AG"	"GC>AG"	"SRRD"	"intronic"	"DBS9"	0.854360261387488	6
"chr22"	" 26486641"	"GC"	"AG"	"GC>AG"	"SRRD"	"intronic"	"DBS2"	0.00172341979258778	6
"chr22"	" 26486641"	"GC"	"AG"	"GC>AG"	"SRRD"	"intronic"	"DBS6"	0.00660063203697204	6
"chr22"	" 26486641"	"GC"	"AG"	"GC>AG"	"SRRD"	"intronic"	"DBS11"	0.00677338794217868	6
"chr22"	" 46004665"	"GT"	"TG"	"AC>CA"	"WNT7B"	"intergenic"	"DBS1"	0.00309245261527231	6
"chr22"	" 46004665"	"GT"	"TG"	"AC>CA"	"WNT7B"	"intergenic"	"DBS4"	0.208187133505175	6
"chr22"	" 46004665"	"GT"	"TG"	"AC>CA"	"WNT7B"	"intergenic"	"DBS9"	0.746438502297116	6
"chr22"	" 46004665"	"GT"	"TG"	"AC>CA"	"WNT7B"	"intergenic"	"DBS2"	0.00873411464924726	6
"chr22"	" 46004665"	"GT"	"TG"	"AC>CA"	"WNT7B"	"intergenic"	"DBS6"	0.0211264071420232	6
"chr22"	" 46004665"	"GT"	"TG"	"AC>CA"	"WNT7B"	"intergenic"	"DBS11"	0.0124213897911661	6
"chrX"	" 29773412"	"GG"	"TT"	"CC>AA"	"IL1RAPL1"	"intronic"	"DBS1"	3.90076454684419e-05	6
"chrX"	" 29773412"	"GG"	"TT"	"CC>AA"	"IL1RAPL1"	"intronic"	"DBS4"	2.08184691293535e-17	6
"chrX"	" 29773412"	"GG"	"TT"	"CC>AA"	"IL1RAPL1"	"intronic"	"DBS9"	1.61868622048224e-17	6
"chrX"	" 29773412"	"GG"	"TT"	"CC>AA"	"IL1RAPL1"	"intronic"	"DBS2"	0.999960992354532	6
"chrX"	" 29773412"	"GG"	"TT"	"CC>AA"	"IL1RAPL1"	"intronic"	"DBS6"	3.89869541491199e-18	6
"chrX"	" 29773412"	"GG"	"TT"	"CC>AA"	"IL1RAPL1"	"intronic"	"DBS11"	3.94125167926196e-18	6
"chrX"	" 33648425"	"TA"	"AT"	"TA>AT"	"FAM47A"	"intergenic"	"DBS1"	0.0143943456017122	6
"chrX"	" 33648425"	"TA"	"AT"	"TA>AT"	"FAM47A"	"intergenic"	"DBS4"	0.700294975719528	6
"chrX"	" 33648425"	"TA"	"AT"	"TA>AT"	"FAM47A"	"intergenic"	"DBS9"	0.215449011770654	6
"chrX"	" 33648425"	"TA"	"AT"	"TA>AT"	"FAM47A"	"intergenic"	"DBS2"	0.0294194034823467	6
"chrX"	" 33648425"	"TA"	"AT"	"TA>AT"	"FAM47A"	"intergenic"	"DBS6"	0.031180186816519	6
"chrX"	" 33648425"	"TA"	"AT"	"TA>AT"	"FAM47A"	"intergenic"	"DBS11"	0.00926207660923981	6
"chrX"	" 43591074"	"CC"	"GA"	"CC>GA"	"PINCR"	"intergenic"	"DBS1"	0.00680874444600076	6
"chrX"	" 43591074"	"CC"	"GA"	"CC>GA"	"PINCR"	"intergenic"	"DBS4"	0.145779839597255	6
"chrX"	" 43591074"	"CC"	"GA"	"CC>GA"	"PINCR"	"intergenic"	"DBS9"	0.272563176204052	6
"chrX"	" 43591074"	"CC"	"GA"	"CC>GA"	"PINCR"	"intergenic"	"DBS2"	0.337548453978163	6
"chrX"	" 43591074"	"CC"	"GA"	"CC>GA"	"PINCR"	"intergenic"	"DBS6"	0.230243793534192	6
"chrX"	" 43591074"	"CC"	"GA"	"CC>GA"	"PINCR"	"intergenic"	"DBS11"	0.00705599224033679	6
"chrX"	" 44059515"	"GG"	"AA"	"CC>TT"	"EFHC2"	"intergenic"	"DBS1"	0.946625717133323	6
"chrX"	" 44059515"	"GG"	"AA"	"CC>TT"	"EFHC2"	"intergenic"	"DBS4"	6.24159996209392e-18	6
"chrX"	" 44059515"	"GG"	"AA"	"CC>TT"	"EFHC2"	"intergenic"	"DBS9"	4.85299461244182e-18	6
"chrX"	" 44059515"	"GG"	"AA"	"CC>TT"	"EFHC2"	"intergenic"	"DBS2"	1.72674293255979e-18	6
"chrX"	" 44059515"	"GG"	"AA"	"CC>TT"	"EFHC2"	"intergenic"	"DBS6"	1.16887063130016e-18	6
"chrX"	" 44059515"	"GG"	"AA"	"CC>TT"	"EFHC2"	"intergenic"	"DBS11"	0.0533742828666768	6
"chrX"	" 53136329"	"CC"	"TT"	"CC>TT"	"KANTR"	"ncRNA_intronic"	"DBS1"	0.946625717133323	6
"chrX"	" 53136329"	"CC"	"TT"	"CC>TT"	"KANTR"	"ncRNA_intronic"	"DBS4"	6.24159996209392e-18	6
"chrX"	" 53136329"	"CC"	"TT"	"CC>TT"	"KANTR"	"ncRNA_intronic"	"DBS9"	4.85299461244182e-18	6
"chrX"	" 53136329"	"CC"	"TT"	"CC>TT"	"KANTR"	"ncRNA_intronic"	"DBS2"	1.72674293255979e-18	6
"chrX"	" 53136329"	"CC"	"TT"	"CC>TT"	"KANTR"	"ncRNA_intronic"	"DBS6"	1.16887063130016e-18	6
"chrX"	" 53136329"	"CC"	"TT"	"CC>TT"	"KANTR"	"ncRNA_intronic"	"DBS11"	0.0533742828666768	6
"chrX"	" 65289655"	"AT"	"CA"	"AT>CA"	"ZC4H2"	"intergenic"	"DBS1"	0.054613753267004	6
"chrX"	" 65289655"	"AT"	"CA"	"AT>CA"	"ZC4H2"	"intergenic"	"DBS4"	0.0838797908107519	6
"chrX"	" 65289655"	"AT"	"CA"	"AT>CA"	"ZC4H2"	"intergenic"	"DBS9"	0.701731492434347	6
"chrX"	" 65289655"	"AT"	"CA"	"AT>CA"	"ZC4H2"	"intergenic"	"DBS2"	0.00160748676800334	6
"chrX"	" 65289655"	"AT"	"CA"	"AT>CA"	"ZC4H2"	"intergenic"	"DBS6"	0.00164875900481704	6
"chrX"	" 65289655"	"AT"	"CA"	"AT>CA"	"ZC4H2"	"intergenic"	"DBS11"	0.156518717715077	6
"chrX"	" 80432401"	"GG"	"AA"	"CC>TT"	"TENT5D"	"intronic"	"DBS1"	0.946625717133323	6
"chrX"	" 80432401"	"GG"	"AA"	"CC>TT"	"TENT5D"	"intronic"	"DBS4"	6.24159996209392e-18	6
"chrX"	" 80432401"	"GG"	"AA"	"CC>TT"	"TENT5D"	"intronic"	"DBS9"	4.85299461244182e-18	6
"chrX"	" 80432401"	"GG"	"AA"	"CC>TT"	"TENT5D"	"intronic"	"DBS2"	1.72674293255979e-18	6
"chrX"	" 80432401"	"GG"	"AA"	"CC>TT"	"TENT5D"	"intronic"	"DBS6"	1.16887063130016e-18	6
"chrX"	" 80432401"	"GG"	"AA"	"CC>TT"	"TENT5D"	"intronic"	"DBS11"	0.0533742828666768	6
"chrX"	" 80574496"	"CC"	"TT"	"CC>TT"	"TENT5D"	"intergenic"	"DBS1"	0.946625717133323	6
"chrX"	" 80574496"	"CC"	"TT"	"CC>TT"	"TENT5D"	"intergenic"	"DBS4"	6.24159996209392e-18	6
"chrX"	" 80574496"	"CC"	"TT"	"CC>TT"	"TENT5D"	"intergenic"	"DBS9"	4.85299461244182e-18	6
"chrX"	" 80574496"	"CC"	"TT"	"CC>TT"	"TENT5D"	"intergenic"	"DBS2"	1.72674293255979e-18	6
"chrX"	" 80574496"	"CC"	"TT"	"CC>TT"	"TENT5D"	"intergenic"	"DBS6"	1.16887063130016e-18	6
"chrX"	" 80574496"	"CC"	"TT"	"CC>TT"	"TENT5D"	"intergenic"	"DBS11"	0.0533742828666768	6
"chrX"	"109813276"	"CC"	"TT"	"CC>TT"	"LOC105373311"	"intergenic"	"DBS1"	0.946625717133323	6
"chrX"	"109813276"	"CC"	"TT"	"CC>TT"	"LOC105373311"	"intergenic"	"DBS4"	6.24159996209392e-18	6
"chrX"	"109813276"	"CC"	"TT"	"CC>TT"	"LOC105373311"	"intergenic"	"DBS9"	4.85299461244182e-18	6
"chrX"	"109813276"	"CC"	"TT"	"CC>TT"	"LOC105373311"	"intergenic"	"DBS2"	1.72674293255979e-18	6
"chrX"	"109813276"	"CC"	"TT"	"CC>TT"	"LOC105373311"	"intergenic"	"DBS6"	1.16887063130016e-18	6
"chrX"	"109813276"	"CC"	"TT"	"CC>TT"	"LOC105373311"	"intergenic"	"DBS11"	0.0533742828666768	6
