Mutation_Type,Potassium_bromate (875 uM),DBADE (0.109 uM),Formaldehyde (120 uM),Semustine (150 uM),Temozolomide (200 uM),DMH (11.6 mM) + S9,Benzidine (200 uM),DBP (0.0039 uM),MX (7 uM) + S9,Methyleugenol (1.25 mM),4-ABP (300 uM) + S9,DBPDE (0.000156 uM),DBP (0.0313 uM) + S9,DBADE (0.0313 uM),"1_8-DNP (0.125 uM)",BPDE (0.125 uM),MNU (350 uM),ENU (400 uM),Cyclophosphamide (18.75 uM) + S9,BaP (0.39 uM) + S9,6-Nitrochrysene (12.5 uM) + S9,AAI (1.25 uM),Potassium bromate (260 uM),6-Nitrochrysene (0.78 uM),Ellipticine (0.375 uM) + S9,DBA (75 uM) + S9,PhIP (3 uM) + S9,AFB1 (0.25 uM) + S9,3-NBA (0.025 uM),"1_6-DNP (0.09 uM)",5-Methylchrysene (1.6 uM) + S9,Furan (100 mM) + S9,SSR (1.25 J),AAII (37.5 uM),Propylene oxide (10 mM),N-Nitrosopyrrolidine (50 mM),Mechlorethamine (0.3 uM),DES (0.938 mM),DMS (0.078 mM),Cisplatin (3.125 uM),OTA (0.08 uM) + S9,Carboplatin (5 uM),DBAC (5 uM) + S9,Temozolomide (200 uM).1,Cisplatin (12.5 uM),AZD7762 (1.625 uM),3-NBA (0.1 uM),PhIP (4 uM) + S9,BaP (2 uM) + S9,6-Nitrochrysene (50 uM) + S9,6-Nitrochrysene (50 uM),"1_8-DNP (8 uM)",DBPDE (0.000625 uM)
A[C>A]A,0.109398510425891,0.024033058851126,0.018186558626824,0.000122421190464,0,0.006650257432148,0.056446223766751,0,0.049497758686033,0.111458492403729,0.004831654262214,0.000221801942457,0.008699256858735,0.026465296645029,0.019559954476765,0.023701733951975,0.002622567047805,0.013048090257439,0.005558988154799,0.040656817408677,0.010087186420878,0.004285209317406,0.114738757387778,0.005150145981576,0.048280105057162,0.032360674164165,0.02799711158714,0.037939650660818,0.000340069771278,0.00075184445678,0.028627835287207,0.050395318106066,2.22941465639634E-05,0.00016236580347,0.010414335877683,0.006856303238508,0.000133921576622,0.014166642071802,0.000461507809128,0.002794926893188,0.11584205195812,0.001941709228375,0.006737727037082,0.000256609057933,1.12145020078519E-05,0.000395123818577,0.025829892650702,0.032667880519281,0.028381553374829,0.008552314981086,0.005557698237384,0.018034925033474,0.018641933658961
A[C>A]C,0.00313065820393,0.01554441654865,8.74213955910533E-05,0.000127289401547,7.29548226647583E-06,0.003603191923202,0.028412222030074,0,0.041038000049779,0.000305531552738,0.032601907819306,0.002929252907965,0.000375460239819,0.017863626467103,0.019509777300457,0.04233932016197,0.000145090156835,0.004007278425624,0.012495511800547,0.032295473573495,0.008861704323994,0.002460413629299,0.012017106664436,0.003436006492077,0.03245630487895,0.016155340443889,0.08891453405408,0.055833736539479,0.015914998225317,0.017870953499383,0.023110015440876,0.02334877011193,3.87819836207363E-05,0.000688622025303,0.001419536737331,6.81263251724401E-05,0.001082707954613,0.001430753392122,0.003831857709488,0.083888469519254,0.01104611990354,0.057526034750762,0.020200783312028,0.002185776588753,0.097104802855709,0,0.010167205032302,0.073839619097447,0.03303042587359,0.004610313666472,0.002061318142076,0.01970879794531,0.006272042441003
A[C>A]G,0.002110408197828,0.015413140138033,0.00844018503226,0.019273820407398,0.00086932721461,0.001161395113077,0.006932636479971,5.39207415075161E-05,0.007887880763573,0.000901463571793,0.011047598849553,0.019966821168308,0.003253076548206,0.01377059807221,0.004503143871099,0.014325746155647,0.000480877272167,0.002212143250282,0.001332334538085,0.015158045889717,0.005542634141068,1.86920581930832E-06,0.008221966154388,0.002708332343917,0.002077020101672,0.019000212669113,0.008150470128118,0.040742957173192,0.01396022020497,0.002761133402855,0.016825884888125,0.003214873741249,5.14702735199155E-06,0.000684085333736,0.000119566100023,0.000208371727176,1.55403877308456E-05,0.001674342712813,0.000685323429462,0.004453203590442,0,0.000445546019106,0.023710632060149,0.000992025717899,0.000248737654534,0,0.006290316704717,0.008273682095332,0.014092346526714,0.004488341351665,0.002200097052727,0.003911154045063,0.004200652566343
A[C>A]T,0.030238329062412,0.020715973607923,0.001427312531147,0.000152919101071,0.00104573688034,0.006190939209373,0.037046658616834,0.007574154499758,0.040747066786527,0.004352747991523,0.037788239710768,0.002530449591804,0.009761163502025,0.01761852868113,0.025370764110278,0.025421332555973,0.002347976096124,0.004704145040595,0.004327262189221,0.030461359279075,0.000488765833226,4.70710006615229E-05,0.038488668967863,0.001737700354894,0.028339552674909,0.019977805269687,0.075257348722909,0.004433392220184,0.001195140491992,0.011611018704579,0.029308316198994,0.037556627424892,6.16139656270988E-05,0.001109937407983,0.002265379041765,0,0.003369064646002,0.005732784740981,0.000183797387418,0.046755079711328,5.51309858983182E-05,0.034462492650072,0.02902439238386,0.01247009354576,0.021594794593013,0.008858983901185,0.014166585709428,0.065812611946343,0.019890382662119,0.000456498519105,0.002345325264245,0.01626294160761,0.005995940210701
C[C>A]A,0.245576470991239,0.089905076609157,0.006465419534593,0.013530190425804,0.006199382035868,0.011496664790393,0.105869558283824,0.000609041351028,0.104675603785996,0.003039951655015,0.074473109171656,0.041929224002795,0.020555590665,0.099011952493039,0.0702379049895,0.072979006500236,0.002482509122944,0.008825385775839,0.006577832213334,0.083492791971906,0.035380530587617,0.005967549531425,0.206799035375876,0.013039236528148,0.075795058124586,0.089454884824146,0.079739916125915,0.042684776535768,0.092065210782277,0.069730275084112,0.066087277692927,0.075766876496226,0.00110207108689,0.007481362554721,0.004905295677709,0.000156465955616,4.77181317382436E-05,0.021497625605084,0.015125952016527,0.005913440116611,0.019116884044766,0.000668108202467,0.11998145034923,0.00012526118704,0.024821296536688,0.001608661387782,0.074496041191043,0.054305230859102,0.079442599459724,0.017232461059516,0.011698146314324,0.060561116860473,0.038916753164319
C[C>A]C,0.017859607658102,0.09494631004942,0.070584992842908,0.019424162220248,2.29593118386151E-05,0.004635410583063,0.081878383474993,0.000325891701111,0.081790747197133,0.013646261271496,0.060343085934819,0.025852813796071,0.015843655874964,0.100022163431596,0.096218642673131,0.140069122652976,0.002438450700349,0.000840811816789,0.020466918552622,0.126334408272326,0.020301225084245,0.010130358853652,0.023327494151483,0.010385495844329,0.078270240754437,0.092587152492365,0.157082301013883,0.115200684137683,0.059914462659939,0.07999625020138,0.089468345539054,0.048006496810703,0.002998276445601,0.018329547185651,0.00049833779122,0.009034598815176,0.000266837598743,0.008707761769822,0.002537442450849,0.005384125819108,0.008520227661775,0.012672059647508,0.07107435767638,0.002986832600735,0.025605100511021,0.007197639337592,0.070377422645359,0.122287104491851,0.14727315660975,0.017314038610514,0.006562692262761,0.080300370495448,0.025406598082745
C[C>A]G,0.012780912848803,0.053168695259626,0.0051937889408,0.00932820834798,0.000262882587888,0.002350235032071,0.005586034561763,0.000311425160707,0.009815114682781,0.001141116702112,0.010459569422641,0.025765071197445,0.011103771372226,0.057269961962367,0.033464751647584,0.029455257684423,0.000448748406489,0.002729720365683,0.001072246797203,0.028572361007993,0.011521326975728,0.003462538850343,0.004841273277872,0.005994199696486,0.002528814516514,0.053031180648332,0.011126929257444,0.030564365364244,0.059785289560953,0.040953438743975,0.027744449911812,9.87591590859528E-05,0.001645683922913,0.005507185403123,0.000143410751655,0,1.76429107767835E-05,0.003345302240617,0.003190805009728,0.003067112999358,0.000303306296251,0,0.068333490372123,7.6844383655995E-05,0.001078939761841,0.003301250951747,0.027645055131879,0.013331480049058,0.035267104527747,0.005343449506984,0.00305257436366,0.02516666909225,0.017152451604057
C[C>A]T,0.07366262244617,0.13206895050571,0.013400451067029,0.042078668859271,0.00086739605754,0.007063188396505,0.042311683962947,0.011776289945242,0.063279686121372,0.000459403062346,0.034402554192027,0.036694062344882,0.032657743289113,0.143920367075394,0.098883453083542,0.097214540869678,0,0.001893778207695,0.020698573436056,0.094084213256277,0.022071961389834,0.002756023031958,0.116113695642443,0.006687985480003,0.048924248700109,0.104683504560305,0.129860819530163,0.023109166025785,0.068387185280783,0.073273490611819,0.115338851868775,0.084870953475013,0.010160960673108,0.009875780609416,0.001628053158934,0.0054547226329,0,0.00191056470299,0.021354472151674,0.031494486611195,0.001362473866453,0.029178274698236,0.106312717764164,0.00418376514724,0.033781145344865,0.001068943917847,0.06552138485452,0.10292236221433,0.105261281770069,0.011302653632422,0.004127691320179,0.079058474739042,0.033877120510666
G[C>A]A,0.103210287234892,0.02721423424508,0.000232154273615,0,0,0.003286528690651,0.038339261844013,0,0.040685488382194,0.160758598181662,0.068683568762457,0.002404949308597,0,0.026818196912372,4.97781530369961E-05,0.023050053513655,0.000866282898568,0.002589408625972,0.244203797973612,0.037207401426845,0,0.00044450813916,0.048908478723414,0.000207950596721,0.008730216463007,0.023390404304588,6.50333488901163E-05,0.021517200234506,0.004699506070913,0,0.022975117464086,0.018038904989773,0,0.004513053016733,0.001613088111576,0.003882202346914,0,0.006703046589262,0.02033946831346,0,0.239222793931882,0,0.000637310458313,0.001804459678676,0.003630014678587,0.004989507267484,0.02625031573323,0.007373019947713,0.022817770349327,1.22383457440392E-05,3.72552851277212E-05,0.016989241490162,0.003213603071152
G[C>A]C,0.000288862833022,0.022030421414324,0.022112651792027,0.002891144652449,0.000147626229392,0.002293658131495,0.065073776667686,8.06180842539204E-05,0.063177247536981,0.001914082432297,0.013682346952541,0.011011891763195,0,0.017669340041776,0.041604327593583,0.078563259332806,0.002235683423201,0.001106423360664,0.005143977793209,0.058644990128696,0.000988415049621,0.004792082958961,6.40601428262265E-05,6.75271950101516E-05,0.022182843967301,0.023735340339333,0.062494572209648,0.051692903196768,0.017232189936267,0.004716666494582,0.024883942141582,0.116101487702098,7.13528353582828E-05,0.000185049261307,0.001603265692176,0.001067437201191,0.002912725730988,0.001415261966025,0.002586458071702,0.034932583427996,0.006472137297795,0.069327663326875,0.001533194503413,0.000982031106344,0.041625764262705,0.005895042114041,0.02577530723272,0.050289804089484,0.066014086505723,0.003371972609458,0.002409170699666,0.023804493195331,0.001520303883739
G[C>A]G,0.0012345246076,0.018122814206323,0.000443950140037,0.003905307567133,0.000198081539521,0.001125573182201,0.001860698521254,0,0.01492823522687,0.009659801964341,0.002736084568487,0.005627117725575,0.000370205985734,0.017005849610484,0.008168671392831,0.017269823893796,0.003219678321433,0.000403471379646,0.00040607952816,0.00315277633359,0.00076288899176,1.1721020019898E-05,0.00027270142171,2.28605595218537E-06,0.003793988478868,0.017825853913057,0.000827991780746,0.025048000093692,0.028105253196634,0.000285004361927,0.016606921141565,0.000756541662292,1.44001102319764E-06,0.005140549092495,0.00043880330156,0.000266017079245,0.003460570105523,0,0.00093725029171,8.79966753140608E-05,2.85101048570742E-05,0.000162406443242,0.01161909027111,0.002603371517937,0,2.69117521454995E-05,0.014419961626269,0.005557828411046,0.019647028764563,0.002269527897796,0.001146634152499,0.009650707265297,0.008915737274284
G[C>A]T,0.016401253355292,0.019931212674862,0.007766646804389,0,0,9.71311490914827E-05,0.032956219528695,0,0.017833012594183,0.077185068550805,0,0,0.002206969155047,0.019105692848608,0.020908287360865,0.028416433737549,2.94192023074789E-05,0.000338287615831,0.013595826931384,0.012834836378917,0.002059721365005,1.99235349681569E-05,0.006003683663973,4.15031848220696E-05,0.000138156338446,0.012921232342171,0.028451762423782,0.044552307988717,0.000328852810236,0.006600907523378,0.014464146827045,0.040268282253921,0,0,0.000140976574421,0.003835287514928,0.000353680941945,0.000786635030326,0,0,0.004651440782194,0,0,0.006483701641686,0.001061564760063,7.68581396019775E-05,0.011352734735513,0.035235283865772,0.008337970886444,0.001051627482078,0.001873587980586,0.004919612008794,0
T[C>A]A,0.060423130099849,0.056867862988849,0.111253905093212,0,0,0.001094496750908,0.051536626065413,0.008735291638221,0.061198670839473,0.07601322410396,0.00260898640659,0.000249093118618,0.014085159198791,0.060106112169852,0.03349930041245,0.02216880933396,0.001113319740911,0.001491932324255,0.023225999296469,0.008243417061921,0.000468807484032,0,0.078276739176865,0.004117508749597,0.046963468419739,0.063020654383872,0.036548778489095,0.000314604130408,0.029975191821162,0.003133654917899,0.055989566691589,0,0.000465973687482,0.001153035977874,0.004366845388416,0.01919265812825,0,0.01160895420454,0.000312849474103,0,0.0639742708326,0.001884645605739,0.00202942436446,0.00023444107867,0.000853214265427,0.000748853713303,0.027949057657745,0.02302431741237,0.021128730136828,0.002419293454672,0.004604959407962,0.031857136211922,0.028810069371644
T[C>A]C,0.012022680412438,0.057550035674998,0.006767031903335,0.000618549172869,1.36407126410998E-05,0.005842500902535,0.02183849328049,0.011089918360052,0.043808891037974,0.002233581141731,0.001082311933737,0.002255923835903,0.000280226884529,0.057488771245149,0.053360218191245,0.079680831409223,0.005852345023619,6.15707911554347E-05,0.005418646486628,0.065567401660615,0.008740737657298,0.003153405193815,0.032639351501022,0.004150117244887,0.007835902882901,0.050349335706652,0.085448759055557,0.09323304886537,0.025584241202408,0.024936242770616,0.064763926210773,0.01460644291537,0.004048859909441,0.004822025589806,3.11128991457118E-05,5.98912748768704E-05,0.000911855103619,0.011071806810877,0.002441156970981,0.022961414061462,0.016091034482285,0.006389087748742,0.046855415848253,0.002920224912652,0.041388764453605,4.44728107489187E-05,0.028701243503182,0.080709167082667,0.066664142766637,0.010637287802777,0.005838996124558,0.050889518138012,0.012901547792673
T[C>A]G,0.000637428751582,0.020611910491812,0.011659550633497,0.000976649052811,0,4.80415923001844E-05,0.004513632795593,8.91664944929168E-05,0.002734778162838,0.000259323542667,0.002607917456532,0.006036436459075,0.000236222506568,0.019580030306067,0.006347096909518,0.009934790536155,2.63224441698496E-05,0.001489145759331,0.010657400471329,0.007523039552744,0.0027833183843,2.48494420684517E-06,0.001810007675786,0.002123230812042,9.36501005597875E-05,0.024024405153595,0.000207626066837,0.005142973798987,0.01185850889732,0.000947037208393,0.017565319177999,0,0.000351166061649,0.003871230546547,3.8741130616699E-06,0.002084590686183,0.00052956156544,0.00047224366019,0.001785332440279,0.006624783637777,0.003376386454128,0.0004536276898,0.012403775593985,0.000329580097318,0.000135785190311,0.001023672877162,0.00748935007529,0.00258955044448,0.01132035139286,0.000839580668501,0.000509996968102,0.006264607547057,0.006072842990472
T[C>A]T,0.188914602779967,0.072745887119061,0.001872118066444,0,3.91135940000973E-05,0.000765376581953,0.02213900440946,0.007738547004354,0.044615337627339,0.122177703203507,0.000272796054805,0.001044743394227,0,0.077780095205972,0.072922500303757,0.045524352145067,0.001219981944492,6.26772213459151E-05,0.092691662064554,0.061269294813519,0.008433931468947,1.36452024809507E-05,0.19666212362437,0.000257366432955,0.029970276191126,0.060674133412901,0.051777797286973,0.003680983144797,0.017832208328522,0.003137096603695,0.094436488581367,0.000147588036998,0.009891476200582,0,2.1273337652798E-05,0,0,0.000176637869975,0.016447314675854,0,0.095020057545757,0,0.001645982687077,9.06777560513136E-05,0.015902208705142,0.000502314695767,0.042265908097343,0.080109636637584,0.052451623152644,0.000620016797095,0.001811903325271,0.055870588053706,0.01912501669316
A[C>G]A,0.002298682544329,0.00463319064596,0,0.002541492550563,0,0.001059920513673,0.015712204109545,0.015733151773868,0.014368376668404,0.000135015848067,0.003793917545896,0.003984364992777,0.000179082493395,0.003697307948719,0.003849942776738,0.006649398529636,0.00016574694123,0.000756682143417,0.001858706924677,0.005563331508882,0.006783306941951,0.00039123577331,0.000476038648796,0.0012337779578,0.007348092075552,0.005321902884678,0.001072504063947,0.034885005301194,0.006665100446551,0.00182671570905,0.004796849571415,0.007756571277802,9.28489035238475E-05,0.001542952679442,0.000784336474056,0.000285107423112,0.001803781945324,0.002985593997589,0.004701560446981,0.000268501046843,0.002705883747128,0.011870498465502,0.006583867169852,0.003763714794456,0.000499792972817,0.001032567439311,0.003457291008889,0.006536228087253,0.008513602504878,0.000484175270763,0.001472482435617,0.012196423877934,0.005934152749788
A[C>G]C,0.005717163571082,0.001232818364436,0.002332320716424,0.00167896009284,0.000626614489459,0.000409754116026,0.01388699481299,0.013044874024709,0.004894165959343,0.000294241434408,0.001164941773221,0.001868809751108,0.000111762362931,0.001961279284363,0.004771087997466,0.004840028728119,0.001335300994686,0.000124719269805,0.007669581034555,0.001130430540928,0.005791636741473,0.000497802495667,0.002981014283766,0.001472896190602,0.00754780914304,0.002515514060258,0.002800512241399,0.001104444208172,0.002395132764752,0.008524318214335,0.001559031860552,0.008907904820157,6.31002420646964E-05,0.012059123119601,0.002412852469506,0.004731036394805,0.01318848716885,0.002401126529383,0.002564882245902,0.01121458856535,0,0.004946825769229,0.001289943324891,0.003358431566704,0.001458109551061,0.001357675089171,0.001701583523583,0.004522542678764,0.005688457994946,7.48964831928043E-05,0.001175755124751,0.006894930136102,0.000879740318183
A[C>G]G,0.000223374690747,0.003365233849165,0.009720540657707,0.001088474725036,0.000780463336079,0,0.000864552696948,0.003074534377958,0.000882404264584,0.000759464145378,0.003676653724532,0.000985319059037,0.001116346553669,0.001616671012553,0.000210052500157,0.003532058204872,0.000318966088176,0.000153930392797,0.002140301570551,0.006886911985602,0.006913776018725,0.000946499854928,0.00274219477914,0.000457436576235,0.001991261443292,0.003632042281133,0.00010268423509,0.001507688626418,0.000980371297435,0.005767364001376,0.002003341462492,0.000683604290773,0.000123106484541,0.010649644681541,0.000563854871405,0.000866052789417,0.005095053238626,0.003666660300937,0.000338991138558,0.000452245729159,0.006594765098204,0.005982685125952,0.001269534640023,0,0.001876081517228,0,0.000700259872735,0.00399087061801,0.00160948108803,0.000985077194359,0.001280483577037,0.002746151191969,0.000729417992796
A[C>G]T,0.001555075251401,0.002100618348962,0.002283563186594,0.008484432821193,0.000470374686467,0.000794864589081,0.001680040011041,0.000305901572552,0.003327182170297,0.005832801029473,0.000714165533758,0.000607644395388,0.001422333878365,0.003527603235704,0.00178383353228,0.004648571398699,0.000845239019406,0.000531796792294,0,0.001150827590768,4.11332699203642E-05,0.000622522505128,0.001045904144902,0.000201511002489,0.007238958292232,0.003147915827313,0.001901697468721,0.002842459800137,0.004066682518785,0.025870086850122,0.001409156314171,0.001441614490747,9.22648026670485E-05,2.23252979770654E-05,0.002083878559035,0.006852435260339,0.001300273382844,0.005496429204027,0.007556283921216,0.006580880603379,0.029696880908655,0.005730115347929,0.003274417719876,0.003043134426384,0.000747050313086,0.000900859499786,0.000366639141206,0.007307044269154,0.006712073452244,0.00016135977916,0.001660635502081,0.005597808650102,5.41658889307836E-06
C[C>G]A,0.000593943325099,0.006747213337107,0.006356442178445,0.000653628929201,0,0.002464924529618,0.013087990102178,4.47147612501353E-05,0.009186131346901,0.002728251274736,0.011050805699727,0.010860714298116,0.00060569873479,0.008975790891253,0.021138756551713,0.0051763826159,0,0.001767966167332,0.009033811406315,0.004888492945022,0.000509973634264,0.002408031885045,0,0.002735459134617,0.010470185963144,0.009836858057007,0.000679099639866,0.015055070649295,0.005868874259558,0.030463835994822,0.005615756509718,0.011725049605979,9.70417067038406E-05,2.02957254336958E-05,0.004564682285959,0.003408187860962,0.002217704743237,0.00552471886289,0.001573647626567,0.002734568162828,0,0.003082981681101,0.000831924116822,0.000668843555314,0.001574889898636,0.002166624113409,0.005451498518483,0.001848999263943,0.005931520822534,0.002516364230602,0.00172812849291,0.022549419072485,0.010012940055106
C[C>G]C,9.5745939028297E-05,0.004624680781203,0,0.001990239236779,0.000828067890532,0.001439824119131,0.01260425820216,0.010488504821238,0.001048369589631,0.008703866481431,0.008568276085,0.003297390332634,0.002634315153955,0.003282387740015,0.010975933110931,0.011362895798705,0.001426831311913,0.001498031349935,0,0.00730642577664,0.001307913038283,0.002816651272474,8.29443962075481E-05,0.002893857053726,0.009675356914783,0.008116395242274,0.007661081433223,0.053121022238379,0.007941519394348,0.00753802939888,0.005376822670369,0.011808021984988,0.000340137543491,0.012051601762529,0.001787114641674,0.000371949771683,0.000345636505943,0.000848289125566,0.001481480354114,0.008946752226967,0.001126320889474,0.000699732131268,0.004440637366407,0.002325355316222,0.002598295446534,0.0020487141485,0.003479222324768,0.005125433652426,0.007748127299489,0.001897574009032,0.001523442485085,0.007091547837395,0.00404064748913
C[C>G]G,9.36009179910032E-05,0.00491803618039,0.012517854237568,0.000269899349736,0.001147045993326,1.96740503520442E-05,0.003919111796488,0.000405063131325,0.002845531478296,0.000362564109249,0.00120951699064,0.00200966743452,6.84147667308221E-05,0.003823473145751,0.001330243829155,0.005090820226154,0.000105571300146,0,0.014007738840559,0.001190985186766,0.001144892452939,0,0.002124821439782,0.000248769574656,0.000299014598233,0.004806866703911,4.62443186396684E-05,0.000973091242776,0.000583771603444,0.002228081828866,0.003078098572911,0.008149160351343,0.000233813838024,0.002716045609509,0.000166278303974,0,0.000224421481643,0.000863936356236,0.00015420896241,0.00078784026996,0.001863461672887,0,0.012054475548297,0.001467374976833,0.000193487541309,0.001451067991744,0.002252756593967,0.00104601513076,0.003559979750068,0.002229626505149,0.000756008721437,0.003213185446616,0.002421806426324
C[C>G]T,0.00020670202723,0.007133041729853,0.017618747253112,0.000110393845436,0.000651412998508,0.000451916561621,0.001019053201025,0.015545481290621,0.005238280571791,0.003475610550976,0.005062012999715,0.005062415360061,0.000533197325993,0.005539157647563,0.006092420306906,0.010217248302189,0.00050712933547,6.67136425963712E-05,0.000212881907043,0.007549222999702,0.009220823088239,0.004209022687277,0.001578961350518,0.000752788565663,0.003963186983234,0.006232149533843,0.008795997120909,0,0.010209304041872,0.011885861898916,0.007521069779232,0.022925586503356,0.001093095596497,0.005742018885053,0.000561472120451,0.003661103723827,0.009911567880688,0.000689791359426,1.64728296565724E-05,0.001266643840477,0,0.000958556419654,0.002724972689874,0.000407496567335,0.003470424838681,0.001855656536711,0.006004444552387,0.000517784575178,0.006316742222285,0.001120959834955,0.001614598330835,0.007819266928641,0.006196769431342
G[C>G]A,3.21103149219136E-05,0.003987054365629,0.009476068692345,0.003587585202643,0.000429943001133,0.000591691297238,0.01248138441018,0.000159263458453,0.007908352015638,0.001624380323815,0.000660183555828,0.000305338374147,0.001414561960864,0.004454331828057,0.011682270804192,0.006662358985315,8.15362341464458E-05,0.001407843629778,0,0.002721950136186,0.000417020993125,0.000278060858615,0.002368716373283,1.4674225355049E-05,0.00495504028469,0.004974919673589,0.001532871717932,0.006133632352695,0.003851156624475,0.020337413042121,0.011561102759175,0.006209589208402,0.000246450079332,0,0.001277685916157,8.50955197208867E-05,0.006910170525589,0.00090132945371,0.000105864788418,0.001863941129017,0.009179566773499,0.008938468337877,0.000418028358281,0.00018405301972,0.000214675473769,0.000728555866346,0.003970976830038,0.00116924126006,0.007699557424233,0.001122117886708,0.001108751117799,0.005335166892199,0.001019660875518
G[C>G]C,0.001928731416033,0.00248486745699,0.001162311079541,0,0.002140151180171,0.000396499672053,0.007928591090782,0,0.009415211792253,0.002899232551297,0.007879230877606,0.003090505610122,0.000258699037931,0.003032967391701,0.003155875049055,0.013985116653621,0,0.000179057285826,0.008493222590999,0.005977261426702,0.005685795018153,0.000536594014082,0,0.000798622377606,0.002938421505863,0.003492834289729,0.004058903901138,0.023311706787113,0.007754837114147,0.004964467871945,0.006496645623514,0.037875667236215,0,0.002940731228722,0.001049867497619,0,0.008943950209329,0.001313165455242,0.00267361187426,0.013429436292027,0,0.006727393511515,0.004530155834614,0.002882528972875,0.005835339022096,0.001519259634892,0.00253332199932,0.005757962058863,0.017545891691973,0.00059573197217,0.000761830272731,0.004731077626581,0.003354881770245
G[C>G]G,0.000450811921338,0.003877796577473,0,0.010232836513301,0,0.000245559830474,0.000523274850813,0.001777937815708,0.000917611525172,0,0,0,0.000525461896368,0.002569995461244,0.00128691655233,0.006562767236329,0.000409159168934,0.000318679214122,0.003715226706473,0.004247591600258,0.002209524065051,0,0.000571877377821,0,0,0.004928423290699,0.000250301926243,0.010073991676539,0.000572866224653,0.006079656014977,0.010394474901055,0.001532541448864,0,0,0.000196036977758,0,0.000946501026854,0.000973199877368,0.00204742053169,0,0.008957840596569,0,0.000772414680571,0,0.000531462726487,0.002449767675177,0.002173131102152,0.002860599342984,0.006140217989284,0.000325714047173,0.000553562788401,0.001922966074945,0.001813342940668
G[C>G]T,0.000213689595761,0.002306081985462,0.003962190845184,0,0.000848636245997,0.000774999400551,0.007463445142493,0.00077330234162,0.011435773765443,0.000569743600249,0.00312935129483,0.001572910798106,4.08664206605444E-05,0.00108606831095,0.002407274141024,0.007105486317884,3.00878205417398E-05,0.000184541628067,0.001003351796464,0.0070750277559,0.000120013137657,0.000159322307775,0.001197755489888,0.000223494167297,0.004381246417762,0.002793736747444,6.71817070001482E-05,0,0.000445340060424,0.007052587811745,0.006215941006748,0.023617145373237,5.40727030799112E-06,0.000204151120539,0.000418438494847,0.000530287329639,0.000359257198719,0.002576785056329,0.003895510871911,0.00782312680969,0.003299271772918,0.016737491383358,0,0.00165620051003,0.00359850940428,0,0.001443629474911,0.001625402648514,0.004609092936526,0.000933225255812,0.000187598003685,0.00362149443222,0.000943748740324
T[C>G]A,0.001768504844611,0.007453036138193,0.029151870467154,0.007148395244331,0.001213103826453,0.001886072445139,0.011926368119173,0.001612361685078,0.008363439474397,0.00170515704671,0.000735972114941,0.008663725708224,0.002507994128663,0.007638085365676,0.025028568403595,0.003802841539824,0.000347153625315,0.000338861320375,0.012350978108522,0.006995175475675,0.001281181344882,0.001886633414741,0.0026572842258,0.000665532063826,0.011198367855276,0.011229728725851,0.005886319157241,0.003466960480899,0.016034690321516,0.041486654207764,0.015284526559691,0.021115124298253,0.000514876230503,0.003200158354413,0.002317610999725,9.04607797619397E-05,0.000244532571647,0.002917663203843,0.00213833443667,0.006429793170962,0.000188063643485,0.005811775359633,0.001774474749752,0.000209056840324,0.001938165000344,0.007215998626132,0.006624022441346,0.000277749711516,0.008191679120742,0.002700830225803,0.001813039882391,0.018588724947562,0.002799130162932
T[C>G]C,7.75132602112995E-05,0.004858545438732,0.007527478289641,0.000141750852116,5.6402047774435E-05,0.001955014008517,0.001245373493878,0.003327304293025,0.003867859220462,0.000229876120632,0.000186531785123,0.003192774157349,0.000218744814161,0.004312131951964,0.016113390974905,0.007884633505871,5.98237367496582E-06,0.000388240889987,0.000396419647104,0.005135716761879,0.003458186781674,0.00157645520202,0.000726563647044,0.000283503136042,0.007616924712463,0.006325028079484,0.007720252313372,0.07469838764235,0.0010244379301,0.014212113717888,0.010138940922075,0.007134033678954,0.001017954780334,0.00300555816349,0.00122600250518,0,4.98206547841815E-05,0.002400503311092,3.20056337077425E-05,0.000537828055259,0.000437956430033,0.001224197421582,0.00415834901496,5.36043180318597E-05,0.003630881933409,0.002405522930124,0.004659858162918,0.002889042371022,0.008641576267288,0.001968893551307,0.001162658286311,0.010397907419975,0.008122246946793
T[C>G]G,0,0.004820851436559,0.001795474651131,0.002229211127871,0.003210380036691,0,0.002840897140066,0.009506884297793,0.004952725814444,0.020646367421886,0.002191133828913,0.000633272668342,0,0.003254876363665,0,0.002024152610835,0.000461628105107,0,0,0.005145640432936,0,0.000784142836528,0,0.000910961098975,0.000201250475684,0.003392074554472,0.007377316098452,0.010589758739967,0.003582572723965,0,0.005616663484765,0.004463253148728,0.000209645942176,0.005750495335087,0,0.001417801159221,0,0.00035167317863,0,0.004660075196812,0,0.002657745251825,0.013198188420862,0.001979693923494,0.000217666007638,0.002483977529599,0.000858223636275,0.002228658016842,0.003516649134229,0.000143180422353,0.000152675303809,0.004370413504259,0.000196355341909
T[C>G]T,0.002971861646533,0.004856861738497,0.009057096093906,3.9518419377771E-05,7.09010524468848E-05,0.00140398241534,0.009255306805495,0.001508728650181,0.012260825594619,0.00037012965246,0,0.001783121327032,0.000530789126204,0.006158408844007,0.009695035159603,0.006781641942092,2.55834450688244E-05,1.36732916132202E-05,0.022194396904464,0.002552466564606,0.000154537464929,0.0019472396646,0.000588018156135,0.001238969880649,0.002453079111708,0.005809745886109,0.002970268944941,0.022614870120163,0.0044165448751,0.017104768685117,0.012750280180402,0.002298383849806,0.000980514493731,0.001666637217967,0.000665747473345,0.007504251968583,5.68595362857998E-05,0.001804016632984,0.001493611160736,0.004191945591243,3.76127286969834E-05,0.023962434708007,0.002110296162442,1.39371226882835E-05,0.005118911775827,0.002300498677048,0.007338806042648,0.009572749076963,0.00628617987569,0.001875893087456,0.001613488205276,0.009947066248371,0.003517762912357
A[C>T]A,0.001036272663244,0.007730181028134,0.019352462366458,0.12625204303785,0.006624941616984,0.02274013740515,0.019301090199918,0.048101246844815,0.007317649372291,0.061782553717685,0.018624316860742,0.003372269885865,0.000183898892972,0.007977612501421,0.019519553370593,0.006868072815982,0.006217445769959,0.051391257763136,0.004114562544085,0.013775675618281,0.010775042541369,0.000767363965468,7.68173018901217E-05,0.001042972780721,0.025291324182128,0.012208375666173,0.00194098693314,0.000116541311082,0.026341163514003,0.08673048207693,0.005511246357455,0.018426476559569,0.000718762128587,0.023232636290572,0.061682651068596,0.1004120894032,0.043049159365579,0.083747294954394,0.044256405502337,3.33561404620086E-05,0.015869480052974,0.00033943016913,0.011564603533004,0.018716725768021,0.000568350961758,0.000526831758103,0.013085260115607,0.012748144922431,0.004928008597664,0.005043212598375,0.005068879557476,0.024079035150353,0.010365977021456
A[C>T]C,0.001884433481581,0.004110617079817,0.029780585983391,0.002848905762172,4.3313094296346E-05,0.047584080003639,0.002939066148473,0,0.001307031817457,0.005324745704634,0.034177860889833,0.000180473906872,1.19315353178554E-05,0.000472931480298,0.006226126354576,0.008384980582198,0.011114722431586,0.027861687948453,0.00016531154939,0.00254575434395,0.004950262445716,0.001585493361922,0.001235478272066,0.003352267618589,0.009121198152804,0.001461894777684,0.013736893058338,0.000676169242325,0.013132479698858,0.016817142086393,0.003910119205478,0.007861816478314,0.018795874001765,0.000177050357754,0.02478300981318,0.052559459870538,0.047004827941398,0.023344065597465,0.036867625191379,0.001382087854229,0.021239684623281,0.000185456773568,0.000209363860657,0.007466839417821,0.000950481379508,0.001323123136204,0.005175207655316,0.010982430083646,0.012193522486251,0.002273022610186,0.001212276934063,0.014113369334632,0.001960517572804
A[C>T]G,0.000210667066117,0.000966151571775,0.007546981301573,0.007197363720516,0.000648225056677,0.001271345702012,0,0.023088598485511,0.000327320502176,0,0.000466169120299,0.001410533190839,1.32815867146769E-05,0.000962211532233,0.001631207131184,0.001934297905226,2.43869703338312E-05,0.008379385132019,0.009934914273112,0.003406654507132,0.000106565090177,0.002087507068347,0.000126748548119,0,0,0.000505125387135,0.000117504264764,0,0.005082841263354,0,0.000367824146558,0,1.90266516719687E-06,0.00209010155981,0.000145673507956,8.21009559770432E-05,0,0.000496237564402,0.001248354003974,0.003366301695426,0.011625596372141,0.000659183227005,0.00026880971845,0.003401280437699,4.91942821411104E-06,0.00236196238216,0.002963022781367,0.000863999995465,0.002885085518588,0.000128646530234,0.000938796181033,0.008912754004529,4.65283388101598E-05
A[C>T]T,0.001971989340285,0.003650703266318,0.009789485515678,0.026927077777547,0.009432905304119,0.058821455969627,0.004532409960816,0.019209198405051,0.00914233494168,0.00365427376372,0.016082994992824,0,0,0.002025568407466,0.000638204469766,0.006699971029373,0.009052140750191,0.025021679714154,0,0.009094046370219,0.00071297667862,0.002581131339241,0.0006407843266,0.000108861340484,0.030728827045581,0.003770942756776,0.006601066976593,0.008972877220112,0.002769343048409,0.010644970279404,0.000745358750735,0.016061886135952,0.001155247397566,0.000773147752404,0.053336508734676,0.060594872583184,0.060240393343668,0.052520274737771,0.031030916681189,0.000988612467788,0.000217775981679,2.22773009553027E-05,0,0.014567786135786,0.00027003025568,0,0.003654211395541,0.024355633321876,0.003423953051889,0.00245827662877,0.000492512490548,0.011130033991635,0.000460202340113
C[C>T]A,0.004073882454602,0.009420315870048,0.00283580636657,0.168519140302559,0.00493646661831,0.010925425278161,0.010872322848537,0.00258780105035,0.015732898128052,0.020184636500091,0.013144023703326,0.000550176416912,0.005572902702453,0.010575400534447,0.027721908977871,0.007009769344307,0.014252090329338,0.012134090132494,0.005680010060857,0.01008731036747,0.023910858581549,0.011121543722989,0.001158020825994,0.005488594955399,0.009335576098654,0.006764362666339,0.00057248281705,0.007058384785652,0.001106116991657,0.047855493774564,0.002569060907718,0.016214614054836,0.080645272756392,0.043876254335525,0.042030526879548,0.066794368173876,0.080624628516173,0.031918124786019,0.039329417962555,0.049040197707245,0.010529159568481,0.059206460051845,0.033950133381246,0.008086332417115,0.040123170520346,0.002013934129838,0.013050833049983,0.001149401994951,0.005298831736352,0.012513537213849,0.007377246891653,0.022008224552383,0.004752489529766
C[C>T]C,0.001558520285188,0.006363682085768,0.046268500702536,0.046058574602113,5.74749128136226E-05,0.033963903014696,0.01361799566802,0.015854933741272,0.002631434013677,0.01720183379456,0.005122301782987,0.000888088130349,0.001059534931376,0.006897403518545,0.005483610551426,0.01103961927793,0.002999738112795,0.002348671271934,0.022593915003982,0.016587691025605,0.000576589145742,0.008701438967417,0.000788840531076,0.013642087191623,0.012266218362937,0.008651973475799,0.006977393774342,0.01875557302846,0.009733918550085,0.000350642226764,0.007006307354106,0.002305971294494,0.131094699907573,0.008681436860953,0.03730050910474,0.033636062932254,0.011693867525325,0.011652267875781,0.020555763728951,0.174475487398336,0.038435915037827,0.150574877346592,0.025751500546966,0.011406065124543,0.152729031868041,0.001302939322095,0.01280382037208,0.018999618822936,0.004655081991402,0.015412606713099,0.011645184074115,0.018628127822468,0.001859008460009
C[C>T]G,0.000155156521698,0.001658157589377,0.000215559605567,0.015538327497446,0.000257058463389,0.000307824739579,0.000241732100562,0.001101955836808,0.001322536183967,0.018365297947387,0.004258376346102,0.001599859611842,0.002714551992377,0.002387859294357,0.00326846611531,0.001769032053378,0.001944799300865,1.91234847737346E-05,0.001201835012877,0.001153171081601,0.009294179063613,0.004270145717568,0.00027526199844,0.000470605546439,0.010590913808434,0.000707716769726,0.002363849352323,0.000786051049917,0.022872318311716,0.001876292373503,0.000703438197622,0.000650195058518,0.017086945257368,0.034121889918851,0.003992342078424,0.025086209123113,0.002046394822016,0.005837374124929,0.005467188921019,0.005626958521671,0.006524520321779,0.007433028776159,0.015070701152131,0.00151835095411,0.004884154867129,0.00931693981905,0.000696871812309,0.004178432649875,0.00213189346583,0.005425314857826,0.003809673386986,0.007061242002065,0.001665736898797
C[C>T]T,0.00235000054763,0.016782145052843,0.01918720000219,0.08610061303664,0.002705091256521,0.031254519346868,0.047268473154887,0.00251020778818,0.037561454575211,0.000894596386417,0.024504718024871,0.000574630875838,0.002549955185591,0.013650468767826,0.027385532360555,0.01497029500302,0.004554662602219,0.001780717433786,0.059460030875167,0.025731326819123,0.017336571780992,0.004135694842518,0,0.005355947363723,0.049060161026561,0.010268039083144,0.024841574064846,0.000796499581255,0.006925805767281,0.018488899989691,0.020076350324421,0.028174752068007,0.126369005901344,0.037977480818152,0.044608183433014,0.096019438711449,0.051213896251275,0.042342452307886,0.035647203376823,0.13688534084035,0.004477803938757,0.12177496538761,0.014904570642596,0.009141057895396,0.150793707874873,4.42447450527704E-05,0.022724109875164,0.024785112923174,0.015148154322425,0.011597100282266,0.006190516061227,0.027819972301806,0.011081046646034
G[C>T]A,0.001493292145463,0.003079310224507,0.000131046553861,0.019514224125279,0.002898023043854,0.01651601924453,0.007724336835268,0.02210316405596,0.002410476209894,0.002318548011636,0.041290333890826,0.000836489222015,0.001539314007506,0.002003648242616,0.003354355874357,0.002198474080041,0.000291658311871,0.012416844514506,0.031623534386443,0.00395682514509,0.007376993849771,0.00294440599256,5.0937187086664E-05,0.000594728725251,0.003350796110005,0.000417430678589,0.000548559575045,0.012188498853762,0.002921929327982,0.00275679032316,0.001236556466369,0.021332223118846,8.82050125534551E-05,0.000132996694901,0.037188056973392,0.043925259182611,0.050671445305423,0.036039044447884,0.007278528736381,0.015742509910427,0.025378974003765,0.015755392705597,0.000560189789325,0.004822590284456,0.014183190026701,0.018616090513801,0.01087527323068,0.003075774392817,0.000791535669819,0.001827158980552,0.001856063855691,0.010683291776817,5.56039213802734E-06
G[C>T]C,0.001732201988571,0.00252543549631,0.004161497940807,0.023075463715004,0.008806076241652,0.063540987123759,0.001972673144011,0.001678250200921,0.020241238612832,0.004902355607534,0.000909142024339,0.00367697244408,6.69187638316414E-05,0.002450526639154,0.001430797693406,0.010665703450945,0.003968178839472,0.009121185106392,0.005168400888709,0.009401564445043,0.004026917532923,0.00144706217801,0.000208687003468,0.000164362593266,0.006084002718995,0.001736172476979,0.005352433960473,0.006545603016893,0.014398215826616,0.008126393780317,0.002375450858128,0.034480897628973,0.016774624794284,0.00151179277157,0.007263156312251,0.009883557636556,0.027233432529761,0.015366225993465,0.006062225129239,0.008954122345622,0.035766441786059,0.01365099593239,0.000279045850113,0.016532885851403,0.009518046907451,0.004325608025997,0.005500935056103,0.004379801190724,0.008906546961102,0.001718404901434,0.00141360613365,0.009058562271603,6.37527719273824E-06
G[C>T]G,0.00022564971306,0.001898814476384,0.000951712766483,0.000564426120243,0.000261809722849,0.000516587175374,0.000809215511453,3.62978650148157E-05,0.000401220075646,0.006631722392518,0.001757674580389,0.004989736708133,6.80863758505141E-05,0.001065312164401,9.1775352292658E-06,0.002051309441936,0.001132885621872,0.002033823584583,0.002811754434888,0.00119318401767,0.004149561095515,0.001165603762936,0.003575113809634,4.72505226736905E-06,8.38886483848256E-05,0,0.000274953425235,0.00200037706568,0.000443337031666,0.006361956195207,2.2965606707395E-06,0.00017744830319,7.39668312718785E-06,0.001196970254107,0.00087153830213,0.007910264902852,0.004552053808501,0.002722195238354,0.001781482811609,0.000557714668525,0.018270855270514,0,0,0.000173297572682,0.000110096504378,0.001874015825251,0.001505221741876,0.000890114946475,0.001658050963285,0.000646823296844,0.000245080040813,0.001351368754943,0.001547338893789
G[C>T]T,1.40726380173974E-05,0.004762365694267,0.002772164959212,0.016225174808153,0.001275636531594,0.044856834802661,0.0269815626594,0,0.026594708477708,0.01945042962974,0.001232713206899,0,0.000655577660721,0.002512781999945,0.001429434363897,0.008845911839707,0.002312785662742,0.004798997525073,0.01490975301689,0.004520044108548,0.002597150059528,0.000208031612361,0,3.41137504414141E-05,0.001871543403399,0.006774440397098,0.003355480477924,0.001563146215829,0.005018788854863,0.019112500678094,0.002882840990666,0.053694020873305,0.005234792843108,0.006849091014151,0.019411569195268,0.008912570342614,0.033358539232806,0.007844537663062,0.016319605482892,0.001187097387414,0.000101159347957,0.01406583160286,0.004946976202202,0.015922419127598,0.00242382770063,0.002324217509447,0.007061689415651,0.006615990030648,0.004580703912355,0.001121350420458,0.001718593307305,0.00842826612744,0.00017302725995
T[C>T]A,0.000229809753859,0.006964580342715,0.015109530796881,0.019060191850472,0,0.006573723069438,0.010529018139354,0.002875290662387,0.002719712858035,0.004228673082868,0.030750486318829,0.01159889659525,0.001630898575236,0.005112937306144,0.023499843749138,0.003482634776463,0.004647987631548,0.019856221582288,0.006909002097835,0.005162826032376,0.001856652560027,0.001512781255551,0,0.003890231320689,0.00033144057155,0.004755072263787,0.000179406108612,7.26804432657378E-05,0.004755590876124,0.033661080155059,0.00987483644494,0.003420101882249,0.095119754642016,0.02265910296714,0.039735800574236,0.035753968140088,0.045614968793987,0.033735807705818,0.01819661280126,0.001031689540614,0.006479350697819,0.007247712553386,0.003115217262212,0.005080202261888,0.00036891225805,0.016843677956185,0.021136214601448,0.004877928698127,0.001483370173412,0.004164984522261,0.003694022092146,0.027626836510041,0.004334597299944
T[C>T]C,0.000278917735486,0.00703255484525,6.53521978782434E-05,0.002812966909767,0.001981857606961,0.040113707970049,0.000218021627164,0.035917658030186,0.001896966102817,0.015603758282524,0.010468441708122,0.00010882234222,5.07546349453725E-05,0.005925905997623,0.001418361468132,0.006742680407288,0.012825610921759,0.007837111401996,0.027883702322564,0.00780509748025,0.010255303454534,0.005971749746855,3.4933582526222E-05,0.006554782473324,0.00021841716744,0.003220305037183,0.000807564172276,0.002084654230541,0.016271893438158,0.015018533478015,0.008642764928576,0.000472134864627,0.224953577427771,0.023809393052749,0.019411106358752,0.0392714575777,0.050139781216937,0.019825998343397,0.005150176476378,0.003377865157453,0.004416490038552,0.019811829190587,0,0.004133653755738,0.017273622679348,3.17011317646139E-05,0.018361648127459,0.017281072849154,0.007769181360477,0.00797274091444,0.006606139141036,0.014899928289412,0.005295650364076
T[C>T]G,1.02051000865191E-05,0.00193148348173,0.012982847101006,0.006758222444314,0.000390522874264,0.000121234332387,0,9.17967745664542E-05,0.001647688818967,0.000410285227963,0,0,0.000394835301757,0.000528529702719,0.003132798203225,0.000304453797128,0,0.002748577487633,0.000474974528899,0.008382869232459,0.006528353005131,0.000670660052639,0,1.71373701486009E-05,0.004081147213732,0.00030758604917,4.82834382017325E-05,5.07500093577506E-05,0.001135717305519,0.000251652787659,0.000144932948416,0.000833027999874,0.027288555880203,4.16659304491754E-05,0,0.009970774305595,0.003646963344248,0.001775548911752,0,0.00280801520735,0.004934824354568,0.001344438626422,0.008069504987031,0.001375037216095,0,0.004594611514604,0.001921771020547,1.34218701701891E-05,0.00063746263365,0.001501650504695,0.000201778536123,0.001974939083993,5.01713543488674E-06
T[C>T]T,4.69954609079829E-05,0.010227656658981,0,0.017025565983232,0.006015523621438,0.036283035251588,0.030158689609329,0.000549070965351,0.017041850840475,8.00783650605057E-05,0.024303434728947,0.000202189466398,0.004353368436616,0.009759802992649,0.011362686416191,0.006623678037696,0.007643749225371,0.008794310113081,0.042969155817527,0.00411823669269,0.011192195055742,5.31514172384494E-05,5.19888525292074E-05,0.004550990035291,0.024958462402982,0.010228395908617,0.015663314851749,0.001006503579253,0.032367609369154,0.021136703595955,0.013383082495655,0.000341802145387,0.128488713693845,0.000654358065306,0.054381919288066,0.08956552997602,0.057062658294847,0.026307602119102,0.025365650936174,0.023804021937285,0.007823619316592,0.029481231936148,0.000876746929383,0.016223675394937,0.023085680395276,0.002117589988737,0.028113129644922,0.016943967295498,0.000391489106386,0.006244948256192,0.002331309929063,0.023543305905965,0.006214185602119
A[T>A]A,0.003377335623219,0.005157265185181,0.035402414712388,2.84933531020885E-05,0.002288175902293,0.00217480313987,0.004658381411417,0.010631197515227,5.1425102370667E-05,0.004826001817593,0.035566320120184,0.030560932955215,0.036070636732403,0.001683183541399,0.001706921796826,0.005583300840335,0.002766601491638,0.023468989346846,0.000384754885075,0.007715292596982,0.00482229227263,0.046117925600243,7.49883185117855E-06,0.013543070380821,0.021247165766101,0.002529044753691,0,0.007754188081372,0.016839907882043,0.001956844210126,0.004126877920959,0.00456727456784,0.002069399937517,0.031985466350404,0.021267080788782,0.01228295183631,0.013175049304165,0.009849453163788,0.016596420642121,0.002729167644849,0.000252640748462,0.000433669476956,0.006027682823351,0.001077585126164,0.000109932025016,0.01546490679012,0.013036394326517,0.001132983990867,0.004066848991601,0.014349254813569,0.011866581436336,0.003128896791168,0.029064952634247
A[T>A]C,0.001613510824507,0.000821416000826,0.004084683446442,0,0.001028479079852,0.004398419015723,0,0.000804339646488,0.001559821594959,0.00278307236477,0.011370956242102,0.00345272505573,0.009976368992253,0.001108034251801,0.000841141054926,0.000567794891035,0.001249084432899,0.017122007197684,0,0.001781863128447,0.001863195742052,0.012257097253547,0.002406027634201,0.006821027496826,0.009305319336932,0.000826690224131,0,0,0.002162202776127,0.007291375250116,0.000194508703765,0.000743691957578,0.002017501708914,0.0028430729734,0.010236658081735,0.004228074459328,0.000618141775506,0.010891028990824,0.014183688254922,0.024547006140262,0,0.022135344652685,0.003567832301391,0,0.022169425675895,0,0.001618302812454,0,0,0.006279415713691,0.00585670527038,0.000524075866172,0.010607486582278
A[T>A]G,7.43282289741057E-05,0.005824480348306,0.00783559166236,0.002341752713491,0.001382800422366,0.006011058411313,0.000191098767048,0.000421107839773,7.14572927285043E-05,0,0.010953103664425,0.035909661120379,0.043331906414145,0.006004071788331,0.008910189637805,0.003780862210348,4.58179442635617E-05,0.036689498308968,0.000326795598739,0.006437858637277,0.015705313757579,0.06561945986637,1.12482477767678E-05,0.022093322116633,0.012391209831017,0.009164742826108,8.1200653989339E-06,0.002269398042887,0.009641779227239,0.0013573353223,0.006126491632797,0.001669972100232,0.001392028005288,0.017243367715088,0.023026116681806,0.003295766947078,0.012422711709902,0.013993854800555,0.00622261140277,0.002916915064021,0.005607388033004,0.001159052128252,0.000921315428114,0.006340768321411,0.004644897204959,0.026087408686772,0.0062500850051,0,0.00573336038861,0.017264324613665,0.020796054782925,0.00615118544607,0.026246329142555
A[T>A]T,0.008389144776537,0.003679302676831,0.013861680191321,0.009511625359657,0.000887259387408,0.008793905049065,0.000538074775338,0.00049251994377,0.001005588514607,0.001014364755091,0.010950858869303,0.010979562968496,0.014081036068849,0.000682062408671,0.003325027663951,0.002068862842604,0.006446535491276,0.016095998090493,0.008375845923075,0.000383782788836,2.41670290899022E-05,0.012023061689642,0.00102743141278,0.007406459057905,0.008848887297303,0.002612653895713,0.000689477301923,0,0.004486784416864,0.005297328055426,0.00184086811591,0.000629635530975,0.008869658258145,0.007454500565176,0.029325493088454,0.0084240821319,0.0315533860768,0.034636914581568,0.021832094685467,0.000484775908048,0.005975099686612,0.005580920679386,0.016511325421376,0.000547109878235,0.005348046480851,0.026992145303392,0.007264960897654,0.003667429864301,0.003495653287235,0.007418280810364,0.009756384730215,0.004676292645029,0.01124733113161
C[T>A]A,0.000829603136333,0.004793598986234,0.008894228836366,0.000205610326908,0.005089395866325,0.006536470897716,0.000990791846442,0.012905600694815,0.001088763266627,0.000112784790325,0.00525207232003,0.065148634934985,0.081587619576242,0.005775394507709,0.00783645126792,0.001881577577396,0.002589769563893,0.00458579798911,0.003059995151833,0.004577647691855,0.02056814745452,0.103619259663431,0.004153164006357,0.038682481558813,0.003374507836744,0.010156103346558,6.99126706993412E-06,0.003633218430107,0.013661279290846,0.009351470034143,0.004079798427209,7.90562785248147E-05,0.002407889275621,0.018808765079127,0.02457987600884,0.003498648640724,0.007022609801524,0.006279725564935,0.013854410714287,0.033590014658277,0.000730270878628,0.016510923502349,0.007863701519996,0.002325528233377,0.016978980329928,0.043325526264445,0.011204218681692,0.000842601930956,0.002940311193769,0.03278948162287,0.037819169440665,0.007480860582412,0.064897685429251
C[T>A]C,0.002634475837622,0.004943591878539,0.001061032280735,0.004448113102862,0.001664442821796,0.008710858806373,0.001207054309451,0.025744523789765,0.000568008641393,0.010268304424423,0.007312794241865,0.047514769148196,0.057385394136924,0.003869857313198,0.0018064781029,0.001474579185194,0.000832112987754,0.006368120429654,0.012282447631598,0.003770792477753,0.014198935157954,0.04557734028197,0.001014628529132,0.041156573662559,0.011853581957396,0.008572309321668,0.001554828666074,0.003734948086874,0.000917609729699,0.002636904934574,0.003249841370896,0.006194414319026,0.004804027135984,0.025036926281627,0.031598791777274,0.024455603908055,0.031111216338835,0.023919273822486,0.023569575346119,0.019528463620618,0.005503824218372,0.045982949361446,0.021526139837766,0.000453181279671,0.03464899827358,0.029509762523173,0.001506630397824,0.000893617184091,0.002500407449443,0.032843478355492,0.03270476151949,0.003312494795317,0.044441833616642
C[T>A]G,0.001863698278221,0.021752245421137,0.034049521568877,0.010606829670601,0.009483697800403,0.01422430544967,0.004868142615591,0.105962805472508,0.00086906776525,0.014834284341514,0.007750208605604,0.157763050867867,0.169085362801136,0.020525598992373,0.00554263274357,0.003275437842106,0.008343862897509,0.017984783702699,0.006508208164969,0.007841262462236,0.048977854682635,0.188689345425673,0.002677677390469,0.082312986335262,0.007592016179326,0.031207446133892,0.004828598710119,0.005059270729255,0.007248872049995,0.017245468078282,0.012722821302817,0.010124588289342,0.001581305598775,0.048509887838658,0.038081760002021,0.015207268105663,0.008107237451091,0.019640390581587,0.015801024690578,0.017260690817741,0.001972521411346,0.027099317618864,0.041504207813055,0.00510793817354,0.029948551902009,0.123539196453852,0.005586292320396,0.000988197843873,0.004771005457154,0.068097348927626,0.078479929917774,0.004387955276309,0.12818749079859
C[T>A]T,0.003292282289059,0.005983831481456,0.027145113186756,0.013540070030648,0.003695406994265,0.009372855998118,0.00054151661825,0.04787504275849,0.002655637290246,0.000598259878504,0.007155017213303,0.043197578969439,0.061485719156324,0.005054226315684,0.006820637776185,0.001084085332041,0.000537885774246,0.005564387683878,0.000739983341262,0.000139018190754,0.038070304485167,0.068610848896964,0.005042507174073,0.0703904398428,0.011620242110194,0.011401366450672,0.003513657895382,0.005856344405638,0.002229371007129,0.004483205474706,0.003942928403756,0,0.003456171035094,0.019043359787817,0.027672395331365,0.009744809516424,0.008844765969988,0.03384754184232,0.031639023721636,0.029789892530328,0.000921425979266,0.042570727443829,0.038488172944594,0.005603553323034,0.042127949662616,0.064266062353389,0.008954194394521,0.00010172684405,0.003889179883394,0.058836395354647,0.061203799143053,0.007023275965774,0.056496540077948
G[T>A]A,0.000747962335641,0.002543157420185,0.005746887516037,0.014259419809467,0.005537884105992,0.005008657307162,0.000261159391669,0.022290966053211,0.000990111589454,0,0.035363433399174,0.036277700727212,0.036067900141734,0.004644106047613,0.003178386611918,0.00092772812331,0.002377993535799,0.012732791802232,0.002634595861561,0.001693070864675,0.017214487183698,0.043455571770488,0.004145116479492,0.038521692940345,0.009724126775458,0.004364325166989,4.68997499274747E-05,0,0.007653661906016,0,0.002288980356352,0,0.000776692210592,0.022324939817205,0.007808909133244,0,0.009102644992275,0.002140955150585,0.017585775210245,0,0,0.004224605510814,0.02225258729354,0.006570851887776,0.001354951085258,0.022126363676068,0.017651126924758,0.000449460575443,0.000554992809505,0.028283700971138,0.036624363768375,0.003409926557361,0.029279618922679
G[T>A]C,0.001558390283913,0.000994061839866,0,0.002065410143204,0.002316315619606,0.004075395495538,0,0.001898404643076,0.001128800205986,0.005862714023398,0.010153956601055,0.011138027862335,0.010821026824281,0.000522140680924,0.002610942268848,0.000153237346462,0,0.008187105322435,0.004305026236601,0.001412604196376,0.006147796277666,0.00858894576308,0.000603564514851,0.018358075730111,0.009110501695632,0.002577025998393,0.000294397886773,0.002917551442942,0,0,0.001636382686622,0.001661895142983,0.000430094858615,0.008783870581083,0.007679143487771,0.00995879605062,0.007442474512393,0.006059017258651,0.007257669120566,0.012292849631599,0.003983686037107,0.010657264005904,0.002526925794658,0.00463867559846,0.002876370238321,0.018444243011754,0.001428814300287,0.00160991587524,0.000280300378773,0.017980363772973,0.015070020541882,0.001343223731137,0.00643000231651
G[T>A]G,0.000232279778084,0.009110789117436,0.008940249101365,0.013716041543023,0.001727741859108,0.008132105586469,0.000845010677744,0.022240333161795,0.000859655379918,0.000836167114236,0.00765101004022,0.04340495278113,0.055099611170603,0.010125684025872,0.00778155231624,0.00138820843713,0.001949057343304,0.011304882173073,0.002291943476937,0.003810747549851,0.021620317428502,0.058164627245834,0.001786825311466,0.056108989488409,0.010980960493234,0.010749872348012,0.002554361379979,0.001420311347863,0.002416498404832,0.000518711216503,0.007918308208294,0.002530779937915,5.47088525279101E-05,0.024502909929481,0.00954026054576,0,0.000692461394477,0.006929029993226,0.020298420528691,0.002053022793807,0.002166596221518,0.00245507100591,0.026548583669059,0.002996654295136,0.002074697824122,0.051802842223125,0.003058726380726,0.000138895099906,0.005475918704624,0.04723213433817,0.052217167545958,0.003677451803563,0.039447946373022
G[T>A]T,0.002839390347321,0.001628229491391,0.00843180215871,0.000620553730374,0.001650281003278,0.005066750131216,0.000868147510657,0.004708201331632,0.0012709189921,0.005883664758443,0.004429194565372,0.015036117524021,0.020091027032991,0.000978370460438,0.001725409875041,7.37242828066294E-05,0.00138674940829,0.01348431060476,0.01528976909239,0.000751942305455,0.012154141454455,0.012094421370626,0.004559472663854,0.023511803735979,0.011113132799695,0.00100424982387,0.0001908397433,0.000553083246779,0.0023680251089,0.000293362741719,0.000159036826449,0.000182955319496,0.000262029957631,0.00043993969543,0.006305410423452,0.010951993025661,0.001390499045729,0.011482396375825,0.019905579351881,0.000378226865086,0.008234954865584,7.96923005782752E-05,0.000294050366091,0.000984313612789,0.000362841474297,0.037726969555396,0.002835648710351,0.000466485903969,0.000814937695212,0.022113409364936,0.022954456048289,0.003634461239599,0.009358507465482
T[T>A]A,0.000283890284254,0.003933815503141,0.000743509560154,0.008447921238072,0.000121540282297,0.00379414555362,1.97714753979746E-05,0.034295827336843,0.001600791540444,0.003309401386287,0.001992202223117,0.026602832051325,0.03861260107324,0.000714125227364,0.009133077386507,0.003836177969637,0.001173988048062,0.006958489723883,0.005224902079791,0.011409646768809,0.010884468218663,0.051322454320898,0.002265195914069,0.04007548653348,0.013039056093755,0.004824579611679,0.000271858333042,3.4216069657488E-05,0.012160120516454,0,0.003497104403113,0,0.002972124920112,0.032391380859078,0.03016168439442,0.022956699980772,0.031861817066234,0.012096244134904,0.006465988508321,0.003990410967347,0.003392015487513,0.00025924594077,0.003781773810991,0.000174853827077,0.005330895769114,0.0346625648291,0.023789830961286,3.21072188384916E-05,0.007621589482253,0.034485890393376,0.035365395481933,0.003462666468001,0.027209970665097
T[T>A]C,0.007122574854653,0.001290813353792,0.000419485835595,0.001681680563739,0.002125406949204,0.005387407492582,0.006515485118963,0.013311189882154,0.001092495291132,0.008253658463911,0,0.006780438917432,0.008023100036181,0.002164570502947,0.00487546583473,0.000212220781095,0.000768242351166,0.004595236794809,0.001020484415696,0.002834235172256,0.014966723316156,0.032904069850418,0.002654952271993,0.018027322071395,0.007679532647102,0.002542997183024,0.000107381492652,0.003410813977333,0.00297467575193,0.012045900288462,0.000896024779956,0,0.003099256495706,0.00412564343419,0.01283406232656,0.008120882552836,0.00918052975902,0.015225200597275,0.01731307825843,0.009089389437133,0.000920051998309,0.000938176554427,0.00848009466578,0.006251473902599,0.006907086549983,0.022802806530844,0.003968268810414,0.000237767519078,0.001880117943879,0.015874388415053,0.018917530708336,0.001184078428328,0.009834927615998
T[T>A]G,0.004311849788467,0.006014085877937,0.001174628771288,0.009403092889047,0.004021128820162,0.00756617180641,5.13217020968701E-05,0.021840662104621,0.003274138027884,0.000691839828372,0.014331627217777,0.048303669993142,0.039056622031292,0.005800473216599,0.004425168073589,0.001099036620603,0.007695056877242,0.010757404123265,0.000874492628417,0.003402546165178,0.01902504154674,0.061857408271803,8.63737400419285E-05,0.035026321438947,0.007697970945655,0.008979108741131,5.01404935171838E-05,0,0.012672005643378,0.006156520331103,0.004889427593236,0.000626576077472,0.000822865094163,0.019482821936766,0.013574309336923,0.003378117450034,0.009207496902435,0.008792497199635,0.010753131952692,0.000123258880945,0.00087900431722,0.00012157643739,0.005148202020295,0.004473781799508,0.000814053224415,0.040594895684461,0.011728943022296,0.00051944459532,0.000876023579074,0.03398042478654,0.034075667466462,0.004423356158999,0.023885655073473
T[T>A]T,0.010893261835666,0.002689615847189,0.017134593535847,0.004196541136026,0.000585784311396,0.011289998283579,0.006752972279933,5.89182736472371E-05,0.005380810978255,0.00235218558068,0.031543861051885,0.010558799548219,0.016374919343551,0.002973105461798,0.00564149075892,0.001118116549169,0.017520437020139,0.007220549763443,0.008614426758964,0.000593800072226,0.026589025729074,0.022140797906349,0.002700448233529,0.033871259471134,0.017765842958431,0.003417238129793,0.00014350303918,0.006138914027877,0.013095802016721,0.013359477034204,0.002233854579382,2.74127033894095E-05,0.013784606725153,0.031809490472231,0.028059549506134,0.00708775806121,0.041664419404715,0.021179294605035,0.016980935877854,0.002039172053577,0.001697553472333,0.005591251162794,0.006506619343949,0.00595090930388,0.001690713275373,0.033850536917964,0.008707582454947,0.001231876654187,0.000198723169195,0.027652528503902,0.037016674211446,0.004221652225307,0.013116293971797
A[T>C]A,0.005176130764902,0.000775264341655,0.080131546104693,0.036389161930303,0.112723170871628,0.041128519873803,0.006240328899449,0.055582552457977,0.000522291341206,0.001442108928924,0.010188056107906,0.0473216278316,0.008867465965204,0.001701951701637,0.008791812734123,0.001362367693539,0.104464209112253,0.05646290837237,0.014058225388719,0.001990520608514,0.108558787876516,0.01215133319016,0.002212155396098,0.079095604067344,0.027216686473189,0.000763623134867,0.000510216844708,0.002879087069334,0.039316828317022,0.009524455717877,0.005258874309834,0.005505425390086,0.000164427282777,0.111929970673871,0.014571962018676,0,0.007129015750457,0.009002966919707,0.013686056604671,0.003378881725543,0.000831258478965,0.001316047365899,0.003693209019647,0.074984659654599,0.00336995785336,0.041354354452635,0.049907101568951,0.00020796813312,0.004114448633631,0.071934440346753,0.079686497634676,0.014001243032886,0.016013929357519
A[T>C]C,0.000947254290196,0.000421731668777,0.000219494423764,0.001896597764775,0.089771062555419,0.025751288709617,0.004568013913612,0.000152819272273,3.90490505194553E-05,8.07767228953357E-05,0.01860806881986,0.001262045716242,0.003829220103769,0.000169410438725,0.000863120586761,8.27799001637393E-05,0.072092001587511,0.038746365692703,0,0.000903864161782,0.001832682812807,0.000969172221983,0,0.001360863349959,0.006520313451075,0.000234212788869,0.000580566469599,0.000510140931169,0.001184724742453,6.96531649332862E-05,1.50191739517565E-05,0.000133636929023,8.59380072478589E-05,0.000625585889839,0.002866929376102,0.005638139662211,0.011931544043561,0.010433074835741,0.016215575982561,0.00395813493048,0.005019495931041,0.001083014148335,0.004678929425242,0.072850861962622,0.004881418528639,0.005929023902767,0.002069242725992,0.002498876905275,9.66158245698796E-05,0.004077986740869,0.003467391280861,0.000723161756497,0.000834745880652
A[T>C]G,4.91404819452767E-05,0.000398355644576,0.028747268509085,0.000478230147543,0.048336401676257,0.012914283926061,0.00051868572693,0.01778345509119,9.45080323183443E-05,5.3191588419551E-05,0.035311696216366,0.005131914932328,0.013593193172214,0.000756762302192,0.001922793386349,0.000199377236743,0.047760984042757,0.022065291415374,3.62701194362275E-05,0.002412782938183,0.035257558221908,0.003543904280125,4.17922701949829E-05,0.035385167827497,0.003180438199442,0.000296041028928,2.38868291556082E-05,0.003993979808845,0.007068465926567,0.000587381042637,0.001706111593944,0.001900899650659,0.000349911112283,0.014824952949733,0.00334185106802,0.005378486030922,7.71534543813746E-05,0.016405041853782,0.013030276837093,0.000540305939979,0,0.003144894306154,0,0.033292258592349,0.0013656123385,0.013606399432208,0.007193107300724,3.62977574889126E-05,0.000137074550063,0.038663442175488,0.043989353023648,0.003269618825844,0.013251628803432
A[T>C]T,4.05278974773545E-05,0.000170056334182,0,0.026927507325584,0.069837230127313,0.026414043863101,0.000389578375008,0.02747406445212,0.00043818358306,0,0.016066426266925,0.000691474280585,0.001801990223876,2.11877488407914E-05,0.001165480470238,5.70761098417325E-05,0.066400476844449,0.035541747731745,0.005118643388176,0.003338143565257,0.033505465053046,4.12654672933183E-05,0.000911382417425,0.018813274547351,0.021018500943888,0.000119096460709,6.01176142315689E-05,0,0.002218465628338,0.001589321333978,0.000500750076685,0.00029811314936,0.001112868277976,0.021966302410129,0.001192472570894,0.003092011839008,0.006072726454987,0.021618173828847,0.021247488285155,0,0.002665179561278,0.000114689448451,0.000639535704327,0.062372255290323,7.07560313348737E-05,0.017444402999839,0.006613918977996,0,0.000118737142105,0.016599198617223,0.023165412943944,0.002337921541013,0.002393285449409
C[T>C]A,0,0.00081240494158,0.001840639520869,0.002663054644953,0.018639313471822,0.011258532984959,0.001257649400267,0.03930861510099,4.59093896830982E-05,0.001491808728169,0.002622668967332,0.012561962096665,0.013557945884394,0.00050266626239,0.000114752442305,0.003761388123593,0.018507000820008,0.017579263378256,0,0.002616001204959,0.043326649752377,0.002947539661139,0,0.034530231198337,0.003003647454496,0.000717803286649,5.48013382304732E-05,0.000692014267871,0.014377651398038,0.001809179500467,0.001358881605574,0.000880633096385,0.001264098351296,0.016740869430674,0.002409252629936,0.000292593832471,0.001307312264346,0.005809329301823,0.00591276105798,0.000529695510537,0.009393049064688,0.00304503296654,0.005437611158986,0.026943951082982,0.005210197822171,0.014346586649057,0.007905219313159,0.001328805635145,0.004901385397963,0.038816524282947,0.034502239820385,0.003643355535076,0.013691299235794
C[T>C]C,0.000413794058285,0.00018812021888,0.004008553268286,0.001729217213135,0.040385705403706,0.01547332753073,6.9678197630773E-05,0.00835074469147,0,0.001349460122836,0.000678676391832,0.000581967213516,0.006911679345717,7.87477998582749E-05,0.000355064207167,3.80997313077076E-05,0.042780482006181,0.039121117696109,0.001125467273963,0.00105144622027,0.004588842059653,3.07319427350985E-05,0,0.00204363742734,0.002279242982554,0.001641114962526,2.18841224428667E-05,0,0.000163758728865,0.00242179957228,0.001214090111982,0.007412566325893,0.001280586188352,0.001574351360554,0.008289916268246,0.001290656973597,0.000244166915465,0.014358704594485,0.000110878258313,0.016277288261415,0.001036153389173,0.007127190246955,0.000183360271526,0.020815075443236,0.006533389437742,0.005691721545925,3.76086850925341E-05,0,0.000960259227689,0.001460584207918,0.003032162590734,9.61976675278678E-05,0.002917655993047
C[T>C]G,0.000155416524248,0.000531561131896,0,0.012235532643145,0.016197963095221,0.00629989456159,0.005957944809819,0.00185526804987,0.003314394498096,0.001686766957059,0.005761427022673,0.003027510923929,0.012147653004974,9.12969634463856E-05,0,0.001361338873861,0.013432997801935,0.014085095368375,0.006782876858388,4.82006879910445E-05,0.022417829388469,0.001049669020825,0.000230131833579,0.019234343515164,2.12433135455109E-05,0.001001007729145,0.000156247536443,0.000350198028374,0.000386762597204,0.000345479698069,0.001018491373985,0.000481313225136,0.000963928342669,0.014778750327716,0.000125840106131,7.97302596798337E-05,0.000404872807411,0.005438514418534,0.007147372782866,0.007077664721993,0,0,0,0.009364778110459,0.00604101298892,0.013674248976812,0.00085428911449,5.52867683782601E-05,0.003424418763837,0.01953372916867,0.017796964682803,0.002519641958505,0.007642103890047
C[T>C]T,1.99226953918351E-05,0.001183544681263,0.002224198755537,0.000295099501223,0.018324258989743,0.006953145533966,0.00823663603146,5.22110594597168E-05,0.002163805854926,0.021013703643007,0.00565838023708,0.001977729911163,0.003281573579042,0.000453345891478,0.004846736159229,0.000721075661704,0.015979553513635,0.01423419025145,0.00036671095631,0.000945815540885,0.022340692177251,0.000428246048532,0.000329674253945,0.012146161402151,0.005291268081828,0.000790245213506,0.000400759819644,0.000313226302099,0.001393306803737,0.001226551262025,0.002227980043753,0.003141813991591,0.006831504824878,0.001992562691108,0.003805116136567,0.000544137186954,0.001287201174341,0.011880610606134,0.008165107171648,0.011224118891196,0.000358265534529,0.007039697377273,1.15077008135118E-05,0.018150456669019,0.006385387916577,0.034435297362888,0.003275270801962,0.001148592229029,0.000199596379097,0.014212823982794,0.011926746276898,0.004701203724332,0.003071605355834
G[T>C]A,0.000793072778061,0.000419317059912,0.000165775601424,0.00800749131776,0.100245597199442,0.045451966587096,0.007619437111832,0.030942746299097,0.000129962265116,0.002649569625345,0.000501123787196,0.011773599249816,0.021646213266379,0.000156547382562,0.006469364290091,0.000204651607753,0.086914036175906,0.055935305087095,0.001134580369299,0.004174191152819,0.026192193247324,0.003022560786463,0,0.029523084456164,0.00170354170543,0.000643964359626,0.000260024157012,0.000692703182026,0.012678148264901,0.012777914079461,0.000613447966991,0.001748661244336,0.000424745420075,0.014186950851394,0.005931798502306,0.007050201240922,0.003588184113007,0.006960324454565,0.001184477025931,0.010323884311756,0.013686396059972,0.004153557084108,0.000380771382166,0.092070430817212,0.000603609356071,0.018422462737771,0.011602892602128,7.838534132575E-05,0.001751406804218,0.024869469751263,0.028026243077467,0.006257872916984,0.01523408436016
G[T>C]C,0.001256754825623,0.00010604962135,0.000553611812393,0,0.088804870954414,0.03315011574603,0.000374740207785,0.000480289141428,0.001786624407709,0.000336375690443,0.000663283510996,0.002033192624007,0.003603943959877,8.12066250323914E-05,0.002157651833176,7.85209875372859E-05,0.078241001964541,0.055915771813362,0,0,0.000118928087372,0.000437306199091,0.000141151792223,2.07596419038242E-05,0.001723850013978,0.000588673026005,0.000162619785075,0,0.001585553052709,0.002144907755446,0.000637162452178,0.004996821839701,0,0.000393617686794,0.002525853147836,0.003079409716586,0.003466786260615,0.009807942374032,0.001599610238526,0.009408973030512,0.000911292869709,0.000749276286389,0.000214640872632,0.073928481672217,0.001004774521896,0.00219558845682,0.00032626171856,0,0.000857317482491,0.000869326838084,0.00087374810959,3.01471660354905E-05,0.001203105881658
G[T>C]G,0.000561605507946,0.000745187451555,0.000241221463373,0.000148909986061,0.060563997794312,0.031938365609607,0.00357091202183,5.91813016545908E-05,0.002062492366158,0.000116974937334,0.000609301533067,0.005971289780496,0.001321955732617,0.000541399298311,2.49389544273527E-05,0.00019749663454,0.069477880243718,0.032092724805562,0.005950851254235,0,0.012979996243096,0.000832511285935,0,0.009361036897024,0.000571475054534,9.22547279559634E-06,2.40324805528985E-05,0.002031722659695,4.62922201739893E-05,0.000439224663579,0.002652902013944,0.000722642917475,4.94461616399188E-06,0.009250075332957,0.00412207343971,0.005247972961086,0.000149004894125,0.008774690962743,0.002364164397587,0.000875519267746,0.001094891075083,0,9.69571477381519E-05,0.06006121751453,8.25387347777901E-05,0.011571483258324,0.001432700247729,0.000285644929263,0.000785888912448,0.010323174830265,0.00943887560457,0.000205124138493,0.006899679692652
G[T>C]T,9.64609460407283E-05,0.000122427195425,0,0.002814828284593,0.095969463686109,0.030956310834915,3.28122357668514E-05,0.000192273473376,0.000459450634467,0,0.000446072859208,0.0134735754165,0.000655796587975,1.03911521321042E-05,0,5.07395159182956E-06,0.07878047130829,0.047640561864647,0.003728167301849,0.000810384916344,0.002941998768501,0.000236267615561,0.000617053267266,0.004093835191304,0.002178225042613,0,0,0.003160738139367,0.007410716773603,0,1.87219619897242E-05,2.83917285104598E-05,0.000447062699346,2.35191641790475E-05,0.007969753393676,0.003072547174673,0.008810394288889,0.003078409007392,0.006154616217313,0.000122369383866,0.00010425080511,0.00103515660275,0.000637310458313,0.07425892635531,2.96511433087605E-05,0.010120643332277,0.001564288143003,0.000286839333999,0.00016070943143,0.004610005309496,0.004090726782221,0.001008017215689,0.003856739116978
T[T>C]A,0.002753492004873,0.000924231351491,0.048709798775108,0.022288531711742,0.022897422852497,0.013475241522531,0.0075064681789,0.053523832244419,0.007730751555369,0.022977485874549,0.017360069627131,0.009677803210958,0.002736809596486,0.000560003972834,0.017222509408137,4.97708220660042E-06,0.03111143986796,0.014989294707373,0.020643894864042,0.000530467955772,0.062545750898693,0.006397477865195,0.001631270275138,0.041352739801836,0.007679906649101,0.001814571423413,0.0007767224889,0.002498232361099,0.051592234266409,0.01205933925205,0.002249006887286,0.000334704213259,0.005124374648466,0.053897686621583,0.017640396700264,0.016900319582338,0.022350368462593,0.007905991438138,0.010524526678083,0.016769370752612,0.007771408040227,0.002903217214718,0.018617743297909,0.022677600702542,0.002836611090535,0.010872005768238,0.030411121095837,0.005520720887635,0.003954418365459,0.045840964711655,0.051350212347526,0.006820540681666,0.003900375412751
T[T>C]C,0.000172771694458,0.000736314742872,0.020364737117363,0,0.043174694706291,0.016611192875044,7.8244562213261E-05,0.010177868744553,0.001414574494187,0.008324658177118,0.000616891078479,0.000643641358926,0.00024837296914,0.000176924242249,0.000188538495471,0.000677891957833,0.03651077844265,0.038381892562364,0.023164030248186,0.002179475406395,0.002875284616088,0.000583719991385,0.001371417461661,0.001593791522805,0.002239075167857,1.06400452909211E-05,2.71639855946399E-05,0.003200580341283,0.002485981246844,0.002087300490801,0.000316309628034,0.00328144744948,0.001669539527212,0.006192464603061,0.003346582285741,0.004901601754715,0.000500766141115,0.008952308175747,0.001884661812583,0.00081363568525,0.000692314654692,0.000471899293107,0.002491957643014,0.034950015356773,0.002940292899765,0.002192281504226,0.004281889056201,0.000919813111693,2.25676248191946E-05,0.001874735035703,0.001794630300204,0.000716612240601,0.000686804297876
T[T>C]G,0,7.18953052535345E-05,0.02080372596489,0.007940768189391,0.003788531679666,0.006495409144385,0.003582576045033,0.000194772239445,0.000810507910149,0.014972326406865,0,0,0.000293617934871,0.000129291043929,0.001095784405599,0.000305171966708,0.000412994926173,0.005463511301696,0.015654110643913,7.98522802252598E-06,0.026378558853966,0.000170713467945,0.001421120084967,0.016476748275376,0.000184869188126,0.000133646349232,9.8278280321626E-05,5.53427703856013E-05,0.000990787046974,0.001614068693754,0.000248036873312,0.001883889089181,0.003314321274544,0.006903531312962,0.002212204268679,9.8945377036163E-05,7.56908296537657E-05,0.00288020333298,0.003326929670015,1.75357995571702E-05,0.008175186693956,8.71414926958212E-05,0.001441387210736,0.001667993459997,1.23808102166685E-05,0.005052567432469,0.00893535969301,1.04662245520178E-05,0.000139927035745,0.018165960410418,0.015955312635708,0.003764949104752,0.001455097101224
T[T>C]T,0.001459719316197,0.000228808336046,0.001097472118819,0.001414501684902,0.020060675729025,0.01072041310523,0.006316431870517,0.001769389405469,0.007998167575968,0.010069621620414,0.021080229619024,1.35477702448806E-05,0.001835011751285,0.00019417525504,0.000800207917726,0.000236264430574,0.014992708190299,0.01480188455659,0.007735377582879,0.000280264144399,0.005364192689543,0.000263415081254,0.001010101795271,0.011189921906236,0.008014227036044,0.000299116186527,0.001148570506182,0.000566057796683,0.017195378718879,2.26987372782592E-05,0.001150452082961,0.000123112408972,0.009042407532338,0.00087343251337,0.015472333321557,0.005661597078204,0.015483619608605,0.014252178782275,0.009386827116802,3.51986701256243E-05,0.001013997946242,0.00150143386407,0.000350571614838,0.020516793350962,0.000778017291297,0.003602981867751,0.014029788215864,0,0.002960724900828,0.015067486733592,0.012505993934631,0.000214961634778,8.85188863352628E-06
A[T>G]A,0.000210212061655,0.000503340227638,0.000949659817859,0,0.000972015725504,0.001815252454844,0.002637637194727,0.00447778879719,0.00086997333002,0.000934519175975,0.007354697084139,0.001597805437292,0.000768288708418,0.001550936675717,0.000723196426454,0.000898299872142,0.001063419706375,0.003534259029746,0,0,0.002112198342457,0.003514095944971,0.007034544420588,0.000692103439524,5.52400952583092E-05,0.000187031085143,6.11735868619235E-05,0.001299636551856,0.000227766625606,0.001811473957665,0.000974399073281,0,0.00025418796989,0.014090008915793,0.000853401967532,0,0,0.000136640610355,0.000177038155684,0.00039538145161,0,0.000454541269965,0.000456175432801,0.00140215062599,0.00045049402199,0.005115855663151,0.001050238014281,0.000422151219697,0.001817712542832,0.000513914587968,0.000728982450388,0.000465315337285,0.004304430574781
A[T>G]C,0.001986841985953,1.42422767214902E-05,0.001406269807746,0,0,0.000671072959697,0.000811892500385,0.000777116247727,0,0,0,0.000397531684297,0.002210034136597,4.04725239431044E-05,0,0,0,0.002930885765871,0,0,0.000256170508353,0.000645447764736,0.006120372803511,0.000203024307134,0.001869972595004,0.000208223314079,0.000162474133677,0,0.000381866304685,0.000674488471254,0,0,0.000158140969596,0.000774699778466,0.000614012636088,0.000916710826084,0.000617593291233,0.000822002668354,0.000303404454925,0.000456629679048,0,0.000580896434374,0,0.001363624683869,0.002489335345026,0,0.000283164132705,0.000150191334529,0,0.000319540055283,0.00053301224978,0.00021646899308,0.00097703120246
A[T>G]G,0.000195001912481,0.00174895993464,0.003823616813033,0.010588359105022,0,0.001384697232315,0.001381708715916,0.016681893796392,0.002693780775996,0.000682062818684,0,0.002829136353123,0.004837015227558,0.002548284558111,0.001146028085785,0.000565299669285,0.007463539016021,0.008903143230892,0.002468737526451,0.001633065926563,0,0.000601444460683,0.000350936185718,4.86591839118329E-05,0.010826796869229,0.001868553618514,0,0,0.000297783608619,0.007660209244663,0.002065115616187,0,0.0001431336258,0.000777803830591,0.002509259601625,0.000873414425288,0.000367027392584,0.002196844476632,0.009303791521658,0,0.007037358713968,0.003748489693867,0.003795316022445,0,0.004280425889704,0.00593655007074,0.002980339534658,0.000131283300232,0.000169208674483,0.000505911011356,0.000734566117634,0.007465919223807,0.005049571055692
A[T>G]T,0.001690374078344,2.78006317968972E-06,0.017906673297691,0.00063544472898,0.000110995551626,0.001972829404866,0.000331411229785,0.017066703771151,0.001348879886355,0,0,0.00038745644722,0.002350548945493,0.000221451211958,0.000817033398979,3.00395303919178E-05,1.37594594524214E-05,0.003564924903544,0,0,0.00027773999282,0.000195441961401,0.008262386687049,0.00036048848508,0.000867871638774,0.000638499365266,0,0,0.002444896901439,0.00065752587697,3.19271858464763E-05,0.003991607796662,0.000758446287788,0.002164956970674,0.000459048113621,0.002798544592111,0.000743653259944,0.001450407026092,0.000610479486023,1.35330627017292E-05,0,0.003502525803193,0.009198340500533,0.000400579881137,0.000206630937662,0.001696808779343,3.02253849516685E-05,0,0.000261244998229,0.000119889192126,0.000309051026148,0.001588958394169,0.000463909268205
C[T>G]A,0.000784395192956,6.18400908233328E-05,0.001381463345201,0.001125415856193,0.004131756532346,0.002333236916206,0,0,0,0.000875857117849,0.001315343046384,0.001102407008374,0.003816814226068,0,0.000829968403342,7.86145165988865E-05,0.003738807594687,4.40181640595426E-05,0,0.000181692869498,0.000660729863349,0.006080581506852,0.000312527534773,0.003156608597357,0.001004943371422,5.55285600649227E-05,0.000529260764904,0,0.005620498693625,0.002115407591474,0.000178940352262,0,0.000406615160807,0.011433656616383,0.008516449029794,0.000726181707882,0.00216148510527,0.002969078712871,0.005762804592356,0.000430770728252,0,0.002463855430577,0,0.000368659374335,0.001476202280967,0,0.000746891242046,9.29206396397708E-05,0.000144855820529,0.002018744595701,0.001935451048937,0.000789511966658,0.003265292348642
C[T>G]C,0.001504602256387,0.000290849426743,0,0.006814063689087,0.003596243611357,0.003614225209731,0,0,0.000341096063216,0,0,0.001852669808217,0.007980445709617,0.000102963304166,0.001379456699225,0.000132126501129,0.007905882763634,0.001829366213087,0.004202959568841,0.000356442062455,0.000568829392184,0.002020006747613,0.001778686335432,0.00038963569847,0.000591297160483,0.000152132439482,0,0,0.002054662387722,0.001194346916356,0.000140664341083,0.001633748170753,0.000894830946263,0.001858849676486,0.009374839346445,0.014448770064045,0.00119569571482,0.007321590743321,0.006788775395967,0.000844704547509,0.003246030010836,0.005188081208281,0.000903767773835,0.003111125451707,0.000608573642293,0.002715122112646,0.000159202409287,0.000303763441785,0,0.00041713846426,0.000882120306514,0.00133740585699,0.003583257301362
C[T>G]G,0.004768609268135,0.002656774556237,0.008202385149928,0.000471786926992,0.005963382380534,0.012476346815293,0.001625047009838,0.008112572830811,0.002851294163193,0.013800132781103,0,0.00991863072246,0.008280594974218,0.002982437226488,0.000411359740294,0.001291703147176,0.00253990471979,0.00288775547789,0.002112962284544,0.000780064195447,0.001240311117455,0.001589781539978,0.000124873840156,0.001299067393815,0.003775699781115,0.005239497447202,0,0,0.000523903299469,0.002350999178748,0.005819701082326,0.001530583398622,1.72223005103717E-05,0,0.018113878456354,0,0.00195013583213,0.008541896673167,0.041897165048398,0.000148546012191,0,0,0.009738948124938,0.006291901933425,0.000967019031802,0.001470909707308,0.000815393209307,0.001416017425029,0.002162882715045,0.002514425007844,0.002584986835067,0.002022971805551,0.009650875440601
C[T>G]T,0.002478831811143,0.000115828134657,0.000700397639041,0,0.002294245253086,0.00750223938148,0.000560867423959,0.010462070506499,0.000358356676552,0.001225618000127,0.000617853133531,0.001081033811273,0.000451683411926,0.000373859136181,0.000144413172104,0.000389161064025,0.003458375031064,0.001568173560158,0.000836946675634,0,6.01380900754166E-05,0.002553071261295,0.000647643014269,0.000934256331107,0.00015214401321,9.77900116333212E-06,6.54703030819872E-05,0.005363770785401,0.002228747842627,7.04726139325013E-05,0.000418381764802,0.000144773339775,0.001780408809645,5.15750199256269E-05,0.008928322102948,9.42039844417441E-05,0.006750835844325,0.017157422135886,0.007356461335382,7.98641305918949E-05,0.001016574160536,0,0.00157916172821,0.008178843095008,0.000944081637029,0,0.000230035945014,0.001511488827326,4.52322729609137E-05,0.000831837482224,0.001064993668683,5.31365838777593E-05,0.000941080391223
G[T>G]A,0,0.000408282949996,0.002375090479434,0.001811260888148,0.00229865932639,0.002664413468313,0,0,0.000432667870373,0.001451420366722,0.002515132591496,0.001717338832522,0.002724695621791,0,0.001643610104519,5.20288808389316E-05,0.000502061913063,0.002458761075887,0,0.000378517167459,0,0.000811730115356,0.000711245911251,0.001487015000954,0.000250880540956,0.000131335587951,0.000254052449724,0,0,0.006422759310948,0.00044009924071,0,0,0,0.001964466737851,0,0.004185300658053,0.002580947264203,0.003205173972553,0.002587356396256,0,0,0,0.000749284615792,0,0.002624465998427,0.000965925098363,0,0.000325610270392,0.001109482103084,0.001516140766379,0.000354220385956,0.000219347882962
G[T>G]C,0.000823558077046,6.31818302358779E-05,0,0,0.000691814030555,0.001578583845115,0,0.003193554551285,0,0.007162008775099,0,0,0,0,0.000789101770021,0,0,0.004644343171781,0.004014136233485,0.000706808407936,0.00085955710812,0,0,0,0.000531195039237,0.000506548745795,0,0,0.001030357992873,0,0,0,0,0.003220812239707,0.000408753212193,0,0,0.003699690870373,0.007571727199019,0.001554459681035,0.010234268905592,0.001706989401275,0.006178427346163,0.002151089407472,0.002010520967298,0,0.000656470102492,0.0004567282246,0,0.000403324071752,0,0.000831814963676,0.000967971598028
G[T>G]G,0.000221164669072,0.002490897453183,0.00125623347911,0,0.004088566051197,0.006371255011561,0.002429635154708,0,0.000181716663767,0,0.004884781080097,0.001153908098872,0.005026387301869,0.001862298492247,0.001139809973148,0.000844370347159,0.006017634489215,0.00402513839444,0,0.000161064363773,0.000248608036665,0.001065568265618,0.000291951471767,0.0012575561595,0.000302156215025,0.003706311730219,5.82969717654402E-05,0,0.000964391579125,0.000487490209633,0.002917905145254,0,0,0.00439080111765,0.004298654141693,0,0.005377979709373,0.000530759406178,0.030357455479604,0.000641263858444,0.002076085225978,0.004204366196381,0.00163123248493,0.004067495652258,0.001450767790413,0.001292790398617,0.003002440860737,0.000492216216166,0.002465867146624,0.002066252127081,0.00097973206102,0.002120421197516,0.002779061621192
G[T>G]T,4.58904500705891E-05,0.000208207154249,0.000153971146834,0.000760872755701,0,0.000112059699861,5.74022912424755E-05,0,0,0.000160273123093,0.000630039164192,0,0.003018970338422,0,0.001937823262884,5.04722900280083E-05,0.000191928623666,0.002000138932117,0,0.000176658704006,0.000513327426057,7.37786532209341E-06,0.000268723382862,5.68294190930588E-06,7.67452102031485E-05,0.000225277259504,0,0,0.00025536391071,0.000603032518522,0.000236712166526,0.000265805320365,0.001044360765603,0,0.001100556667192,0.000706717043547,7.26741661530721E-05,0.00083199641881,0.003795868157738,6.72841004747945E-05,0.005436499151481,0,0,0.000241599848884,0,0,0.000359486569194,1.50009137196231E-05,0.000127682692442,0.000573831774523,0.000341945103723,7.00789385912718E-06,7.52570315233011E-05
T[T>G]A,0.001354320782501,0.000572186599751,0,0.016513831088826,0.005716500808373,0.005211896508721,0.000458300505163,0.014880283460023,0.00037141876232,0,0.005783981868897,0,0.00537973588908,0.000103676101889,0.002637477316358,0.000122646662671,0.005340781693542,0.000786883589727,0.004065898614992,0.001277694347575,0.003799287135114,0.003114602680072,0.003453349241221,0.002648025543938,0.000948207268168,0.000126283543325,0,0.010046549929398,0.010046212989259,0.005975176267577,0.000897356119475,0.018749065336955,0.000297023960448,0.001829958114398,0.006869025305552,0.00512307469827,0.010933851151241,0.008185438068372,0.024612556136874,0.001024954777015,0,0,0.005053279383197,0.00673788985945,0.001749372597209,0.002579765121982,0.001894727255064,0.002370225344293,0.000309659636169,0.001543922819866,0.002513390344404,0.003000092583534,0.000267505991882
T[T>G]C,0.003287732244434,1.25168102785091E-05,0,0.000785356993794,0.000631304442345,0.002002007636326,0.001732585479507,0.008679924242673,0.000820496563972,0.006505203231441,0.003588465344746,0.000235740984044,0.002371164595201,0.000593943607551,0.000721068302343,2.3833209089996E-05,0.000699233911303,0.001511404129644,0.014049659079104,0,0.000692952568802,0.001278151943915,0.005823711699545,0.000696522611065,4.61892468815246E-05,0,3.78693632954765E-05,0,0.002542956287058,0.001788857165287,0.000276918620008,0.003944247456432,3.23279583119469E-05,0.019570451715992,0.003962394841615,0,0.000518317637846,0.006821458064598,0.006601217906127,0.000368505932723,0.001847145649023,0.000470142408173,0.004094770557427,0.000393732361802,0.000710625610564,0.001298263975324,0,0.00010759764699,0.00012069701322,7.76031722011445E-05,0.001175874066775,0.000747288304286,0.001960517572804
T[T>G]G,0.001372520960999,0.002230761851202,0.007431502941448,0.002153467490731,0.004299859157343,0.008731798323281,0.006392879025876,0.022834776458415,0.000169477818699,0.001743450334653,0.000591877647121,0.006527237449715,0.004307503176999,0.000480543375252,0.001767606585932,0.00166044481286,0.009038838766373,0.002702052781105,0,0.003393056473905,0.003957408554017,0.004424069319124,0.002827928374999,0.003207827519976,0.001274150010332,0.001426179018718,7.71952405638559E-06,0,0.005998982105297,0.001965038700118,0.007164811644747,0,9.74638786102399E-05,0.014941474291046,0.010521336823395,0.003483301501537,0.003643398196474,0.005584748139015,0.031855677242119,0.000297219095393,0.005285704741454,0.001979095739758,0.005200972140047,0.007225827487264,0.002537662372345,0.023442872907084,0.005796898528197,1.68026428978235E-05,0.00240588732864,0.002923196719498,0.00185175551126,0.002862746678856,0.00986432739052
T[T>G]T,0.001926033889577,0.000249696660519,0.000372439096285,0.000933121518424,0.003396690714068,0.009032616860003,0.000604999498638,0.01805384788275,0.000160394729646,0.000391080387505,3.14271317055504E-05,0,0.000530241808071,0.000152800289943,9.00795033915981E-05,1.07558420840627E-05,0.003905610248918,0.000352780485363,0.003965290042485,0.003170916688554,0.001516078291573,0.000117375130124,0.000380885788539,0.001973759780436,0.0052239851222,0,0,0.000820611576651,0.00590915739346,0.000273040406538,0,0.012559301387254,0.003436132327482,0.001073046942342,0.008098199097973,0.002560851094944,0.022352928055866,0.014757497527493,0.020047612744545,0.000116524117347,0.007568058858596,0.000133312428745,0.000246112209111,0.005605939579772,0.00094997298875,0.016845844580298,0.001655814348861,7.7656551995242E-05,0.003344335713425,0.001953297540717,0.001315961339692,0.002191134813287,3.31067026149214E-05
