"Chr"	"Pos"	"Ref"	"Alt"	"Mutation_Type"	"Variant_Gene"	"Variant_Group"	"Signature"	"Probability"	"Signatures_Count"
"chr1"	"  5212240"	"GG"	"AA"	"CC>TT"	"MIR4689"	"intergenic"	"DBS1"	1	1
"chr1"	"  7948559"	"TG"	"GT"	"TG>GT"	"PARK7"	"intergenic"	"DBS1"	1	1
"chr1"	" 15030929"	"CC"	"TT"	"CC>TT"	"KAZN"	"intronic"	"DBS1"	1	1
"chr1"	" 55418580"	"AG"	"GT"	"CT>AC"	"LINC01753"	"intergenic"	"DBS1"	1	1
"chr1"	" 80471962"	"GC"	"AA"	"GC>AA"	"ADGRL4"	"intergenic"	"DBS1"	1	1
"chr1"	" 83129492"	"TC"	"GT"	"TC>GT"	"LINC01362"	"ncRNA_intronic"	"DBS1"	1	1
"chr1"	" 94276320"	"GG"	"AA"	"CC>TT"	"ABCD3"	"intergenic"	"DBS1"	1	1
"chr1"	"123712738"	"AT"	"CC"	"AT>CC"	"NONE;NONE"	"intergenic"	"DBS1"	1	1
"chr1"	"145880108"	"CC"	"TT"	"CC>TT"	"ANKRD35"	"intronic"	"DBS1"	1	1
"chr1"	"150053313"	"GG"	"AA"	"CC>TT"	"OTUD7B"	"intergenic"	"DBS1"	1	1
"chr1"	"151676559"	"GC"	"AA"	"GC>AA"	"SNX27"	"intronic"	"DBS1"	1	1
"chr1"	"161216290"	"GG"	"AA"	"CC>TT"	"FCER1G"	"intronic"	"DBS1"	1	1
"chr1"	"166112594"	"GC"	"AA"	"GC>AA"	"FAM78B"	"intronic"	"DBS1"	1	1
"chr1"	"171237545"	"CG"	"TT"	"CG>TT"	"FMO2"	"intergenic"	"DBS1"	1	1
"chr1"	"177272684"	"GG"	"AA"	"CC>TT"	"BRINP2"	"intronic"	"DBS1"	1	1
"chr1"	"185193893"	"TA"	"CT"	"TA>CT"	"SWT1"	"intronic"	"DBS1"	1	1
"chr1"	"189445613"	"GT"	"TA"	"AC>TA"	"LINC01037"	"intergenic"	"DBS1"	1	1
"chr1"	"210898301"	"GG"	"AA"	"CC>TT"	"KCNH1"	"intronic"	"DBS1"	1	1
"chr1"	"225354660"	"TC"	"AA"	"TC>AA"	"DNAH14"	"intronic"	"DBS1"	1	1
"chr1"	"231842555"	"TC"	"AA"	"TC>AA"	"TSNAX-DISC1"	"ncRNA_intronic"	"DBS1"	1	1
"chr2"	" 14342319"	"CC"	"TT"	"CC>TT"	"LINC00276"	"ncRNA_intronic"	"DBS1"	1	1
"chr2"	" 43132675"	"GG"	"AT"	"CC>AT"	"ZFP36L2"	"intergenic"	"DBS1"	1	1
"chr2"	" 90000786"	"GA"	"CT"	"TC>AG"	"LSP1P4"	"intergenic"	"DBS1"	1	1
"chr2"	"118681674"	"GG"	"AA"	"CC>TT"	"EN1"	"intergenic"	"DBS1"	1	1
"chr2"	"123803563"	"TC"	"AT"	"TC>AT"	"LINC01826"	"intergenic"	"DBS1"	1	1
"chr2"	"153768821"	"GC"	"AG"	"GC>AG"	"RPRM"	"intergenic"	"DBS1"	1	1
"chr2"	"165708166"	"TG"	"CA"	"TG>CA"	"GALNT3"	"intergenic"	"DBS1"	1	1
"chr3"	"  3222980"	"CC"	"AA"	"CC>AA"	"LOC100130207"	"intergenic"	"DBS1"	1	1
"chr3"	" 18330855"	"CA"	"TG"	"TG>CA"	"LOC339862"	"intergenic"	"DBS1"	1	1
"chr3"	" 26163842"	"GG"	"AA"	"CC>TT"	"LRRC3B"	"intergenic"	"DBS1"	1	1
"chr3"	" 49171568"	"CC"	"TT"	"CC>TT"	"KLHDC8B"	"upstream"	"DBS1"	1	1
"chr3"	" 54958974"	"GC"	"AT"	"GC>AT"	"CACNA2D3;LRTM1"	"intronic"	"DBS1"	1	1
"chr3"	" 55690241"	"CC"	"TT"	"CC>TT"	"ERC2"	"intronic"	"DBS1"	1	1
"chr3"	" 69350701"	"AT"	"GA"	"AT>GA"	"FRMD4B"	"intronic"	"DBS1"	1	1
"chr3"	" 89528353"	"TA"	"CT"	"TA>CT"	"EPHA3"	"intergenic"	"DBS1"	1	1
"chr3"	"106430433"	"AT"	"GA"	"AT>GA"	"LINC00882"	"intergenic"	"DBS1"	1	1
"chr3"	"127092154"	"GG"	"AA"	"CC>TT"	"C3orf56"	"intergenic"	"DBS1"	1	1
"chr3"	"166945073"	"GG"	"AA"	"CC>TT"	"ZBBX"	"intergenic"	"DBS1"	1	1
"chr3"	"168032761"	"GC"	"AG"	"GC>AG"	"GOLIM4"	"exonic"	"DBS1"	1	1
"chr3"	"195148305"	"AC"	"TT"	"AC>TT"	"XXYLT1-AS2"	"ncRNA_intronic"	"DBS1"	1	1
"chr4"	" 23791053"	"TT"	"AG"	"TT>AG"	"PPARGC1A"	"downstream"	"DBS1"	1	1
"chr4"	" 49640381"	"CG"	"AA"	"CG>TT"	"CWH43"	"intergenic"	"DBS1"	1	1
"chr4"	" 60265761"	"GA"	"TT"	"TC>AA"	"LINC02429"	"intergenic"	"DBS1"	1	1
"chr4"	" 61024587"	"GC"	"CA"	"GC>CA"	"LINC02271"	"intergenic"	"DBS1"	1	1
"chr4"	" 67373374"	"GA"	"AC"	"TC>GT"	"MIR1269A"	"intergenic"	"DBS1"	1	1
"chr4"	"126545827"	"TC"	"AA"	"TC>AA"	"INTU"	"intergenic"	"DBS1"	1	1
"chr4"	"164397064"	"AG"	"GA"	"CT>TC"	"SMIM31"	"intergenic"	"DBS1"	1	1
"chr4"	"172523298"	"CC"	"TT"	"CC>TT"	"GALNTL6"	"intronic"	"DBS1"	1	1
"chr4"	"174425911"	"GG"	"TT"	"CC>AA"	"HPGD"	"intergenic"	"DBS1"	1	1
"chr4"	"180930288"	"CC"	"AG"	"CC>AG"	"LINC00290"	"intergenic"	"DBS1"	1	1
"chr4"	"182206369"	"GA"	"TG"	"TC>CA"	"TENM3"	"intergenic"	"DBS1"	1	1
"chr5"	" 21801991"	"TC"	"CA"	"TC>CA"	"CDH12"	"intronic"	"DBS1"	1	1
"chr5"	" 27656999"	"TC"	"AA"	"TC>AA"	"LINC02103"	"intergenic"	"DBS1"	1	1
"chr5"	" 36977767"	"CC"	"TT"	"CC>TT"	"NIPBL"	"intronic"	"DBS1"	1	1
"chr5"	" 92037297"	"CC"	"TT"	"CC>TT"	"NR2F1-AS1"	"intergenic"	"DBS1"	1	1
"chr5"	" 97593565"	"GA"	"TT"	"TC>AA"	"LINC01340"	"ncRNA_intronic"	"DBS1"	1	1
"chr5"	"102215115"	"GG"	"AA"	"CC>TT"	"ST8SIA4"	"intergenic"	"DBS1"	1	1
"chr5"	"110908088"	"GG"	"AA"	"CC>TT"	"TSLP"	"intergenic"	"DBS1"	1	1
"chr5"	"123484458"	"GA"	"TT"	"TC>AA"	"CEP120"	"intergenic"	"DBS1"	1	1
"chr6"	" 20754279"	"GG"	"TT"	"CC>AA"	"CDKAL1"	"intronic"	"DBS1"	1	1
"chr6"	" 32758756"	"TG"	"CA"	"TG>CA"	"HLA-DQB2"	"intronic"	"DBS1"	1	1
"chr6"	" 37846873"	"GG"	"TT"	"CC>AA"	"ZFAND3"	"intronic"	"DBS1"	1	1
"chr6"	" 62620137"	"CC"	"AA"	"CC>AA"	"LGSN"	"intergenic"	"DBS1"	1	1
"chr6"	" 84065909"	"TG"	"AT"	"TG>AT"	"MRAP2"	"intronic"	"DBS1"	1	1
"chr6"	"101722090"	"AC"	"TT"	"AC>TT"	"GRIK2"	"intronic"	"DBS1"	1	1
"chr6"	"108529588"	"TA"	"CC"	"TA>GG"	"FOXO3"	"intergenic"	"DBS1"	1	1
"chr6"	"141313086"	"CT"	"TA"	"CT>TA"	"NMBR"	"intergenic"	"DBS1"	1	1
"chr6"	"144547415"	"GA"	"TG"	"TC>CA"	"UTRN"	"intronic"	"DBS1"	1	1
"chr6"	"162248234"	"TA"	"AT"	"TA>AT"	"PRKN"	"intronic"	"DBS1"	1	1
"chr7"	"  2466393"	"GC"	"TT"	"GC>AA"	"CHST12"	"intergenic"	"DBS1"	1	1
"chr7"	"  5232966"	"CC"	"TA"	"CC>TA"	"WIPI2"	"UTR3"	"DBS1"	1	1
"chr7"	" 30204595"	"GC"	"AG"	"GC>AG"	"LOC105375218"	"intergenic"	"DBS1"	1	1
"chr7"	" 67329382"	"GG"	"AA"	"CC>TT"	"STAG3L4"	"intergenic"	"DBS1"	1	1
"chr7"	" 81792789"	"GG"	"AA"	"CC>TT"	"CACNA2D1"	"intergenic"	"DBS1"	1	1
"chr7"	" 82035689"	"TA"	"GT"	"TA>GT"	"CACNA2D1"	"intronic"	"DBS1"	1	1
"chr7"	" 95070353"	"CA"	"AC"	"TG>GT"	"PPP1R9A"	"intronic"	"DBS1"	1	1
"chr7"	"105645762"	"GA"	"TT"	"TC>AA"	"ATXN7L1"	"intronic"	"DBS1"	1	1
"chr7"	"115383625"	"AA"	"CT"	"TT>AG"	"SNORA25B"	"intergenic"	"DBS1"	1	1
"chr7"	"131181875"	"GT"	"TG"	"AC>CA"	"MKLN1"	"intronic"	"DBS1"	1	1
"chr7"	"145652597"	"CA"	"GC"	"TG>GC"	"CNTNAP2"	"intergenic"	"DBS1"	1	1
"chr7"	"147231266"	"CC"	"TT"	"CC>TT"	"CNTNAP2"	"intronic"	"DBS1"	1	1
"chr7"	"152746990"	"TC"	"AA"	"TC>AA"	"XRCC2"	"intergenic"	"DBS1"	1	1
"chr7"	"152815883"	"GA"	"TT"	"TC>AA"	"ACTR3B"	"intronic"	"DBS1"	1	1
"chr8"	"  5438132"	"AG"	"GC"	"CT>GC"	"LOC100287015"	"intergenic"	"DBS1"	1	1
"chr8"	" 17056953"	"TG"	"AT"	"TG>AT"	"MICU3"	"intronic"	"DBS1"	1	1
"chr8"	" 19858448"	"GG"	"AA"	"CC>TT"	"LPL"	"intergenic"	"DBS1"	1	1
"chr8"	" 49150688"	"CC"	"AA"	"CC>AA"	"LOC100507464"	"intergenic"	"DBS1"	1	1
"chr8"	" 77787805"	"GC"	"TT"	"GC>AA"	"PKIA"	"intergenic"	"DBS1"	1	1
"chr8"	"104764276"	"AG"	"CT"	"CT>AG"	"ZFPM2"	"intergenic"	"DBS1"	1	1
"chr8"	"111095853"	"AT"	"TA"	"AT>TA"	"LINC01608"	"intergenic"	"DBS1"	1	1
"chr9"	"  9984858"	"TC"	"AT"	"TC>AT"	"PTPRD"	"intronic"	"DBS1"	1	1
"chr9"	" 29941545"	"CC"	"TT"	"CC>TT"	"LINGO2"	"intergenic"	"DBS1"	1	1
"chr9"	" 38701466"	"TA"	"GG"	"TA>GG"	"CNTNAP3"	"intergenic"	"DBS1"	1	1
"chr9"	"114556500"	"CC"	"AG"	"CC>AG"	"WHRN"	"intergenic"	"DBS1"	1	1
"chr9"	"136267620"	"CC"	"TT"	"CC>TT"	"QSOX2"	"intergenic"	"DBS1"	1	1
"chr10"	"  3043635"	"GG"	"CT"	"CC>AG"	"LINC02645"	"intergenic"	"DBS1"	1	1
"chr10"	"  3197350"	"GG"	"AA"	"CC>TT"	"LOC105376360"	"intergenic"	"DBS1"	1	1
"chr10"	"  8806585"	"CA"	"AC"	"TG>GT"	"LOC105376398"	"intergenic"	"DBS1"	1	1
"chr10"	" 21430465"	"GA"	"TT"	"TC>AA"	"MIR1915HG"	"intergenic"	"DBS1"	1	1
"chr10"	" 31055766"	"CC"	"TT"	"CC>TT"	"LINC02664"	"intergenic"	"DBS1"	1	1
"chr10"	" 79899285"	"TC"	"AT"	"TC>AT"	"NUTM2E"	"intergenic"	"DBS1"	1	1
"chr10"	" 80361639"	"TC"	"CT"	"TC>CT"	"DYDC2"	"intronic"	"DBS1"	1	1
"chr10"	"107708277"	"GC"	"CT"	"GC>AG"	"SORCS1"	"intergenic"	"DBS1"	1	1
"chr10"	"109559041"	"GC"	"TT"	"GC>AA"	"LINC01435"	"intergenic"	"DBS1"	1	1
"chr11"	" 11110749"	"GG"	"TT"	"CC>AA"	"ZBED5-AS1"	"intergenic"	"DBS1"	1	1
"chr11"	" 23014613"	"GA"	"TT"	"TC>AA"	"MIR8054"	"intergenic"	"DBS1"	1	1
"chr11"	" 23450884"	"CC"	"AA"	"CC>AA"	"LUZP2"	"intergenic"	"DBS1"	1	1
"chr11"	" 59406731"	"CT"	"GA"	"CT>GA"	"OR5AN1"	"intergenic"	"DBS1"	1	1
"chr11"	" 99945894"	"GT"	"AA"	"AC>TT"	"CNTN5"	"intronic"	"DBS1"	1	1
"chr11"	"118433166"	"CA"	"TG"	"TG>CA"	"LOC100131626"	"intergenic"	"DBS1"	1	1
"chr11"	"122903775"	"CG"	"TC"	"CG>TC"	"JHY"	"intronic"	"DBS1"	1	1
"chr11"	"131221340"	"GG"	"AA"	"CC>TT"	"SNX19"	"intergenic"	"DBS1"	1	1
"chr11"	"133312187"	"TC"	"AA"	"TC>AA"	"OPCML"	"intronic"	"DBS1"	1	1
"chr11"	"133414895"	"CC"	"AA"	"CC>AA"	"OPCML"	"intronic"	"DBS1"	1	1
"chr11"	"134319426"	"GC"	"AT"	"GC>AT"	"GLB1L3"	"UTR3"	"DBS1"	1	1
"chr12"	"  3526111"	"TC"	"GA"	"TC>GA"	"PRMT8"	"intronic"	"DBS1"	1	1
"chr12"	"  5428515"	"CC"	"TT"	"CC>TT"	"LINC02443"	"intergenic"	"DBS1"	1	1
"chr12"	"  8960159"	"CC"	"TT"	"CC>TT"	"KLRG1"	"intronic"	"DBS1"	1	1
"chr12"	" 17407434"	"GC"	"AT"	"GC>AT"	"SKP1P2"	"intergenic"	"DBS1"	1	1
"chr12"	" 25884833"	"GG"	"AA"	"CC>TT"	"RASSF8-AS1"	"intergenic"	"DBS1"	1	1
"chr12"	" 25893646"	"CC"	"TT"	"CC>TT"	"RASSF8-AS1"	"intergenic"	"DBS1"	1	1
"chr12"	" 40105764"	"GC"	"TA"	"GC>TA"	"SLC2A13"	"exonic"	"DBS1"	1	1
"chr12"	" 65169517"	"CG"	"AC"	"CG>GT"	"LEMD3"	"upstream"	"DBS1"	1	1
"chr12"	" 74479376"	"TC"	"CA"	"TC>CA"	"LOC100507377"	"intergenic"	"DBS1"	1	1
"chr12"	" 94114629"	"CC"	"AA"	"CC>AA"	"LOC105369911"	"intergenic"	"DBS1"	1	1
"chr13"	" 17603791"	"TT"	"AG"	"TT>AG"	"FAM230C"	"intergenic"	"DBS1"	1	1
"chr13"	" 90236285"	"GA"	"TT"	"TC>AA"	"LINC01049"	"intergenic"	"DBS1"	1	1
"chr13"	" 90523653"	"CC"	"AT"	"CC>AT"	"LINC01049"	"ncRNA_intronic"	"DBS1"	1	1
"chr13"	" 93335674"	"CC"	"TT"	"CC>TT"	"GPC6"	"intronic"	"DBS1"	1	1
"chr13"	" 94060718"	"TC"	"AA"	"TC>AA"	"GPC6"	"intronic"	"DBS1"	1	1
"chr13"	" 98344389"	"GA"	"TT"	"TC>AA"	"FARP1"	"intronic"	"DBS1"	1	1
"chr13"	"106767131"	"GG"	"TT"	"CC>AA"	"FAM155A"	"intergenic"	"DBS1"	1	1
"chr14"	" 65678572"	"GG"	"TT"	"CC>AA"	"FUT8"	"intronic"	"DBS1"	1	1
"chr15"	" 38463318"	"CC"	"TT"	"CC>TT"	"FAM98B"	"intronic"	"DBS1"	1	1
"chr15"	" 90653144"	"GC"	"AA"	"GC>AA"	"CRTC3-AS1"	"ncRNA_intronic"	"DBS1"	1	1
"chr16"	" 10460302"	"CA"	"AC"	"TG>GT"	"ATF7IP2"	"intronic"	"DBS1"	1	1
"chr16"	" 17253392"	"GG"	"AA"	"CC>TT"	"XYLT1"	"intronic"	"DBS1"	1	1
"chr16"	" 20071613"	"GC"	"TT"	"GC>AA"	"GPR139"	"intronic"	"DBS1"	1	1
"chr16"	" 34163568"	"GA"	"TG"	"TC>CA"	"MIR9901"	"upstream"	"DBS1"	1	1
"chr17"	" 21920485"	"CT"	"TG"	"CT>TG"	"UBBP4"	"intergenic"	"DBS1"	1	1
"chr17"	" 38551564"	"GG"	"TT"	"CC>AA"	"SRCIN1"	"intronic"	"DBS1"	1	1
"chr18"	"  4373027"	"GG"	"AA"	"CC>TT"	"DLGAP1"	"intronic"	"DBS1"	1	1
"chr18"	" 11154894"	"GA"	"CG"	"TC>CG"	"LINC01928"	"intergenic"	"DBS1"	1	1
"chr18"	" 16850771"	"GT"	"AC"	"AC>GT"	"LOC644669"	"intergenic"	"DBS1"	1	1
"chr18"	" 22588708"	"GA"	"TT"	"TC>AA"	"CTAGE1"	"intergenic"	"DBS1"	1	1
"chr18"	" 32879204"	"GA"	"TT"	"TC>AA"	"KLHL14"	"intergenic"	"DBS1"	1	1
"chr18"	" 52611499"	"GC"	"AA"	"GC>AA"	"DCC"	"intronic"	"DBS1"	1	1
"chr18"	" 58035156"	"CA"	"AT"	"TG>AT"	"ATP8B1"	"intergenic"	"DBS1"	1	1
"chr19"	"  9622564"	"CC"	"AA"	"CC>AA"	"ZNF561-AS1"	"ncRNA_intronic"	"DBS1"	1	1
"chr19"	" 15057785"	"GG"	"AA"	"CC>TT"	"CASP14"	"UTR3"	"DBS1"	1	1
"chr19"	" 19132689"	"TC"	"AA"	"TC>AA"	"TMEM161A"	"exonic"	"DBS1"	1	1
"chr19"	" 21065693"	"GA"	"TT"	"TC>AA"	"ZNF714"	"intergenic"	"DBS1"	1	1
"chr19"	" 22288408"	"TC"	"CA"	"TC>CA"	"ZNF729"	"intronic"	"DBS1"	1	1
"chr19"	" 30458998"	"GG"	"AA"	"CC>TT"	"ZNF536"	"intronic"	"DBS1"	1	1
"chr19"	" 34964631"	"GC"	"CG"	"GC>CG"	"ZNF792"	"upstream"	"DBS1"	1	1
"chr19"	" 53608975"	"GG"	"AA"	"CC>TT"	"DPRX"	"intergenic"	"DBS1"	1	1
"chr19"	" 53998950"	"CC"	"TT"	"CC>TT"	"CACNG6"	"intronic"	"DBS1"	1	1
"chr19"	" 54758524"	"CA"	"GG"	"TG>CC"	"KIR2DL1;KIR2DL2;KIR2DS1;KIR2DS2;KIR2DS3;KIR2DS5;LOC102725023;LOC112267881"	"intronic"	"DBS1"	1	1
"chr20"	"  6438513"	"GG"	"AA"	"CC>TT"	"CASC20"	"ncRNA_intronic"	"DBS1"	1	1
"chr20"	" 20972795"	"CC"	"TT"	"CC>TT"	"RALGAPA2"	"intergenic"	"DBS1"	1	1
"chr20"	" 42352344"	"GG"	"AA"	"CC>TT"	"PTPRT"	"intronic"	"DBS1"	1	1
"chr20"	" 46603825"	"GC"	"TT"	"GC>AA"	"SLC13A3"	"intronic"	"DBS1"	1	1
"chr20"	" 61774321"	"GC"	"AA"	"GC>AA"	"CDH4"	"intronic"	"DBS1"	1	1
"chr22"	" 26486641"	"GC"	"AG"	"GC>AG"	"SRRD"	"intronic"	"DBS1"	1	1
"chr22"	" 46004665"	"GT"	"TG"	"AC>CA"	"WNT7B"	"intergenic"	"DBS1"	1	1
"chrX"	" 29773412"	"GG"	"TT"	"CC>AA"	"IL1RAPL1"	"intronic"	"DBS1"	1	1
"chrX"	" 33648425"	"TA"	"AT"	"TA>AT"	"FAM47A"	"intergenic"	"DBS1"	1	1
"chrX"	" 43591074"	"CC"	"GA"	"CC>GA"	"PINCR"	"intergenic"	"DBS1"	1	1
"chrX"	" 44059515"	"GG"	"AA"	"CC>TT"	"EFHC2"	"intergenic"	"DBS1"	1	1
"chrX"	" 53136329"	"CC"	"TT"	"CC>TT"	"KANTR"	"ncRNA_intronic"	"DBS1"	1	1
"chrX"	" 65289655"	"AT"	"CA"	"AT>CA"	"ZC4H2"	"intergenic"	"DBS1"	1	1
"chrX"	" 80432401"	"GG"	"AA"	"CC>TT"	"TENT5D"	"intronic"	"DBS1"	1	1
"chrX"	" 80574496"	"CC"	"TT"	"CC>TT"	"TENT5D"	"intergenic"	"DBS1"	1	1
"chrX"	"109813276"	"CC"	"TT"	"CC>TT"	"LOC105373311"	"intergenic"	"DBS1"	1	1
