"Chr"	"Pos"	"Ref"	"Alt"	"Mutation_Type"	"Variant_Gene"	"Variant_Group"	"Signature"	"Probability"	"Signatures_Count"
"chr1"	"  5212240"	"GG"	"AA"	"CC>TT"	"MIR4689"	"intergenic"	"DBS1"	1	4
"chr1"	"  5212240"	"GG"	"AA"	"CC>TT"	"MIR4689"	"intergenic"	"DBS4"	6.30306665375539e-18	4
"chr1"	"  5212240"	"GG"	"AA"	"CC>TT"	"MIR4689"	"intergenic"	"DBS9"	5.450157682553e-18	4
"chr1"	"  5212240"	"GG"	"AA"	"CC>TT"	"MIR4689"	"intergenic"	"DBS2"	1.73658832525489e-18	4
"chr1"	"  7948559"	"TG"	"GT"	"TG>GT"	"PARK7"	"intergenic"	"DBS1"	0.319687250233898	4
"chr1"	"  7948559"	"TG"	"GT"	"TG>GT"	"PARK7"	"intergenic"	"DBS4"	0.00419870521991663	4
"chr1"	"  7948559"	"TG"	"GT"	"TG>GT"	"PARK7"	"intergenic"	"DBS9"	0.291345288721304	4
"chr1"	"  7948559"	"TG"	"GT"	"TG>GT"	"PARK7"	"intergenic"	"DBS2"	0.384768755824882	4
"chr1"	" 15030929"	"CC"	"TT"	"CC>TT"	"KAZN"	"intronic"	"DBS1"	1	4
"chr1"	" 15030929"	"CC"	"TT"	"CC>TT"	"KAZN"	"intronic"	"DBS4"	6.30306665375539e-18	4
"chr1"	" 15030929"	"CC"	"TT"	"CC>TT"	"KAZN"	"intronic"	"DBS9"	5.450157682553e-18	4
"chr1"	" 15030929"	"CC"	"TT"	"CC>TT"	"KAZN"	"intronic"	"DBS2"	1.73658832525489e-18	4
"chr1"	" 55418580"	"AG"	"GT"	"CT>AC"	"LINC01753"	"intergenic"	"DBS1"	0.999999999999972	4
"chr1"	" 55418580"	"AG"	"GT"	"CT>AC"	"LINC01753"	"intergenic"	"DBS4"	1.29069956776181e-14	4
"chr1"	" 55418580"	"AG"	"GT"	"CT>AC"	"LINC01753"	"intergenic"	"DBS9"	1.11604660898099e-14	4
"chr1"	" 55418580"	"AG"	"GT"	"CT>AC"	"LINC01753"	"intergenic"	"DBS2"	3.55606869467459e-15	4
"chr1"	" 80471962"	"GC"	"AA"	"GC>AA"	"ADGRL4"	"intergenic"	"DBS1"	0.00615264708671377	4
"chr1"	" 80471962"	"GC"	"AA"	"GC>AA"	"ADGRL4"	"intergenic"	"DBS4"	0.986779024169647	4
"chr1"	" 80471962"	"GC"	"AA"	"GC>AA"	"ADGRL4"	"intergenic"	"DBS9"	1.82096363568597e-17	4
"chr1"	" 80471962"	"GC"	"AA"	"GC>AA"	"ADGRL4"	"intergenic"	"DBS2"	0.00706832874363879	4
"chr1"	" 83129492"	"TC"	"GT"	"TC>GT"	"LINC01362"	"ncRNA_intronic"	"DBS1"	0.994031586001237	4
"chr1"	" 83129492"	"TC"	"GT"	"TC>GT"	"LINC01362"	"ncRNA_intronic"	"DBS4"	1.05406937644479e-15	4
"chr1"	" 83129492"	"TC"	"GT"	"TC>GT"	"LINC01362"	"ncRNA_intronic"	"DBS9"	9.24572390083208e-16	4
"chr1"	" 83129492"	"TC"	"GT"	"TC>GT"	"LINC01362"	"ncRNA_intronic"	"DBS2"	0.00596841399876116	4
"chr1"	" 94276320"	"GG"	"AA"	"CC>TT"	"ABCD3"	"intergenic"	"DBS1"	1	4
"chr1"	" 94276320"	"GG"	"AA"	"CC>TT"	"ABCD3"	"intergenic"	"DBS4"	6.30306665375539e-18	4
"chr1"	" 94276320"	"GG"	"AA"	"CC>TT"	"ABCD3"	"intergenic"	"DBS9"	5.450157682553e-18	4
"chr1"	" 94276320"	"GG"	"AA"	"CC>TT"	"ABCD3"	"intergenic"	"DBS2"	1.73658832525489e-18	4
"chr1"	"123712738"	"AT"	"CC"	"AT>CC"	"NONE;NONE"	"intergenic"	"DBS1"	0.243481590557071	4
"chr1"	"123712738"	"AT"	"CC"	"AT>CC"	"NONE;NONE"	"intergenic"	"DBS4"	4.43352200559261e-15	4
"chr1"	"123712738"	"AT"	"CC"	"AT>CC"	"NONE;NONE"	"intergenic"	"DBS9"	0.756518409442924	4
"chr1"	"123712738"	"AT"	"CC"	"AT>CC"	"NONE;NONE"	"intergenic"	"DBS2"	1.22150105299705e-15	4
"chr1"	"145880108"	"CC"	"TT"	"CC>TT"	"ANKRD35"	"intronic"	"DBS1"	1	4
"chr1"	"145880108"	"CC"	"TT"	"CC>TT"	"ANKRD35"	"intronic"	"DBS4"	6.30306665375539e-18	4
"chr1"	"145880108"	"CC"	"TT"	"CC>TT"	"ANKRD35"	"intronic"	"DBS9"	5.450157682553e-18	4
"chr1"	"145880108"	"CC"	"TT"	"CC>TT"	"ANKRD35"	"intronic"	"DBS2"	1.73658832525489e-18	4
"chr1"	"150053313"	"GG"	"AA"	"CC>TT"	"OTUD7B"	"intergenic"	"DBS1"	1	4
"chr1"	"150053313"	"GG"	"AA"	"CC>TT"	"OTUD7B"	"intergenic"	"DBS4"	6.30306665375539e-18	4
"chr1"	"150053313"	"GG"	"AA"	"CC>TT"	"OTUD7B"	"intergenic"	"DBS9"	5.450157682553e-18	4
"chr1"	"150053313"	"GG"	"AA"	"CC>TT"	"OTUD7B"	"intergenic"	"DBS2"	1.73658832525489e-18	4
"chr1"	"151676559"	"GC"	"AA"	"GC>AA"	"SNX27"	"intronic"	"DBS1"	0.00615264708671377	4
"chr1"	"151676559"	"GC"	"AA"	"GC>AA"	"SNX27"	"intronic"	"DBS4"	0.986779024169647	4
"chr1"	"151676559"	"GC"	"AA"	"GC>AA"	"SNX27"	"intronic"	"DBS9"	1.82096363568597e-17	4
"chr1"	"151676559"	"GC"	"AA"	"GC>AA"	"SNX27"	"intronic"	"DBS2"	0.00706832874363879	4
"chr1"	"161216290"	"GG"	"AA"	"CC>TT"	"FCER1G"	"intronic"	"DBS1"	1	4
"chr1"	"161216290"	"GG"	"AA"	"CC>TT"	"FCER1G"	"intronic"	"DBS4"	6.30306665375539e-18	4
"chr1"	"161216290"	"GG"	"AA"	"CC>TT"	"FCER1G"	"intronic"	"DBS9"	5.450157682553e-18	4
"chr1"	"161216290"	"GG"	"AA"	"CC>TT"	"FCER1G"	"intronic"	"DBS2"	1.73658832525489e-18	4
"chr1"	"166112594"	"GC"	"AA"	"GC>AA"	"FAM78B"	"intronic"	"DBS1"	0.00615264708671377	4
"chr1"	"166112594"	"GC"	"AA"	"GC>AA"	"FAM78B"	"intronic"	"DBS4"	0.986779024169647	4
"chr1"	"166112594"	"GC"	"AA"	"GC>AA"	"FAM78B"	"intronic"	"DBS9"	1.82096363568597e-17	4
"chr1"	"166112594"	"GC"	"AA"	"GC>AA"	"FAM78B"	"intronic"	"DBS2"	0.00706832874363879	4
"chr1"	"171237545"	"CG"	"TT"	"CG>TT"	"FMO2"	"intergenic"	"DBS1"	0.050975633442611	4
"chr1"	"171237545"	"CG"	"TT"	"CG>TT"	"FMO2"	"intergenic"	"DBS4"	0.114654022358647	4
"chr1"	"171237545"	"CG"	"TT"	"CG>TT"	"FMO2"	"intergenic"	"DBS9"	0.0176679147165308	4
"chr1"	"171237545"	"CG"	"TT"	"CG>TT"	"FMO2"	"intergenic"	"DBS2"	0.816702429482211	4
"chr1"	"177272684"	"GG"	"AA"	"CC>TT"	"BRINP2"	"intronic"	"DBS1"	1	4
"chr1"	"177272684"	"GG"	"AA"	"CC>TT"	"BRINP2"	"intronic"	"DBS4"	6.30306665375539e-18	4
"chr1"	"177272684"	"GG"	"AA"	"CC>TT"	"BRINP2"	"intronic"	"DBS9"	5.450157682553e-18	4
"chr1"	"177272684"	"GG"	"AA"	"CC>TT"	"BRINP2"	"intronic"	"DBS2"	1.73658832525489e-18	4
"chr1"	"185193893"	"TA"	"CT"	"TA>CT"	"SWT1"	"intronic"	"DBS1"	0.0471121652750439	4
"chr1"	"185193893"	"TA"	"CT"	"TA>CT"	"SWT1"	"intronic"	"DBS4"	0.452119860824989	4
"chr1"	"185193893"	"TA"	"CT"	"TA>CT"	"SWT1"	"intronic"	"DBS9"	0.494053652997279	4
"chr1"	"185193893"	"TA"	"CT"	"TA>CT"	"SWT1"	"intronic"	"DBS2"	0.00671432090268824	4
"chr1"	"189445613"	"GT"	"TA"	"AC>TA"	"LINC01037"	"intergenic"	"DBS1"	0.049856051784801	4
"chr1"	"189445613"	"GT"	"TA"	"AC>TA"	"LINC01037"	"intergenic"	"DBS4"	0.0407644423120328	4
"chr1"	"189445613"	"GT"	"TA"	"AC>TA"	"LINC01037"	"intergenic"	"DBS9"	0.887408675991007	4
"chr1"	"189445613"	"GT"	"TA"	"AC>TA"	"LINC01037"	"intergenic"	"DBS2"	0.0219708299121595	4
"chr1"	"210898301"	"GG"	"AA"	"CC>TT"	"KCNH1"	"intronic"	"DBS1"	1	4
"chr1"	"210898301"	"GG"	"AA"	"CC>TT"	"KCNH1"	"intronic"	"DBS4"	6.30306665375539e-18	4
"chr1"	"210898301"	"GG"	"AA"	"CC>TT"	"KCNH1"	"intronic"	"DBS9"	5.450157682553e-18	4
"chr1"	"210898301"	"GG"	"AA"	"CC>TT"	"KCNH1"	"intronic"	"DBS2"	1.73658832525489e-18	4
"chr1"	"225354660"	"TC"	"AA"	"TC>AA"	"DNAH14"	"intronic"	"DBS1"	3.6918082729642e-05	4
"chr1"	"225354660"	"TC"	"AA"	"TC>AA"	"DNAH14"	"intronic"	"DBS4"	0.991728966386176	4
"chr1"	"225354660"	"TC"	"AA"	"TC>AA"	"DNAH14"	"intronic"	"DBS9"	0.0064793109768022	4
"chr1"	"225354660"	"TC"	"AA"	"TC>AA"	"DNAH14"	"intronic"	"DBS2"	0.00175480455429244	4
"chr1"	"231842555"	"TC"	"AA"	"TC>AA"	"TSNAX-DISC1"	"ncRNA_intronic"	"DBS1"	3.6918082729642e-05	4
"chr1"	"231842555"	"TC"	"AA"	"TC>AA"	"TSNAX-DISC1"	"ncRNA_intronic"	"DBS4"	0.991728966386176	4
"chr1"	"231842555"	"TC"	"AA"	"TC>AA"	"TSNAX-DISC1"	"ncRNA_intronic"	"DBS9"	0.0064793109768022	4
"chr1"	"231842555"	"TC"	"AA"	"TC>AA"	"TSNAX-DISC1"	"ncRNA_intronic"	"DBS2"	0.00175480455429244	4
"chr2"	" 14342319"	"CC"	"TT"	"CC>TT"	"LINC00276"	"ncRNA_intronic"	"DBS1"	1	4
"chr2"	" 14342319"	"CC"	"TT"	"CC>TT"	"LINC00276"	"ncRNA_intronic"	"DBS4"	6.30306665375539e-18	4
"chr2"	" 14342319"	"CC"	"TT"	"CC>TT"	"LINC00276"	"ncRNA_intronic"	"DBS9"	5.450157682553e-18	4
"chr2"	" 14342319"	"CC"	"TT"	"CC>TT"	"LINC00276"	"ncRNA_intronic"	"DBS2"	1.73658832525489e-18	4
"chr2"	" 43132675"	"GG"	"AT"	"CC>AT"	"ZFP36L2"	"intergenic"	"DBS1"	0.243902244879741	4
"chr2"	" 43132675"	"GG"	"AT"	"CC>AT"	"ZFP36L2"	"intergenic"	"DBS4"	0.15820310063802	4
"chr2"	" 43132675"	"GG"	"AT"	"CC>AT"	"ZFP36L2"	"intergenic"	"DBS9"	0.131855612374661	4
"chr2"	" 43132675"	"GG"	"AT"	"CC>AT"	"ZFP36L2"	"intergenic"	"DBS2"	0.466039042107577	4
"chr2"	" 90000786"	"GA"	"CT"	"TC>AG"	"LSP1P4"	"intergenic"	"DBS1"	0.000120093587845269	4
"chr2"	" 90000786"	"GA"	"CT"	"TC>AG"	"LSP1P4"	"intergenic"	"DBS4"	0.056149267424326	4
"chr2"	" 90000786"	"GA"	"CT"	"TC>AG"	"LSP1P4"	"intergenic"	"DBS9"	0.940953232498538	4
"chr2"	" 90000786"	"GA"	"CT"	"TC>AG"	"LSP1P4"	"intergenic"	"DBS2"	0.00277740648929055	4
"chr2"	"118681674"	"GG"	"AA"	"CC>TT"	"EN1"	"intergenic"	"DBS1"	1	4
"chr2"	"118681674"	"GG"	"AA"	"CC>TT"	"EN1"	"intergenic"	"DBS4"	6.30306665375539e-18	4
"chr2"	"118681674"	"GG"	"AA"	"CC>TT"	"EN1"	"intergenic"	"DBS9"	5.450157682553e-18	4
"chr2"	"118681674"	"GG"	"AA"	"CC>TT"	"EN1"	"intergenic"	"DBS2"	1.73658832525489e-18	4
"chr2"	"123803563"	"TC"	"AT"	"TC>AT"	"LINC01826"	"intergenic"	"DBS1"	0.0686920236442737	4
"chr2"	"123803563"	"TC"	"AT"	"TC>AT"	"LINC01826"	"intergenic"	"DBS4"	0.181429685189873	4
"chr2"	"123803563"	"TC"	"AT"	"TC>AT"	"LINC01826"	"intergenic"	"DBS9"	0.749878291165853	4
"chr2"	"123803563"	"TC"	"AT"	"TC>AT"	"LINC01826"	"intergenic"	"DBS2"	4.16059428798179e-17	4
"chr2"	"153768821"	"GC"	"AG"	"GC>AG"	"RPRM"	"intergenic"	"DBS1"	0.00146098005168058	4
"chr2"	"153768821"	"GC"	"AG"	"GC>AG"	"RPRM"	"intergenic"	"DBS4"	0.119201055074049	4
"chr2"	"153768821"	"GC"	"AG"	"GC>AG"	"RPRM"	"intergenic"	"DBS9"	0.877752370927087	4
"chr2"	"153768821"	"GC"	"AG"	"GC>AG"	"RPRM"	"intergenic"	"DBS2"	0.00158559394718327	4
"chr2"	"165708166"	"TG"	"CA"	"TG>CA"	"GALNT3"	"intergenic"	"DBS1"	0.0218450028925066	4
"chr2"	"165708166"	"TG"	"CA"	"TG>CA"	"GALNT3"	"intergenic"	"DBS4"	0.0486345721452507	4
"chr2"	"165708166"	"TG"	"CA"	"TG>CA"	"GALNT3"	"intergenic"	"DBS9"	0.92549178454687	4
"chr2"	"165708166"	"TG"	"CA"	"TG>CA"	"GALNT3"	"intergenic"	"DBS2"	0.00402864041537242	4
"chr3"	"  3222980"	"CC"	"AA"	"CC>AA"	"LOC100130207"	"intergenic"	"DBS1"	4.09733425269899e-05	4
"chr3"	"  3222980"	"CC"	"AA"	"CC>AA"	"LOC100130207"	"intergenic"	"DBS4"	2.09042560660708e-17	4
"chr3"	"  3222980"	"CC"	"AA"	"CC>AA"	"LOC100130207"	"intergenic"	"DBS9"	1.80755651264881e-17	4
"chr3"	"  3222980"	"CC"	"AA"	"CC>AA"	"LOC100130207"	"intergenic"	"DBS2"	0.999959026657473	4
"chr3"	" 18330855"	"CA"	"TG"	"TG>CA"	"LOC339862"	"intergenic"	"DBS1"	0.0218450028925066	4
"chr3"	" 18330855"	"CA"	"TG"	"TG>CA"	"LOC339862"	"intergenic"	"DBS4"	0.0486345721452507	4
"chr3"	" 18330855"	"CA"	"TG"	"TG>CA"	"LOC339862"	"intergenic"	"DBS9"	0.92549178454687	4
"chr3"	" 18330855"	"CA"	"TG"	"TG>CA"	"LOC339862"	"intergenic"	"DBS2"	0.00402864041537242	4
"chr3"	" 26163842"	"GG"	"AA"	"CC>TT"	"LRRC3B"	"intergenic"	"DBS1"	1	4
"chr3"	" 26163842"	"GG"	"AA"	"CC>TT"	"LRRC3B"	"intergenic"	"DBS4"	6.30306665375539e-18	4
"chr3"	" 26163842"	"GG"	"AA"	"CC>TT"	"LRRC3B"	"intergenic"	"DBS9"	5.450157682553e-18	4
"chr3"	" 26163842"	"GG"	"AA"	"CC>TT"	"LRRC3B"	"intergenic"	"DBS2"	1.73658832525489e-18	4
"chr3"	" 49171568"	"CC"	"TT"	"CC>TT"	"KLHDC8B"	"upstream"	"DBS1"	1	4
"chr3"	" 49171568"	"CC"	"TT"	"CC>TT"	"KLHDC8B"	"upstream"	"DBS4"	6.30306665375539e-18	4
"chr3"	" 49171568"	"CC"	"TT"	"CC>TT"	"KLHDC8B"	"upstream"	"DBS9"	5.450157682553e-18	4
"chr3"	" 49171568"	"CC"	"TT"	"CC>TT"	"KLHDC8B"	"upstream"	"DBS2"	1.73658832525489e-18	4
"chr3"	" 54958974"	"GC"	"AT"	"GC>AT"	"CACNA2D3;LRTM1"	"intronic"	"DBS1"	0.000668497336425631	4
"chr3"	" 54958974"	"GC"	"AT"	"GC>AT"	"CACNA2D3;LRTM1"	"intronic"	"DBS4"	0.0979904695592107	4
"chr3"	" 54958974"	"GC"	"AT"	"GC>AT"	"CACNA2D3;LRTM1"	"intronic"	"DBS9"	0.896666785323666	4
"chr3"	" 54958974"	"GC"	"AT"	"GC>AT"	"CACNA2D3;LRTM1"	"intronic"	"DBS2"	0.00467424778069824	4
"chr3"	" 55690241"	"CC"	"TT"	"CC>TT"	"ERC2"	"intronic"	"DBS1"	1	4
"chr3"	" 55690241"	"CC"	"TT"	"CC>TT"	"ERC2"	"intronic"	"DBS4"	6.30306665375539e-18	4
"chr3"	" 55690241"	"CC"	"TT"	"CC>TT"	"ERC2"	"intronic"	"DBS9"	5.450157682553e-18	4
"chr3"	" 55690241"	"CC"	"TT"	"CC>TT"	"ERC2"	"intronic"	"DBS2"	1.73658832525489e-18	4
"chr3"	" 69350701"	"AT"	"GA"	"AT>GA"	"FRMD4B"	"intronic"	"DBS1"	0.369805723012537	4
"chr3"	" 69350701"	"AT"	"GA"	"AT>GA"	"FRMD4B"	"intronic"	"DBS4"	0.043664040861291	4
"chr3"	" 69350701"	"AT"	"GA"	"AT>GA"	"FRMD4B"	"intronic"	"DBS9"	0.576059067376387	4
"chr3"	" 69350701"	"AT"	"GA"	"AT>GA"	"FRMD4B"	"intronic"	"DBS2"	0.0104711687497849	4
"chr3"	" 89528353"	"TA"	"CT"	"TA>CT"	"EPHA3"	"intergenic"	"DBS1"	0.0471121652750439	4
"chr3"	" 89528353"	"TA"	"CT"	"TA>CT"	"EPHA3"	"intergenic"	"DBS4"	0.452119860824989	4
"chr3"	" 89528353"	"TA"	"CT"	"TA>CT"	"EPHA3"	"intergenic"	"DBS9"	0.494053652997279	4
"chr3"	" 89528353"	"TA"	"CT"	"TA>CT"	"EPHA3"	"intergenic"	"DBS2"	0.00671432090268824	4
"chr3"	"106430433"	"AT"	"GA"	"AT>GA"	"LINC00882"	"intergenic"	"DBS1"	0.369805723012537	4
"chr3"	"106430433"	"AT"	"GA"	"AT>GA"	"LINC00882"	"intergenic"	"DBS4"	0.043664040861291	4
"chr3"	"106430433"	"AT"	"GA"	"AT>GA"	"LINC00882"	"intergenic"	"DBS9"	0.576059067376387	4
"chr3"	"106430433"	"AT"	"GA"	"AT>GA"	"LINC00882"	"intergenic"	"DBS2"	0.0104711687497849	4
"chr3"	"127092154"	"GG"	"AA"	"CC>TT"	"C3orf56"	"intergenic"	"DBS1"	1	4
"chr3"	"127092154"	"GG"	"AA"	"CC>TT"	"C3orf56"	"intergenic"	"DBS4"	6.30306665375539e-18	4
"chr3"	"127092154"	"GG"	"AA"	"CC>TT"	"C3orf56"	"intergenic"	"DBS9"	5.450157682553e-18	4
"chr3"	"127092154"	"GG"	"AA"	"CC>TT"	"C3orf56"	"intergenic"	"DBS2"	1.73658832525489e-18	4
"chr3"	"166945073"	"GG"	"AA"	"CC>TT"	"ZBBX"	"intergenic"	"DBS1"	1	4
"chr3"	"166945073"	"GG"	"AA"	"CC>TT"	"ZBBX"	"intergenic"	"DBS4"	6.30306665375539e-18	4
"chr3"	"166945073"	"GG"	"AA"	"CC>TT"	"ZBBX"	"intergenic"	"DBS9"	5.450157682553e-18	4
"chr3"	"166945073"	"GG"	"AA"	"CC>TT"	"ZBBX"	"intergenic"	"DBS2"	1.73658832525489e-18	4
"chr3"	"168032761"	"GC"	"AG"	"GC>AG"	"GOLIM4"	"exonic"	"DBS1"	0.00146098005168058	4
"chr3"	"168032761"	"GC"	"AG"	"GC>AG"	"GOLIM4"	"exonic"	"DBS4"	0.119201055074049	4
"chr3"	"168032761"	"GC"	"AG"	"GC>AG"	"GOLIM4"	"exonic"	"DBS9"	0.877752370927087	4
"chr3"	"168032761"	"GC"	"AG"	"GC>AG"	"GOLIM4"	"exonic"	"DBS2"	0.00158559394718327	4
"chr3"	"195148305"	"AC"	"TT"	"AC>TT"	"XXYLT1-AS2"	"ncRNA_intronic"	"DBS1"	0.522826685156845	4
"chr3"	"195148305"	"AC"	"TT"	"AC>TT"	"XXYLT1-AS2"	"ncRNA_intronic"	"DBS4"	0.00245402450768931	4
"chr3"	"195148305"	"AC"	"TT"	"AC>TT"	"XXYLT1-AS2"	"ncRNA_intronic"	"DBS9"	0.454134671322535	4
"chr3"	"195148305"	"AC"	"TT"	"AC>TT"	"XXYLT1-AS2"	"ncRNA_intronic"	"DBS2"	0.0205846190129309	4
"chr4"	" 23791053"	"TT"	"AG"	"TT>AG"	"PPARGC1A"	"downstream"	"DBS1"	0.430599082345096	4
"chr4"	" 23791053"	"TT"	"AG"	"TT>AG"	"PPARGC1A"	"downstream"	"DBS4"	5.57103652450605e-15	4
"chr4"	" 23791053"	"TT"	"AG"	"TT>AG"	"PPARGC1A"	"downstream"	"DBS9"	0.490263224233908	4
"chr4"	" 23791053"	"TT"	"AG"	"TT>AG"	"PPARGC1A"	"downstream"	"DBS2"	0.0791376934209907	4
"chr4"	" 49640381"	"CG"	"AA"	"CG>TT"	"CWH43"	"intergenic"	"DBS1"	0.050975633442611	4
"chr4"	" 49640381"	"CG"	"AA"	"CG>TT"	"CWH43"	"intergenic"	"DBS4"	0.114654022358647	4
"chr4"	" 49640381"	"CG"	"AA"	"CG>TT"	"CWH43"	"intergenic"	"DBS9"	0.0176679147165308	4
"chr4"	" 49640381"	"CG"	"AA"	"CG>TT"	"CWH43"	"intergenic"	"DBS2"	0.816702429482211	4
"chr4"	" 60265761"	"GA"	"TT"	"TC>AA"	"LINC02429"	"intergenic"	"DBS1"	3.6918082729642e-05	4
"chr4"	" 60265761"	"GA"	"TT"	"TC>AA"	"LINC02429"	"intergenic"	"DBS4"	0.991728966386176	4
"chr4"	" 60265761"	"GA"	"TT"	"TC>AA"	"LINC02429"	"intergenic"	"DBS9"	0.0064793109768022	4
"chr4"	" 60265761"	"GA"	"TT"	"TC>AA"	"LINC02429"	"intergenic"	"DBS2"	0.00175480455429244	4
"chr4"	" 61024587"	"GC"	"CA"	"GC>CA"	"LINC02271"	"intergenic"	"DBS1"	0.00241661664249718	4
"chr4"	" 61024587"	"GC"	"CA"	"GC>CA"	"LINC02271"	"intergenic"	"DBS4"	0.385721091949621	4
"chr4"	" 61024587"	"GC"	"CA"	"GC>CA"	"LINC02271"	"intergenic"	"DBS9"	0.595971729531673	4
"chr4"	" 61024587"	"GC"	"CA"	"GC>CA"	"LINC02271"	"intergenic"	"DBS2"	0.0158905618762089	4
"chr4"	" 67373374"	"GA"	"AC"	"TC>GT"	"MIR1269A"	"intergenic"	"DBS1"	0.994031586001237	4
"chr4"	" 67373374"	"GA"	"AC"	"TC>GT"	"MIR1269A"	"intergenic"	"DBS4"	1.05406937644479e-15	4
"chr4"	" 67373374"	"GA"	"AC"	"TC>GT"	"MIR1269A"	"intergenic"	"DBS9"	9.24572390083208e-16	4
"chr4"	" 67373374"	"GA"	"AC"	"TC>GT"	"MIR1269A"	"intergenic"	"DBS2"	0.00596841399876116	4
"chr4"	"126545827"	"TC"	"AA"	"TC>AA"	"INTU"	"intergenic"	"DBS1"	3.6918082729642e-05	4
"chr4"	"126545827"	"TC"	"AA"	"TC>AA"	"INTU"	"intergenic"	"DBS4"	0.991728966386176	4
"chr4"	"126545827"	"TC"	"AA"	"TC>AA"	"INTU"	"intergenic"	"DBS9"	0.0064793109768022	4
"chr4"	"126545827"	"TC"	"AA"	"TC>AA"	"INTU"	"intergenic"	"DBS2"	0.00175480455429244	4
"chr4"	"164397064"	"AG"	"GA"	"CT>TC"	"SMIM31"	"intergenic"	"DBS1"	0.997219781086403	4
"chr4"	"164397064"	"AG"	"GA"	"CT>TC"	"SMIM31"	"intergenic"	"DBS4"	5.13618636030987e-16	4
"chr4"	"164397064"	"AG"	"GA"	"CT>TC"	"SMIM31"	"intergenic"	"DBS9"	0.00147710938670518	4
"chr4"	"164397064"	"AG"	"GA"	"CT>TC"	"SMIM31"	"intergenic"	"DBS2"	0.00130310952689186	4
"chr4"	"172523298"	"CC"	"TT"	"CC>TT"	"GALNTL6"	"intronic"	"DBS1"	1	4
"chr4"	"172523298"	"CC"	"TT"	"CC>TT"	"GALNTL6"	"intronic"	"DBS4"	6.30306665375539e-18	4
"chr4"	"172523298"	"CC"	"TT"	"CC>TT"	"GALNTL6"	"intronic"	"DBS9"	5.450157682553e-18	4
"chr4"	"172523298"	"CC"	"TT"	"CC>TT"	"GALNTL6"	"intronic"	"DBS2"	1.73658832525489e-18	4
"chr4"	"174425911"	"GG"	"TT"	"CC>AA"	"HPGD"	"intergenic"	"DBS1"	4.09733425269899e-05	4
"chr4"	"174425911"	"GG"	"TT"	"CC>AA"	"HPGD"	"intergenic"	"DBS4"	2.09042560660708e-17	4
"chr4"	"174425911"	"GG"	"TT"	"CC>AA"	"HPGD"	"intergenic"	"DBS9"	1.80755651264881e-17	4
"chr4"	"174425911"	"GG"	"TT"	"CC>AA"	"HPGD"	"intergenic"	"DBS2"	0.999959026657473	4
"chr4"	"180930288"	"CC"	"AG"	"CC>AG"	"LINC00290"	"intergenic"	"DBS1"	0.000280598906287516	4
"chr4"	"180930288"	"CC"	"AG"	"CC>AG"	"LINC00290"	"intergenic"	"DBS4"	0.0957021819711631	4
"chr4"	"180930288"	"CC"	"AG"	"CC>AG"	"LINC00290"	"intergenic"	"DBS9"	0.312229984146244	4
"chr4"	"180930288"	"CC"	"AG"	"CC>AG"	"LINC00290"	"intergenic"	"DBS2"	0.591787234976305	4
"chr4"	"182206369"	"GA"	"TG"	"TC>CA"	"TENM3"	"intergenic"	"DBS1"	4.86209081099851e-05	4
"chr4"	"182206369"	"GA"	"TG"	"TC>CA"	"TENM3"	"intergenic"	"DBS4"	0.718972546278825	4
"chr4"	"182206369"	"GA"	"TG"	"TC>CA"	"TENM3"	"intergenic"	"DBS9"	0.278298224986548	4
"chr4"	"182206369"	"GA"	"TG"	"TC>CA"	"TENM3"	"intergenic"	"DBS2"	0.00268060782651695	4
"chr5"	" 21801991"	"TC"	"CA"	"TC>CA"	"CDH12"	"intronic"	"DBS1"	4.86209081099851e-05	4
"chr5"	" 21801991"	"TC"	"CA"	"TC>CA"	"CDH12"	"intronic"	"DBS4"	0.718972546278825	4
"chr5"	" 21801991"	"TC"	"CA"	"TC>CA"	"CDH12"	"intronic"	"DBS9"	0.278298224986548	4
"chr5"	" 21801991"	"TC"	"CA"	"TC>CA"	"CDH12"	"intronic"	"DBS2"	0.00268060782651695	4
"chr5"	" 27656999"	"TC"	"AA"	"TC>AA"	"LINC02103"	"intergenic"	"DBS1"	3.6918082729642e-05	4
"chr5"	" 27656999"	"TC"	"AA"	"TC>AA"	"LINC02103"	"intergenic"	"DBS4"	0.991728966386176	4
"chr5"	" 27656999"	"TC"	"AA"	"TC>AA"	"LINC02103"	"intergenic"	"DBS9"	0.0064793109768022	4
"chr5"	" 27656999"	"TC"	"AA"	"TC>AA"	"LINC02103"	"intergenic"	"DBS2"	0.00175480455429244	4
"chr5"	" 36977767"	"CC"	"TT"	"CC>TT"	"NIPBL"	"intronic"	"DBS1"	1	4
"chr5"	" 36977767"	"CC"	"TT"	"CC>TT"	"NIPBL"	"intronic"	"DBS4"	6.30306665375539e-18	4
"chr5"	" 36977767"	"CC"	"TT"	"CC>TT"	"NIPBL"	"intronic"	"DBS9"	5.450157682553e-18	4
"chr5"	" 36977767"	"CC"	"TT"	"CC>TT"	"NIPBL"	"intronic"	"DBS2"	1.73658832525489e-18	4
"chr5"	" 92037297"	"CC"	"TT"	"CC>TT"	"NR2F1-AS1"	"intergenic"	"DBS1"	1	4
"chr5"	" 92037297"	"CC"	"TT"	"CC>TT"	"NR2F1-AS1"	"intergenic"	"DBS4"	6.30306665375539e-18	4
"chr5"	" 92037297"	"CC"	"TT"	"CC>TT"	"NR2F1-AS1"	"intergenic"	"DBS9"	5.450157682553e-18	4
"chr5"	" 92037297"	"CC"	"TT"	"CC>TT"	"NR2F1-AS1"	"intergenic"	"DBS2"	1.73658832525489e-18	4
"chr5"	" 97593565"	"GA"	"TT"	"TC>AA"	"LINC01340"	"ncRNA_intronic"	"DBS1"	3.6918082729642e-05	4
"chr5"	" 97593565"	"GA"	"TT"	"TC>AA"	"LINC01340"	"ncRNA_intronic"	"DBS4"	0.991728966386176	4
"chr5"	" 97593565"	"GA"	"TT"	"TC>AA"	"LINC01340"	"ncRNA_intronic"	"DBS9"	0.0064793109768022	4
"chr5"	" 97593565"	"GA"	"TT"	"TC>AA"	"LINC01340"	"ncRNA_intronic"	"DBS2"	0.00175480455429244	4
"chr5"	"102215115"	"GG"	"AA"	"CC>TT"	"ST8SIA4"	"intergenic"	"DBS1"	1	4
"chr5"	"102215115"	"GG"	"AA"	"CC>TT"	"ST8SIA4"	"intergenic"	"DBS4"	6.30306665375539e-18	4
"chr5"	"102215115"	"GG"	"AA"	"CC>TT"	"ST8SIA4"	"intergenic"	"DBS9"	5.450157682553e-18	4
"chr5"	"102215115"	"GG"	"AA"	"CC>TT"	"ST8SIA4"	"intergenic"	"DBS2"	1.73658832525489e-18	4
"chr5"	"110908088"	"GG"	"AA"	"CC>TT"	"TSLP"	"intergenic"	"DBS1"	1	4
"chr5"	"110908088"	"GG"	"AA"	"CC>TT"	"TSLP"	"intergenic"	"DBS4"	6.30306665375539e-18	4
"chr5"	"110908088"	"GG"	"AA"	"CC>TT"	"TSLP"	"intergenic"	"DBS9"	5.450157682553e-18	4
"chr5"	"110908088"	"GG"	"AA"	"CC>TT"	"TSLP"	"intergenic"	"DBS2"	1.73658832525489e-18	4
"chr5"	"123484458"	"GA"	"TT"	"TC>AA"	"CEP120"	"intergenic"	"DBS1"	3.6918082729642e-05	4
"chr5"	"123484458"	"GA"	"TT"	"TC>AA"	"CEP120"	"intergenic"	"DBS4"	0.991728966386176	4
"chr5"	"123484458"	"GA"	"TT"	"TC>AA"	"CEP120"	"intergenic"	"DBS9"	0.0064793109768022	4
"chr5"	"123484458"	"GA"	"TT"	"TC>AA"	"CEP120"	"intergenic"	"DBS2"	0.00175480455429244	4
"chr6"	" 20754279"	"GG"	"TT"	"CC>AA"	"CDKAL1"	"intronic"	"DBS1"	4.09733425269899e-05	4
"chr6"	" 20754279"	"GG"	"TT"	"CC>AA"	"CDKAL1"	"intronic"	"DBS4"	2.09042560660708e-17	4
"chr6"	" 20754279"	"GG"	"TT"	"CC>AA"	"CDKAL1"	"intronic"	"DBS9"	1.80755651264881e-17	4
"chr6"	" 20754279"	"GG"	"TT"	"CC>AA"	"CDKAL1"	"intronic"	"DBS2"	0.999959026657473	4
"chr6"	" 32758756"	"TG"	"CA"	"TG>CA"	"HLA-DQB2"	"intronic"	"DBS1"	0.0218450028925066	4
"chr6"	" 32758756"	"TG"	"CA"	"TG>CA"	"HLA-DQB2"	"intronic"	"DBS4"	0.0486345721452507	4
"chr6"	" 32758756"	"TG"	"CA"	"TG>CA"	"HLA-DQB2"	"intronic"	"DBS9"	0.92549178454687	4
"chr6"	" 32758756"	"TG"	"CA"	"TG>CA"	"HLA-DQB2"	"intronic"	"DBS2"	0.00402864041537242	4
"chr6"	" 37846873"	"GG"	"TT"	"CC>AA"	"ZFAND3"	"intronic"	"DBS1"	4.09733425269899e-05	4
"chr6"	" 37846873"	"GG"	"TT"	"CC>AA"	"ZFAND3"	"intronic"	"DBS4"	2.09042560660708e-17	4
"chr6"	" 37846873"	"GG"	"TT"	"CC>AA"	"ZFAND3"	"intronic"	"DBS9"	1.80755651264881e-17	4
"chr6"	" 37846873"	"GG"	"TT"	"CC>AA"	"ZFAND3"	"intronic"	"DBS2"	0.999959026657473	4
"chr6"	" 62620137"	"CC"	"AA"	"CC>AA"	"LGSN"	"intergenic"	"DBS1"	4.09733425269899e-05	4
"chr6"	" 62620137"	"CC"	"AA"	"CC>AA"	"LGSN"	"intergenic"	"DBS4"	2.09042560660708e-17	4
"chr6"	" 62620137"	"CC"	"AA"	"CC>AA"	"LGSN"	"intergenic"	"DBS9"	1.80755651264881e-17	4
"chr6"	" 62620137"	"CC"	"AA"	"CC>AA"	"LGSN"	"intergenic"	"DBS2"	0.999959026657473	4
"chr6"	" 84065909"	"TG"	"AT"	"TG>AT"	"MRAP2"	"intronic"	"DBS1"	0.556630992860099	4
"chr6"	" 84065909"	"TG"	"AT"	"TG>AT"	"MRAP2"	"intronic"	"DBS4"	1.24907791290793e-15	4
"chr6"	" 84065909"	"TG"	"AT"	"TG>AT"	"MRAP2"	"intronic"	"DBS9"	0.0893262261800824	4
"chr6"	" 84065909"	"TG"	"AT"	"TG>AT"	"MRAP2"	"intronic"	"DBS2"	0.354042780959817	4
"chr6"	"101722090"	"AC"	"TT"	"AC>TT"	"GRIK2"	"intronic"	"DBS1"	0.522826685156845	4
"chr6"	"101722090"	"AC"	"TT"	"AC>TT"	"GRIK2"	"intronic"	"DBS4"	0.00245402450768931	4
"chr6"	"101722090"	"AC"	"TT"	"AC>TT"	"GRIK2"	"intronic"	"DBS9"	0.454134671322535	4
"chr6"	"101722090"	"AC"	"TT"	"AC>TT"	"GRIK2"	"intronic"	"DBS2"	0.0205846190129309	4
"chr6"	"108529588"	"TA"	"CC"	"TA>GG"	"FOXO3"	"intergenic"	"DBS1"	0.020094287539255	4
"chr6"	"108529588"	"TA"	"CC"	"TA>GG"	"FOXO3"	"intergenic"	"DBS4"	0.490243009314858	4
"chr6"	"108529588"	"TA"	"CC"	"TA>GG"	"FOXO3"	"intergenic"	"DBS9"	0.481604422275633	4
"chr6"	"108529588"	"TA"	"CC"	"TA>GG"	"FOXO3"	"intergenic"	"DBS2"	0.00805828087025435	4
"chr6"	"141313086"	"CT"	"TA"	"CT>TA"	"NMBR"	"intergenic"	"DBS1"	0.866072963876488	4
"chr6"	"141313086"	"CT"	"TA"	"CT>TA"	"NMBR"	"intergenic"	"DBS4"	5.99711856661495e-16	4
"chr6"	"141313086"	"CT"	"TA"	"CT>TA"	"NMBR"	"intergenic"	"DBS9"	5.18560942228712e-16	4
"chr6"	"141313086"	"CT"	"TA"	"CT>TA"	"NMBR"	"intergenic"	"DBS2"	0.133927036123511	4
"chr6"	"144547415"	"GA"	"TG"	"TC>CA"	"UTRN"	"intronic"	"DBS1"	4.86209081099851e-05	4
"chr6"	"144547415"	"GA"	"TG"	"TC>CA"	"UTRN"	"intronic"	"DBS4"	0.718972546278825	4
"chr6"	"144547415"	"GA"	"TG"	"TC>CA"	"UTRN"	"intronic"	"DBS9"	0.278298224986548	4
"chr6"	"144547415"	"GA"	"TG"	"TC>CA"	"UTRN"	"intronic"	"DBS2"	0.00268060782651695	4
"chr6"	"162248234"	"TA"	"AT"	"TA>AT"	"PRKN"	"intronic"	"DBS1"	0.0152985912350564	4
"chr6"	"162248234"	"TA"	"AT"	"TA>AT"	"PRKN"	"intronic"	"DBS4"	0.711499818894192	4
"chr6"	"162248234"	"TA"	"AT"	"TA>AT"	"PRKN"	"intronic"	"DBS9"	0.243434192401218	4
"chr6"	"162248234"	"TA"	"AT"	"TA>AT"	"PRKN"	"intronic"	"DBS2"	0.0297673974695339	4
"chr7"	"  2466393"	"GC"	"TT"	"GC>AA"	"CHST12"	"intergenic"	"DBS1"	0.00615264708671377	4
"chr7"	"  2466393"	"GC"	"TT"	"GC>AA"	"CHST12"	"intergenic"	"DBS4"	0.986779024169647	4
"chr7"	"  2466393"	"GC"	"TT"	"GC>AA"	"CHST12"	"intergenic"	"DBS9"	1.82096363568597e-17	4
"chr7"	"  2466393"	"GC"	"TT"	"GC>AA"	"CHST12"	"intergenic"	"DBS2"	0.00706832874363879	4
"chr7"	"  5232966"	"CC"	"TA"	"CC>TA"	"WIPI2"	"UTR3"	"DBS1"	0.626336319162791	4
"chr7"	"  5232966"	"CC"	"TA"	"CC>TA"	"WIPI2"	"UTR3"	"DBS4"	0.00790977856172802	4
"chr7"	"  5232966"	"CC"	"TA"	"CC>TA"	"WIPI2"	"UTR3"	"DBS9"	0.0214496796868923	4
"chr7"	"  5232966"	"CC"	"TA"	"CC>TA"	"WIPI2"	"UTR3"	"DBS2"	0.344304222588589	4
"chr7"	" 30204595"	"GC"	"AG"	"GC>AG"	"LOC105375218"	"intergenic"	"DBS1"	0.00146098005168058	4
"chr7"	" 30204595"	"GC"	"AG"	"GC>AG"	"LOC105375218"	"intergenic"	"DBS4"	0.119201055074049	4
"chr7"	" 30204595"	"GC"	"AG"	"GC>AG"	"LOC105375218"	"intergenic"	"DBS9"	0.877752370927087	4
"chr7"	" 30204595"	"GC"	"AG"	"GC>AG"	"LOC105375218"	"intergenic"	"DBS2"	0.00158559394718327	4
"chr7"	" 67329382"	"GG"	"AA"	"CC>TT"	"STAG3L4"	"intergenic"	"DBS1"	1	4
"chr7"	" 67329382"	"GG"	"AA"	"CC>TT"	"STAG3L4"	"intergenic"	"DBS4"	6.30306665375539e-18	4
"chr7"	" 67329382"	"GG"	"AA"	"CC>TT"	"STAG3L4"	"intergenic"	"DBS9"	5.450157682553e-18	4
"chr7"	" 67329382"	"GG"	"AA"	"CC>TT"	"STAG3L4"	"intergenic"	"DBS2"	1.73658832525489e-18	4
"chr7"	" 81792789"	"GG"	"AA"	"CC>TT"	"CACNA2D1"	"intergenic"	"DBS1"	1	4
"chr7"	" 81792789"	"GG"	"AA"	"CC>TT"	"CACNA2D1"	"intergenic"	"DBS4"	6.30306665375539e-18	4
"chr7"	" 81792789"	"GG"	"AA"	"CC>TT"	"CACNA2D1"	"intergenic"	"DBS9"	5.450157682553e-18	4
"chr7"	" 81792789"	"GG"	"AA"	"CC>TT"	"CACNA2D1"	"intergenic"	"DBS2"	1.73658832525489e-18	4
"chr7"	" 82035689"	"TA"	"GT"	"TA>GT"	"CACNA2D1"	"intronic"	"DBS1"	0.0968433259706797	4
"chr7"	" 82035689"	"TA"	"GT"	"TA>GT"	"CACNA2D1"	"intronic"	"DBS4"	0.52438232570738	4
"chr7"	" 82035689"	"TA"	"GT"	"TA>GT"	"CACNA2D1"	"intronic"	"DBS9"	0.339657548442869	4
"chr7"	" 82035689"	"TA"	"GT"	"TA>GT"	"CACNA2D1"	"intronic"	"DBS2"	0.0391167998790713	4
"chr7"	" 95070353"	"CA"	"AC"	"TG>GT"	"PPP1R9A"	"intronic"	"DBS1"	0.319687250233898	4
"chr7"	" 95070353"	"CA"	"AC"	"TG>GT"	"PPP1R9A"	"intronic"	"DBS4"	0.00419870521991663	4
"chr7"	" 95070353"	"CA"	"AC"	"TG>GT"	"PPP1R9A"	"intronic"	"DBS9"	0.291345288721304	4
"chr7"	" 95070353"	"CA"	"AC"	"TG>GT"	"PPP1R9A"	"intronic"	"DBS2"	0.384768755824882	4
"chr7"	"105645762"	"GA"	"TT"	"TC>AA"	"ATXN7L1"	"intronic"	"DBS1"	3.6918082729642e-05	4
"chr7"	"105645762"	"GA"	"TT"	"TC>AA"	"ATXN7L1"	"intronic"	"DBS4"	0.991728966386176	4
"chr7"	"105645762"	"GA"	"TT"	"TC>AA"	"ATXN7L1"	"intronic"	"DBS9"	0.0064793109768022	4
"chr7"	"105645762"	"GA"	"TT"	"TC>AA"	"ATXN7L1"	"intronic"	"DBS2"	0.00175480455429244	4
"chr7"	"115383625"	"AA"	"CT"	"TT>AG"	"SNORA25B"	"intergenic"	"DBS1"	0.430599082345096	4
"chr7"	"115383625"	"AA"	"CT"	"TT>AG"	"SNORA25B"	"intergenic"	"DBS4"	5.57103652450605e-15	4
"chr7"	"115383625"	"AA"	"CT"	"TT>AG"	"SNORA25B"	"intergenic"	"DBS9"	0.490263224233908	4
"chr7"	"115383625"	"AA"	"CT"	"TT>AG"	"SNORA25B"	"intergenic"	"DBS2"	0.0791376934209907	4
"chr7"	"131181875"	"GT"	"TG"	"AC>CA"	"MKLN1"	"intronic"	"DBS1"	0.00308022823536902	4
"chr7"	"131181875"	"GT"	"TG"	"AC>CA"	"MKLN1"	"intronic"	"DBS4"	0.198229368539003	4
"chr7"	"131181875"	"GT"	"TG"	"AC>CA"	"MKLN1"	"intronic"	"DBS9"	0.790408193552731	4
"chr7"	"131181875"	"GT"	"TG"	"AC>CA"	"MKLN1"	"intronic"	"DBS2"	0.00828220967289682	4
"chr7"	"145652597"	"CA"	"GC"	"TG>GC"	"CNTNAP2"	"intergenic"	"DBS1"	0.0331743071535662	4
"chr7"	"145652597"	"CA"	"GC"	"TG>GC"	"CNTNAP2"	"intergenic"	"DBS4"	0.174131838993172	4
"chr7"	"145652597"	"CA"	"GC"	"TG>GC"	"CNTNAP2"	"intergenic"	"DBS9"	0.756426396057458	4
"chr7"	"145652597"	"CA"	"GC"	"TG>GC"	"CNTNAP2"	"intergenic"	"DBS2"	0.0362674577958045	4
"chr7"	"147231266"	"CC"	"TT"	"CC>TT"	"CNTNAP2"	"intronic"	"DBS1"	1	4
"chr7"	"147231266"	"CC"	"TT"	"CC>TT"	"CNTNAP2"	"intronic"	"DBS4"	6.30306665375539e-18	4
"chr7"	"147231266"	"CC"	"TT"	"CC>TT"	"CNTNAP2"	"intronic"	"DBS9"	5.450157682553e-18	4
"chr7"	"147231266"	"CC"	"TT"	"CC>TT"	"CNTNAP2"	"intronic"	"DBS2"	1.73658832525489e-18	4
"chr7"	"152746990"	"TC"	"AA"	"TC>AA"	"XRCC2"	"intergenic"	"DBS1"	3.6918082729642e-05	4
"chr7"	"152746990"	"TC"	"AA"	"TC>AA"	"XRCC2"	"intergenic"	"DBS4"	0.991728966386176	4
"chr7"	"152746990"	"TC"	"AA"	"TC>AA"	"XRCC2"	"intergenic"	"DBS9"	0.0064793109768022	4
"chr7"	"152746990"	"TC"	"AA"	"TC>AA"	"XRCC2"	"intergenic"	"DBS2"	0.00175480455429244	4
"chr7"	"152815883"	"GA"	"TT"	"TC>AA"	"ACTR3B"	"intronic"	"DBS1"	3.6918082729642e-05	4
"chr7"	"152815883"	"GA"	"TT"	"TC>AA"	"ACTR3B"	"intronic"	"DBS4"	0.991728966386176	4
"chr7"	"152815883"	"GA"	"TT"	"TC>AA"	"ACTR3B"	"intronic"	"DBS9"	0.0064793109768022	4
"chr7"	"152815883"	"GA"	"TT"	"TC>AA"	"ACTR3B"	"intronic"	"DBS2"	0.00175480455429244	4
"chr8"	"  5438132"	"AG"	"GC"	"CT>GC"	"LOC100287015"	"intergenic"	"DBS1"	0.128050341937059	4
"chr8"	"  5438132"	"AG"	"GC"	"CT>GC"	"LOC100287015"	"intergenic"	"DBS4"	0.0283438308054581	4
"chr8"	"  5438132"	"AG"	"GC"	"CT>GC"	"LOC100287015"	"intergenic"	"DBS9"	0.819276331389736	4
"chr8"	"  5438132"	"AG"	"GC"	"CT>GC"	"LOC100287015"	"intergenic"	"DBS2"	0.024329495867747	4
"chr8"	" 17056953"	"TG"	"AT"	"TG>AT"	"MICU3"	"intronic"	"DBS1"	0.556630992860099	4
"chr8"	" 17056953"	"TG"	"AT"	"TG>AT"	"MICU3"	"intronic"	"DBS4"	1.24907791290793e-15	4
"chr8"	" 17056953"	"TG"	"AT"	"TG>AT"	"MICU3"	"intronic"	"DBS9"	0.0893262261800824	4
"chr8"	" 17056953"	"TG"	"AT"	"TG>AT"	"MICU3"	"intronic"	"DBS2"	0.354042780959817	4
"chr8"	" 19858448"	"GG"	"AA"	"CC>TT"	"LPL"	"intergenic"	"DBS1"	1	4
"chr8"	" 19858448"	"GG"	"AA"	"CC>TT"	"LPL"	"intergenic"	"DBS4"	6.30306665375539e-18	4
"chr8"	" 19858448"	"GG"	"AA"	"CC>TT"	"LPL"	"intergenic"	"DBS9"	5.450157682553e-18	4
"chr8"	" 19858448"	"GG"	"AA"	"CC>TT"	"LPL"	"intergenic"	"DBS2"	1.73658832525489e-18	4
"chr8"	" 49150688"	"CC"	"AA"	"CC>AA"	"LOC100507464"	"intergenic"	"DBS1"	4.09733425269899e-05	4
"chr8"	" 49150688"	"CC"	"AA"	"CC>AA"	"LOC100507464"	"intergenic"	"DBS4"	2.09042560660708e-17	4
"chr8"	" 49150688"	"CC"	"AA"	"CC>AA"	"LOC100507464"	"intergenic"	"DBS9"	1.80755651264881e-17	4
"chr8"	" 49150688"	"CC"	"AA"	"CC>AA"	"LOC100507464"	"intergenic"	"DBS2"	0.999959026657473	4
"chr8"	" 77787805"	"GC"	"TT"	"GC>AA"	"PKIA"	"intergenic"	"DBS1"	0.00615264708671377	4
"chr8"	" 77787805"	"GC"	"TT"	"GC>AA"	"PKIA"	"intergenic"	"DBS4"	0.986779024169647	4
"chr8"	" 77787805"	"GC"	"TT"	"GC>AA"	"PKIA"	"intergenic"	"DBS9"	1.82096363568597e-17	4
"chr8"	" 77787805"	"GC"	"TT"	"GC>AA"	"PKIA"	"intergenic"	"DBS2"	0.00706832874363879	4
"chr8"	"104764276"	"AG"	"CT"	"CT>AG"	"ZFPM2"	"intergenic"	"DBS1"	3.59887799027918e-15	4
"chr8"	"104764276"	"AG"	"CT"	"CT>AG"	"ZFPM2"	"intergenic"	"DBS4"	0.354135966075666	4
"chr8"	"104764276"	"AG"	"CT"	"CT>AG"	"ZFPM2"	"intergenic"	"DBS9"	0.381008851916517	4
"chr8"	"104764276"	"AG"	"CT"	"CT>AG"	"ZFPM2"	"intergenic"	"DBS2"	0.264855182007813	4
"chr8"	"111095853"	"AT"	"TA"	"AT>TA"	"LINC01608"	"intergenic"	"DBS1"	0.217210286328499	4
"chr8"	"111095853"	"AT"	"TA"	"AT>TA"	"LINC01608"	"intergenic"	"DBS4"	0.324865715120703	4
"chr8"	"111095853"	"AT"	"TA"	"AT>TA"	"LINC01608"	"intergenic"	"DBS9"	0.442733286951944	4
"chr8"	"111095853"	"AT"	"TA"	"AT>TA"	"LINC01608"	"intergenic"	"DBS2"	0.0151907115988531	4
"chr9"	"  9984858"	"TC"	"AT"	"TC>AT"	"PTPRD"	"intronic"	"DBS1"	0.0686920236442737	4
"chr9"	"  9984858"	"TC"	"AT"	"TC>AT"	"PTPRD"	"intronic"	"DBS4"	0.181429685189873	4
"chr9"	"  9984858"	"TC"	"AT"	"TC>AT"	"PTPRD"	"intronic"	"DBS9"	0.749878291165853	4
"chr9"	"  9984858"	"TC"	"AT"	"TC>AT"	"PTPRD"	"intronic"	"DBS2"	4.16059428798179e-17	4
"chr9"	" 29941545"	"CC"	"TT"	"CC>TT"	"LINGO2"	"intergenic"	"DBS1"	1	4
"chr9"	" 29941545"	"CC"	"TT"	"CC>TT"	"LINGO2"	"intergenic"	"DBS4"	6.30306665375539e-18	4
"chr9"	" 29941545"	"CC"	"TT"	"CC>TT"	"LINGO2"	"intergenic"	"DBS9"	5.450157682553e-18	4
"chr9"	" 29941545"	"CC"	"TT"	"CC>TT"	"LINGO2"	"intergenic"	"DBS2"	1.73658832525489e-18	4
"chr9"	" 38701466"	"TA"	"GG"	"TA>GG"	"CNTNAP3"	"intergenic"	"DBS1"	0.020094287539255	4
"chr9"	" 38701466"	"TA"	"GG"	"TA>GG"	"CNTNAP3"	"intergenic"	"DBS4"	0.490243009314858	4
"chr9"	" 38701466"	"TA"	"GG"	"TA>GG"	"CNTNAP3"	"intergenic"	"DBS9"	0.481604422275633	4
"chr9"	" 38701466"	"TA"	"GG"	"TA>GG"	"CNTNAP3"	"intergenic"	"DBS2"	0.00805828087025435	4
"chr9"	"114556500"	"CC"	"AG"	"CC>AG"	"WHRN"	"intergenic"	"DBS1"	0.000280598906287516	4
"chr9"	"114556500"	"CC"	"AG"	"CC>AG"	"WHRN"	"intergenic"	"DBS4"	0.0957021819711631	4
"chr9"	"114556500"	"CC"	"AG"	"CC>AG"	"WHRN"	"intergenic"	"DBS9"	0.312229984146244	4
"chr9"	"114556500"	"CC"	"AG"	"CC>AG"	"WHRN"	"intergenic"	"DBS2"	0.591787234976305	4
"chr9"	"136267620"	"CC"	"TT"	"CC>TT"	"QSOX2"	"intergenic"	"DBS1"	1	4
"chr9"	"136267620"	"CC"	"TT"	"CC>TT"	"QSOX2"	"intergenic"	"DBS4"	6.30306665375539e-18	4
"chr9"	"136267620"	"CC"	"TT"	"CC>TT"	"QSOX2"	"intergenic"	"DBS9"	5.450157682553e-18	4
"chr9"	"136267620"	"CC"	"TT"	"CC>TT"	"QSOX2"	"intergenic"	"DBS2"	1.73658832525489e-18	4
"chr10"	"  3043635"	"GG"	"CT"	"CC>AG"	"LINC02645"	"intergenic"	"DBS1"	0.000280598906287516	4
"chr10"	"  3043635"	"GG"	"CT"	"CC>AG"	"LINC02645"	"intergenic"	"DBS4"	0.0957021819711631	4
"chr10"	"  3043635"	"GG"	"CT"	"CC>AG"	"LINC02645"	"intergenic"	"DBS9"	0.312229984146244	4
"chr10"	"  3043635"	"GG"	"CT"	"CC>AG"	"LINC02645"	"intergenic"	"DBS2"	0.591787234976305	4
"chr10"	"  3197350"	"GG"	"AA"	"CC>TT"	"LOC105376360"	"intergenic"	"DBS1"	1	4
"chr10"	"  3197350"	"GG"	"AA"	"CC>TT"	"LOC105376360"	"intergenic"	"DBS4"	6.30306665375539e-18	4
"chr10"	"  3197350"	"GG"	"AA"	"CC>TT"	"LOC105376360"	"intergenic"	"DBS9"	5.450157682553e-18	4
"chr10"	"  3197350"	"GG"	"AA"	"CC>TT"	"LOC105376360"	"intergenic"	"DBS2"	1.73658832525489e-18	4
"chr10"	"  8806585"	"CA"	"AC"	"TG>GT"	"LOC105376398"	"intergenic"	"DBS1"	0.319687250233898	4
"chr10"	"  8806585"	"CA"	"AC"	"TG>GT"	"LOC105376398"	"intergenic"	"DBS4"	0.00419870521991663	4
"chr10"	"  8806585"	"CA"	"AC"	"TG>GT"	"LOC105376398"	"intergenic"	"DBS9"	0.291345288721304	4
"chr10"	"  8806585"	"CA"	"AC"	"TG>GT"	"LOC105376398"	"intergenic"	"DBS2"	0.384768755824882	4
"chr10"	" 21430465"	"GA"	"TT"	"TC>AA"	"MIR1915HG"	"intergenic"	"DBS1"	3.6918082729642e-05	4
"chr10"	" 21430465"	"GA"	"TT"	"TC>AA"	"MIR1915HG"	"intergenic"	"DBS4"	0.991728966386176	4
"chr10"	" 21430465"	"GA"	"TT"	"TC>AA"	"MIR1915HG"	"intergenic"	"DBS9"	0.0064793109768022	4
"chr10"	" 21430465"	"GA"	"TT"	"TC>AA"	"MIR1915HG"	"intergenic"	"DBS2"	0.00175480455429244	4
"chr10"	" 31055766"	"CC"	"TT"	"CC>TT"	"LINC02664"	"intergenic"	"DBS1"	1	4
"chr10"	" 31055766"	"CC"	"TT"	"CC>TT"	"LINC02664"	"intergenic"	"DBS4"	6.30306665375539e-18	4
"chr10"	" 31055766"	"CC"	"TT"	"CC>TT"	"LINC02664"	"intergenic"	"DBS9"	5.450157682553e-18	4
"chr10"	" 31055766"	"CC"	"TT"	"CC>TT"	"LINC02664"	"intergenic"	"DBS2"	1.73658832525489e-18	4
"chr10"	" 79899285"	"TC"	"AT"	"TC>AT"	"NUTM2E"	"intergenic"	"DBS1"	0.0686920236442737	4
"chr10"	" 79899285"	"TC"	"AT"	"TC>AT"	"NUTM2E"	"intergenic"	"DBS4"	0.181429685189873	4
"chr10"	" 79899285"	"TC"	"AT"	"TC>AT"	"NUTM2E"	"intergenic"	"DBS9"	0.749878291165853	4
"chr10"	" 79899285"	"TC"	"AT"	"TC>AT"	"NUTM2E"	"intergenic"	"DBS2"	4.16059428798179e-17	4
"chr10"	" 80361639"	"TC"	"CT"	"TC>CT"	"DYDC2"	"intronic"	"DBS1"	0.0638640936032607	4
"chr10"	" 80361639"	"TC"	"CT"	"TC>CT"	"DYDC2"	"intronic"	"DBS4"	0.000215017910021492	4
"chr10"	" 80361639"	"TC"	"CT"	"TC>CT"	"DYDC2"	"intronic"	"DBS9"	0.89568662378946	4
"chr10"	" 80361639"	"TC"	"CT"	"TC>CT"	"DYDC2"	"intronic"	"DBS2"	0.040234264697258	4
"chr10"	"107708277"	"GC"	"CT"	"GC>AG"	"SORCS1"	"intergenic"	"DBS1"	0.00146098005168058	4
"chr10"	"107708277"	"GC"	"CT"	"GC>AG"	"SORCS1"	"intergenic"	"DBS4"	0.119201055074049	4
"chr10"	"107708277"	"GC"	"CT"	"GC>AG"	"SORCS1"	"intergenic"	"DBS9"	0.877752370927087	4
"chr10"	"107708277"	"GC"	"CT"	"GC>AG"	"SORCS1"	"intergenic"	"DBS2"	0.00158559394718327	4
"chr10"	"109559041"	"GC"	"TT"	"GC>AA"	"LINC01435"	"intergenic"	"DBS1"	0.00615264708671377	4
"chr10"	"109559041"	"GC"	"TT"	"GC>AA"	"LINC01435"	"intergenic"	"DBS4"	0.986779024169647	4
"chr10"	"109559041"	"GC"	"TT"	"GC>AA"	"LINC01435"	"intergenic"	"DBS9"	1.82096363568597e-17	4
"chr10"	"109559041"	"GC"	"TT"	"GC>AA"	"LINC01435"	"intergenic"	"DBS2"	0.00706832874363879	4
"chr11"	" 11110749"	"GG"	"TT"	"CC>AA"	"ZBED5-AS1"	"intergenic"	"DBS1"	4.09733425269899e-05	4
"chr11"	" 11110749"	"GG"	"TT"	"CC>AA"	"ZBED5-AS1"	"intergenic"	"DBS4"	2.09042560660708e-17	4
"chr11"	" 11110749"	"GG"	"TT"	"CC>AA"	"ZBED5-AS1"	"intergenic"	"DBS9"	1.80755651264881e-17	4
"chr11"	" 11110749"	"GG"	"TT"	"CC>AA"	"ZBED5-AS1"	"intergenic"	"DBS2"	0.999959026657473	4
"chr11"	" 23014613"	"GA"	"TT"	"TC>AA"	"MIR8054"	"intergenic"	"DBS1"	3.6918082729642e-05	4
"chr11"	" 23014613"	"GA"	"TT"	"TC>AA"	"MIR8054"	"intergenic"	"DBS4"	0.991728966386176	4
"chr11"	" 23014613"	"GA"	"TT"	"TC>AA"	"MIR8054"	"intergenic"	"DBS9"	0.0064793109768022	4
"chr11"	" 23014613"	"GA"	"TT"	"TC>AA"	"MIR8054"	"intergenic"	"DBS2"	0.00175480455429244	4
"chr11"	" 23450884"	"CC"	"AA"	"CC>AA"	"LUZP2"	"intergenic"	"DBS1"	4.09733425269899e-05	4
"chr11"	" 23450884"	"CC"	"AA"	"CC>AA"	"LUZP2"	"intergenic"	"DBS4"	2.09042560660708e-17	4
"chr11"	" 23450884"	"CC"	"AA"	"CC>AA"	"LUZP2"	"intergenic"	"DBS9"	1.80755651264881e-17	4
"chr11"	" 23450884"	"CC"	"AA"	"CC>AA"	"LUZP2"	"intergenic"	"DBS2"	0.999959026657473	4
"chr11"	" 59406731"	"CT"	"GA"	"CT>GA"	"OR5AN1"	"intergenic"	"DBS1"	0.0427213073720168	4
"chr11"	" 59406731"	"CT"	"GA"	"CT>GA"	"OR5AN1"	"intergenic"	"DBS4"	0.249020953710271	4
"chr11"	" 59406731"	"CT"	"GA"	"CT>GA"	"OR5AN1"	"intergenic"	"DBS9"	0.70516027422225	4
"chr11"	" 59406731"	"CT"	"GA"	"CT>GA"	"OR5AN1"	"intergenic"	"DBS2"	0.00309746469546224	4
"chr11"	" 99945894"	"GT"	"AA"	"AC>TT"	"CNTN5"	"intronic"	"DBS1"	0.522826685156845	4
"chr11"	" 99945894"	"GT"	"AA"	"AC>TT"	"CNTN5"	"intronic"	"DBS4"	0.00245402450768931	4
"chr11"	" 99945894"	"GT"	"AA"	"AC>TT"	"CNTN5"	"intronic"	"DBS9"	0.454134671322535	4
"chr11"	" 99945894"	"GT"	"AA"	"AC>TT"	"CNTN5"	"intronic"	"DBS2"	0.0205846190129309	4
"chr11"	"118433166"	"CA"	"TG"	"TG>CA"	"LOC100131626"	"intergenic"	"DBS1"	0.0218450028925066	4
"chr11"	"118433166"	"CA"	"TG"	"TG>CA"	"LOC100131626"	"intergenic"	"DBS4"	0.0486345721452507	4
"chr11"	"118433166"	"CA"	"TG"	"TG>CA"	"LOC100131626"	"intergenic"	"DBS9"	0.92549178454687	4
"chr11"	"118433166"	"CA"	"TG"	"TG>CA"	"LOC100131626"	"intergenic"	"DBS2"	0.00402864041537242	4
"chr11"	"122903775"	"CG"	"TC"	"CG>TC"	"JHY"	"intronic"	"DBS1"	0.0148274920167471	4
"chr11"	"122903775"	"CG"	"TC"	"CG>TC"	"JHY"	"intronic"	"DBS4"	6.36409041905255e-15	4
"chr11"	"122903775"	"CG"	"TC"	"CG>TC"	"JHY"	"intronic"	"DBS9"	0.0811406742822465	4
"chr11"	"122903775"	"CG"	"TC"	"CG>TC"	"JHY"	"intronic"	"DBS2"	0.904031833701	4
"chr11"	"131221340"	"GG"	"AA"	"CC>TT"	"SNX19"	"intergenic"	"DBS1"	1	4
"chr11"	"131221340"	"GG"	"AA"	"CC>TT"	"SNX19"	"intergenic"	"DBS4"	6.30306665375539e-18	4
"chr11"	"131221340"	"GG"	"AA"	"CC>TT"	"SNX19"	"intergenic"	"DBS9"	5.450157682553e-18	4
"chr11"	"131221340"	"GG"	"AA"	"CC>TT"	"SNX19"	"intergenic"	"DBS2"	1.73658832525489e-18	4
"chr11"	"133312187"	"TC"	"AA"	"TC>AA"	"OPCML"	"intronic"	"DBS1"	3.6918082729642e-05	4
"chr11"	"133312187"	"TC"	"AA"	"TC>AA"	"OPCML"	"intronic"	"DBS4"	0.991728966386176	4
"chr11"	"133312187"	"TC"	"AA"	"TC>AA"	"OPCML"	"intronic"	"DBS9"	0.0064793109768022	4
"chr11"	"133312187"	"TC"	"AA"	"TC>AA"	"OPCML"	"intronic"	"DBS2"	0.00175480455429244	4
"chr11"	"133414895"	"CC"	"AA"	"CC>AA"	"OPCML"	"intronic"	"DBS1"	4.09733425269899e-05	4
"chr11"	"133414895"	"CC"	"AA"	"CC>AA"	"OPCML"	"intronic"	"DBS4"	2.09042560660708e-17	4
"chr11"	"133414895"	"CC"	"AA"	"CC>AA"	"OPCML"	"intronic"	"DBS9"	1.80755651264881e-17	4
"chr11"	"133414895"	"CC"	"AA"	"CC>AA"	"OPCML"	"intronic"	"DBS2"	0.999959026657473	4
"chr11"	"134319426"	"GC"	"AT"	"GC>AT"	"GLB1L3"	"UTR3"	"DBS1"	0.000668497336425631	4
"chr11"	"134319426"	"GC"	"AT"	"GC>AT"	"GLB1L3"	"UTR3"	"DBS4"	0.0979904695592107	4
"chr11"	"134319426"	"GC"	"AT"	"GC>AT"	"GLB1L3"	"UTR3"	"DBS9"	0.896666785323666	4
"chr11"	"134319426"	"GC"	"AT"	"GC>AT"	"GLB1L3"	"UTR3"	"DBS2"	0.00467424778069824	4
"chr12"	"  3526111"	"TC"	"GA"	"TC>GA"	"PRMT8"	"intronic"	"DBS1"	0.00171332422477502	4
"chr12"	"  3526111"	"TC"	"GA"	"TC>GA"	"PRMT8"	"intronic"	"DBS4"	0.750493713247033	4
"chr12"	"  3526111"	"TC"	"GA"	"TC>GA"	"PRMT8"	"intronic"	"DBS9"	0.239353866903665	4
"chr12"	"  3526111"	"TC"	"GA"	"TC>GA"	"PRMT8"	"intronic"	"DBS2"	0.00843909562452773	4
"chr12"	"  5428515"	"CC"	"TT"	"CC>TT"	"LINC02443"	"intergenic"	"DBS1"	1	4
"chr12"	"  5428515"	"CC"	"TT"	"CC>TT"	"LINC02443"	"intergenic"	"DBS4"	6.30306665375539e-18	4
"chr12"	"  5428515"	"CC"	"TT"	"CC>TT"	"LINC02443"	"intergenic"	"DBS9"	5.450157682553e-18	4
"chr12"	"  5428515"	"CC"	"TT"	"CC>TT"	"LINC02443"	"intergenic"	"DBS2"	1.73658832525489e-18	4
"chr12"	"  8960159"	"CC"	"TT"	"CC>TT"	"KLRG1"	"intronic"	"DBS1"	1	4
"chr12"	"  8960159"	"CC"	"TT"	"CC>TT"	"KLRG1"	"intronic"	"DBS4"	6.30306665375539e-18	4
"chr12"	"  8960159"	"CC"	"TT"	"CC>TT"	"KLRG1"	"intronic"	"DBS9"	5.450157682553e-18	4
"chr12"	"  8960159"	"CC"	"TT"	"CC>TT"	"KLRG1"	"intronic"	"DBS2"	1.73658832525489e-18	4
"chr12"	" 17407434"	"GC"	"AT"	"GC>AT"	"SKP1P2"	"intergenic"	"DBS1"	0.000668497336425631	4
"chr12"	" 17407434"	"GC"	"AT"	"GC>AT"	"SKP1P2"	"intergenic"	"DBS4"	0.0979904695592107	4
"chr12"	" 17407434"	"GC"	"AT"	"GC>AT"	"SKP1P2"	"intergenic"	"DBS9"	0.896666785323666	4
"chr12"	" 17407434"	"GC"	"AT"	"GC>AT"	"SKP1P2"	"intergenic"	"DBS2"	0.00467424778069824	4
"chr12"	" 25884833"	"GG"	"AA"	"CC>TT"	"RASSF8-AS1"	"intergenic"	"DBS1"	1	4
"chr12"	" 25884833"	"GG"	"AA"	"CC>TT"	"RASSF8-AS1"	"intergenic"	"DBS4"	6.30306665375539e-18	4
"chr12"	" 25884833"	"GG"	"AA"	"CC>TT"	"RASSF8-AS1"	"intergenic"	"DBS9"	5.450157682553e-18	4
"chr12"	" 25884833"	"GG"	"AA"	"CC>TT"	"RASSF8-AS1"	"intergenic"	"DBS2"	1.73658832525489e-18	4
"chr12"	" 25893646"	"CC"	"TT"	"CC>TT"	"RASSF8-AS1"	"intergenic"	"DBS1"	1	4
"chr12"	" 25893646"	"CC"	"TT"	"CC>TT"	"RASSF8-AS1"	"intergenic"	"DBS4"	6.30306665375539e-18	4
"chr12"	" 25893646"	"CC"	"TT"	"CC>TT"	"RASSF8-AS1"	"intergenic"	"DBS9"	5.450157682553e-18	4
"chr12"	" 25893646"	"CC"	"TT"	"CC>TT"	"RASSF8-AS1"	"intergenic"	"DBS2"	1.73658832525489e-18	4
"chr12"	" 40105764"	"GC"	"TA"	"GC>TA"	"SLC2A13"	"exonic"	"DBS1"	3.90160281240455e-05	4
"chr12"	" 40105764"	"GC"	"TA"	"GC>TA"	"SLC2A13"	"exonic"	"DBS4"	0.645137014378961	4
"chr12"	" 40105764"	"GC"	"TA"	"GC>TA"	"SLC2A13"	"exonic"	"DBS9"	0.342417064207809	4
"chr12"	" 40105764"	"GC"	"TA"	"GC>TA"	"SLC2A13"	"exonic"	"DBS2"	0.0124069053851055	4
"chr12"	" 65169517"	"CG"	"AC"	"CG>GT"	"LEMD3"	"upstream"	"DBS1"	0.00332946983882943	4
"chr12"	" 65169517"	"CG"	"AC"	"CG>GT"	"LEMD3"	"upstream"	"DBS4"	1.05916921946853e-14	4
"chr12"	" 65169517"	"CG"	"AC"	"CG>GT"	"LEMD3"	"upstream"	"DBS9"	0.100925838376007	4
"chr12"	" 65169517"	"CG"	"AC"	"CG>GT"	"LEMD3"	"upstream"	"DBS2"	0.895744691785153	4
"chr12"	" 74479376"	"TC"	"CA"	"TC>CA"	"LOC100507377"	"intergenic"	"DBS1"	4.86209081099851e-05	4
"chr12"	" 74479376"	"TC"	"CA"	"TC>CA"	"LOC100507377"	"intergenic"	"DBS4"	0.718972546278825	4
"chr12"	" 74479376"	"TC"	"CA"	"TC>CA"	"LOC100507377"	"intergenic"	"DBS9"	0.278298224986548	4
"chr12"	" 74479376"	"TC"	"CA"	"TC>CA"	"LOC100507377"	"intergenic"	"DBS2"	0.00268060782651695	4
"chr12"	" 94114629"	"CC"	"AA"	"CC>AA"	"LOC105369911"	"intergenic"	"DBS1"	4.09733425269899e-05	4
"chr12"	" 94114629"	"CC"	"AA"	"CC>AA"	"LOC105369911"	"intergenic"	"DBS4"	2.09042560660708e-17	4
"chr12"	" 94114629"	"CC"	"AA"	"CC>AA"	"LOC105369911"	"intergenic"	"DBS9"	1.80755651264881e-17	4
"chr12"	" 94114629"	"CC"	"AA"	"CC>AA"	"LOC105369911"	"intergenic"	"DBS2"	0.999959026657473	4
"chr13"	" 17603791"	"TT"	"AG"	"TT>AG"	"FAM230C"	"intergenic"	"DBS1"	0.430599082345096	4
"chr13"	" 17603791"	"TT"	"AG"	"TT>AG"	"FAM230C"	"intergenic"	"DBS4"	5.57103652450605e-15	4
"chr13"	" 17603791"	"TT"	"AG"	"TT>AG"	"FAM230C"	"intergenic"	"DBS9"	0.490263224233908	4
"chr13"	" 17603791"	"TT"	"AG"	"TT>AG"	"FAM230C"	"intergenic"	"DBS2"	0.0791376934209907	4
"chr13"	" 90236285"	"GA"	"TT"	"TC>AA"	"LINC01049"	"intergenic"	"DBS1"	3.6918082729642e-05	4
"chr13"	" 90236285"	"GA"	"TT"	"TC>AA"	"LINC01049"	"intergenic"	"DBS4"	0.991728966386176	4
"chr13"	" 90236285"	"GA"	"TT"	"TC>AA"	"LINC01049"	"intergenic"	"DBS9"	0.0064793109768022	4
"chr13"	" 90236285"	"GA"	"TT"	"TC>AA"	"LINC01049"	"intergenic"	"DBS2"	0.00175480455429244	4
"chr13"	" 90523653"	"CC"	"AT"	"CC>AT"	"LINC01049"	"ncRNA_intronic"	"DBS1"	0.243902244879741	4
"chr13"	" 90523653"	"CC"	"AT"	"CC>AT"	"LINC01049"	"ncRNA_intronic"	"DBS4"	0.15820310063802	4
"chr13"	" 90523653"	"CC"	"AT"	"CC>AT"	"LINC01049"	"ncRNA_intronic"	"DBS9"	0.131855612374661	4
"chr13"	" 90523653"	"CC"	"AT"	"CC>AT"	"LINC01049"	"ncRNA_intronic"	"DBS2"	0.466039042107577	4
"chr13"	" 93335674"	"CC"	"TT"	"CC>TT"	"GPC6"	"intronic"	"DBS1"	1	4
"chr13"	" 93335674"	"CC"	"TT"	"CC>TT"	"GPC6"	"intronic"	"DBS4"	6.30306665375539e-18	4
"chr13"	" 93335674"	"CC"	"TT"	"CC>TT"	"GPC6"	"intronic"	"DBS9"	5.450157682553e-18	4
"chr13"	" 93335674"	"CC"	"TT"	"CC>TT"	"GPC6"	"intronic"	"DBS2"	1.73658832525489e-18	4
"chr13"	" 94060718"	"TC"	"AA"	"TC>AA"	"GPC6"	"intronic"	"DBS1"	3.6918082729642e-05	4
"chr13"	" 94060718"	"TC"	"AA"	"TC>AA"	"GPC6"	"intronic"	"DBS4"	0.991728966386176	4
"chr13"	" 94060718"	"TC"	"AA"	"TC>AA"	"GPC6"	"intronic"	"DBS9"	0.0064793109768022	4
"chr13"	" 94060718"	"TC"	"AA"	"TC>AA"	"GPC6"	"intronic"	"DBS2"	0.00175480455429244	4
"chr13"	" 98344389"	"GA"	"TT"	"TC>AA"	"FARP1"	"intronic"	"DBS1"	3.6918082729642e-05	4
"chr13"	" 98344389"	"GA"	"TT"	"TC>AA"	"FARP1"	"intronic"	"DBS4"	0.991728966386176	4
"chr13"	" 98344389"	"GA"	"TT"	"TC>AA"	"FARP1"	"intronic"	"DBS9"	0.0064793109768022	4
"chr13"	" 98344389"	"GA"	"TT"	"TC>AA"	"FARP1"	"intronic"	"DBS2"	0.00175480455429244	4
"chr13"	"106767131"	"GG"	"TT"	"CC>AA"	"FAM155A"	"intergenic"	"DBS1"	4.09733425269899e-05	4
"chr13"	"106767131"	"GG"	"TT"	"CC>AA"	"FAM155A"	"intergenic"	"DBS4"	2.09042560660708e-17	4
"chr13"	"106767131"	"GG"	"TT"	"CC>AA"	"FAM155A"	"intergenic"	"DBS9"	1.80755651264881e-17	4
"chr13"	"106767131"	"GG"	"TT"	"CC>AA"	"FAM155A"	"intergenic"	"DBS2"	0.999959026657473	4
"chr14"	" 65678572"	"GG"	"TT"	"CC>AA"	"FUT8"	"intronic"	"DBS1"	4.09733425269899e-05	4
"chr14"	" 65678572"	"GG"	"TT"	"CC>AA"	"FUT8"	"intronic"	"DBS4"	2.09042560660708e-17	4
"chr14"	" 65678572"	"GG"	"TT"	"CC>AA"	"FUT8"	"intronic"	"DBS9"	1.80755651264881e-17	4
"chr14"	" 65678572"	"GG"	"TT"	"CC>AA"	"FUT8"	"intronic"	"DBS2"	0.999959026657473	4
"chr15"	" 38463318"	"CC"	"TT"	"CC>TT"	"FAM98B"	"intronic"	"DBS1"	1	4
"chr15"	" 38463318"	"CC"	"TT"	"CC>TT"	"FAM98B"	"intronic"	"DBS4"	6.30306665375539e-18	4
"chr15"	" 38463318"	"CC"	"TT"	"CC>TT"	"FAM98B"	"intronic"	"DBS9"	5.450157682553e-18	4
"chr15"	" 38463318"	"CC"	"TT"	"CC>TT"	"FAM98B"	"intronic"	"DBS2"	1.73658832525489e-18	4
"chr15"	" 90653144"	"GC"	"AA"	"GC>AA"	"CRTC3-AS1"	"ncRNA_intronic"	"DBS1"	0.00615264708671377	4
"chr15"	" 90653144"	"GC"	"AA"	"GC>AA"	"CRTC3-AS1"	"ncRNA_intronic"	"DBS4"	0.986779024169647	4
"chr15"	" 90653144"	"GC"	"AA"	"GC>AA"	"CRTC3-AS1"	"ncRNA_intronic"	"DBS9"	1.82096363568597e-17	4
"chr15"	" 90653144"	"GC"	"AA"	"GC>AA"	"CRTC3-AS1"	"ncRNA_intronic"	"DBS2"	0.00706832874363879	4
"chr16"	" 10460302"	"CA"	"AC"	"TG>GT"	"ATF7IP2"	"intronic"	"DBS1"	0.319687250233898	4
"chr16"	" 10460302"	"CA"	"AC"	"TG>GT"	"ATF7IP2"	"intronic"	"DBS4"	0.00419870521991663	4
"chr16"	" 10460302"	"CA"	"AC"	"TG>GT"	"ATF7IP2"	"intronic"	"DBS9"	0.291345288721304	4
"chr16"	" 10460302"	"CA"	"AC"	"TG>GT"	"ATF7IP2"	"intronic"	"DBS2"	0.384768755824882	4
"chr16"	" 17253392"	"GG"	"AA"	"CC>TT"	"XYLT1"	"intronic"	"DBS1"	1	4
"chr16"	" 17253392"	"GG"	"AA"	"CC>TT"	"XYLT1"	"intronic"	"DBS4"	6.30306665375539e-18	4
"chr16"	" 17253392"	"GG"	"AA"	"CC>TT"	"XYLT1"	"intronic"	"DBS9"	5.450157682553e-18	4
"chr16"	" 17253392"	"GG"	"AA"	"CC>TT"	"XYLT1"	"intronic"	"DBS2"	1.73658832525489e-18	4
"chr16"	" 20071613"	"GC"	"TT"	"GC>AA"	"GPR139"	"intronic"	"DBS1"	0.00615264708671377	4
"chr16"	" 20071613"	"GC"	"TT"	"GC>AA"	"GPR139"	"intronic"	"DBS4"	0.986779024169647	4
"chr16"	" 20071613"	"GC"	"TT"	"GC>AA"	"GPR139"	"intronic"	"DBS9"	1.82096363568597e-17	4
"chr16"	" 20071613"	"GC"	"TT"	"GC>AA"	"GPR139"	"intronic"	"DBS2"	0.00706832874363879	4
"chr16"	" 34163568"	"GA"	"TG"	"TC>CA"	"MIR9901"	"upstream"	"DBS1"	4.86209081099851e-05	4
"chr16"	" 34163568"	"GA"	"TG"	"TC>CA"	"MIR9901"	"upstream"	"DBS4"	0.718972546278825	4
"chr16"	" 34163568"	"GA"	"TG"	"TC>CA"	"MIR9901"	"upstream"	"DBS9"	0.278298224986548	4
"chr16"	" 34163568"	"GA"	"TG"	"TC>CA"	"MIR9901"	"upstream"	"DBS2"	0.00268060782651695	4
"chr17"	" 21920485"	"CT"	"TG"	"CT>TG"	"UBBP4"	"intergenic"	"DBS1"	0.932111032735431	4
"chr17"	" 21920485"	"CT"	"TG"	"CT>TG"	"UBBP4"	"intergenic"	"DBS4"	0.00990173944683712	4
"chr17"	" 21920485"	"CT"	"TG"	"CT>TG"	"UBBP4"	"intergenic"	"DBS9"	2.04080065114121e-15	4
"chr17"	" 21920485"	"CT"	"TG"	"CT>TG"	"UBBP4"	"intergenic"	"DBS2"	0.0579872278177303	4
"chr17"	" 38551564"	"GG"	"TT"	"CC>AA"	"SRCIN1"	"intronic"	"DBS1"	4.09733425269899e-05	4
"chr17"	" 38551564"	"GG"	"TT"	"CC>AA"	"SRCIN1"	"intronic"	"DBS4"	2.09042560660708e-17	4
"chr17"	" 38551564"	"GG"	"TT"	"CC>AA"	"SRCIN1"	"intronic"	"DBS9"	1.80755651264881e-17	4
"chr17"	" 38551564"	"GG"	"TT"	"CC>AA"	"SRCIN1"	"intronic"	"DBS2"	0.999959026657473	4
"chr18"	"  4373027"	"GG"	"AA"	"CC>TT"	"DLGAP1"	"intronic"	"DBS1"	1	4
"chr18"	"  4373027"	"GG"	"AA"	"CC>TT"	"DLGAP1"	"intronic"	"DBS4"	6.30306665375539e-18	4
"chr18"	"  4373027"	"GG"	"AA"	"CC>TT"	"DLGAP1"	"intronic"	"DBS9"	5.450157682553e-18	4
"chr18"	"  4373027"	"GG"	"AA"	"CC>TT"	"DLGAP1"	"intronic"	"DBS2"	1.73658832525489e-18	4
"chr18"	" 11154894"	"GA"	"CG"	"TC>CG"	"LINC01928"	"intergenic"	"DBS1"	0.00753082994829783	4
"chr18"	" 11154894"	"GA"	"CG"	"TC>CG"	"LINC01928"	"intergenic"	"DBS4"	0.0705228800672961	4
"chr18"	" 11154894"	"GA"	"CG"	"TC>CG"	"LINC01928"	"intergenic"	"DBS9"	0.921629094780251	4
"chr18"	" 11154894"	"GA"	"CG"	"TC>CG"	"LINC01928"	"intergenic"	"DBS2"	0.00031719520415553	4
"chr18"	" 16850771"	"GT"	"AC"	"AC>GT"	"LOC644669"	"intergenic"	"DBS1"	0.317152325549954	4
"chr18"	" 16850771"	"GT"	"AC"	"AC>GT"	"LOC644669"	"intergenic"	"DBS4"	9.27118739574776e-07	4
"chr18"	" 16850771"	"GT"	"AC"	"AC>GT"	"LOC644669"	"intergenic"	"DBS9"	0.672127054760757	4
"chr18"	" 16850771"	"GT"	"AC"	"AC>GT"	"LOC644669"	"intergenic"	"DBS2"	0.0107196925705496	4
"chr18"	" 22588708"	"GA"	"TT"	"TC>AA"	"CTAGE1"	"intergenic"	"DBS1"	3.6918082729642e-05	4
"chr18"	" 22588708"	"GA"	"TT"	"TC>AA"	"CTAGE1"	"intergenic"	"DBS4"	0.991728966386176	4
"chr18"	" 22588708"	"GA"	"TT"	"TC>AA"	"CTAGE1"	"intergenic"	"DBS9"	0.0064793109768022	4
"chr18"	" 22588708"	"GA"	"TT"	"TC>AA"	"CTAGE1"	"intergenic"	"DBS2"	0.00175480455429244	4
"chr18"	" 32879204"	"GA"	"TT"	"TC>AA"	"KLHL14"	"intergenic"	"DBS1"	3.6918082729642e-05	4
"chr18"	" 32879204"	"GA"	"TT"	"TC>AA"	"KLHL14"	"intergenic"	"DBS4"	0.991728966386176	4
"chr18"	" 32879204"	"GA"	"TT"	"TC>AA"	"KLHL14"	"intergenic"	"DBS9"	0.0064793109768022	4
"chr18"	" 32879204"	"GA"	"TT"	"TC>AA"	"KLHL14"	"intergenic"	"DBS2"	0.00175480455429244	4
"chr18"	" 52611499"	"GC"	"AA"	"GC>AA"	"DCC"	"intronic"	"DBS1"	0.00615264708671377	4
"chr18"	" 52611499"	"GC"	"AA"	"GC>AA"	"DCC"	"intronic"	"DBS4"	0.986779024169647	4
"chr18"	" 52611499"	"GC"	"AA"	"GC>AA"	"DCC"	"intronic"	"DBS9"	1.82096363568597e-17	4
"chr18"	" 52611499"	"GC"	"AA"	"GC>AA"	"DCC"	"intronic"	"DBS2"	0.00706832874363879	4
"chr18"	" 58035156"	"CA"	"AT"	"TG>AT"	"ATP8B1"	"intergenic"	"DBS1"	0.556630992860099	4
"chr18"	" 58035156"	"CA"	"AT"	"TG>AT"	"ATP8B1"	"intergenic"	"DBS4"	1.24907791290793e-15	4
"chr18"	" 58035156"	"CA"	"AT"	"TG>AT"	"ATP8B1"	"intergenic"	"DBS9"	0.0893262261800824	4
"chr18"	" 58035156"	"CA"	"AT"	"TG>AT"	"ATP8B1"	"intergenic"	"DBS2"	0.354042780959817	4
"chr19"	"  9622564"	"CC"	"AA"	"CC>AA"	"ZNF561-AS1"	"ncRNA_intronic"	"DBS1"	4.09733425269899e-05	4
"chr19"	"  9622564"	"CC"	"AA"	"CC>AA"	"ZNF561-AS1"	"ncRNA_intronic"	"DBS4"	2.09042560660708e-17	4
"chr19"	"  9622564"	"CC"	"AA"	"CC>AA"	"ZNF561-AS1"	"ncRNA_intronic"	"DBS9"	1.80755651264881e-17	4
"chr19"	"  9622564"	"CC"	"AA"	"CC>AA"	"ZNF561-AS1"	"ncRNA_intronic"	"DBS2"	0.999959026657473	4
"chr19"	" 15057785"	"GG"	"AA"	"CC>TT"	"CASP14"	"UTR3"	"DBS1"	1	4
"chr19"	" 15057785"	"GG"	"AA"	"CC>TT"	"CASP14"	"UTR3"	"DBS4"	6.30306665375539e-18	4
"chr19"	" 15057785"	"GG"	"AA"	"CC>TT"	"CASP14"	"UTR3"	"DBS9"	5.450157682553e-18	4
"chr19"	" 15057785"	"GG"	"AA"	"CC>TT"	"CASP14"	"UTR3"	"DBS2"	1.73658832525489e-18	4
"chr19"	" 19132689"	"TC"	"AA"	"TC>AA"	"TMEM161A"	"exonic"	"DBS1"	3.6918082729642e-05	4
"chr19"	" 19132689"	"TC"	"AA"	"TC>AA"	"TMEM161A"	"exonic"	"DBS4"	0.991728966386176	4
"chr19"	" 19132689"	"TC"	"AA"	"TC>AA"	"TMEM161A"	"exonic"	"DBS9"	0.0064793109768022	4
"chr19"	" 19132689"	"TC"	"AA"	"TC>AA"	"TMEM161A"	"exonic"	"DBS2"	0.00175480455429244	4
"chr19"	" 21065693"	"GA"	"TT"	"TC>AA"	"ZNF714"	"intergenic"	"DBS1"	3.6918082729642e-05	4
"chr19"	" 21065693"	"GA"	"TT"	"TC>AA"	"ZNF714"	"intergenic"	"DBS4"	0.991728966386176	4
"chr19"	" 21065693"	"GA"	"TT"	"TC>AA"	"ZNF714"	"intergenic"	"DBS9"	0.0064793109768022	4
"chr19"	" 21065693"	"GA"	"TT"	"TC>AA"	"ZNF714"	"intergenic"	"DBS2"	0.00175480455429244	4
"chr19"	" 22288408"	"TC"	"CA"	"TC>CA"	"ZNF729"	"intronic"	"DBS1"	4.86209081099851e-05	4
"chr19"	" 22288408"	"TC"	"CA"	"TC>CA"	"ZNF729"	"intronic"	"DBS4"	0.718972546278825	4
"chr19"	" 22288408"	"TC"	"CA"	"TC>CA"	"ZNF729"	"intronic"	"DBS9"	0.278298224986548	4
"chr19"	" 22288408"	"TC"	"CA"	"TC>CA"	"ZNF729"	"intronic"	"DBS2"	0.00268060782651695	4
"chr19"	" 30458998"	"GG"	"AA"	"CC>TT"	"ZNF536"	"intronic"	"DBS1"	1	4
"chr19"	" 30458998"	"GG"	"AA"	"CC>TT"	"ZNF536"	"intronic"	"DBS4"	6.30306665375539e-18	4
"chr19"	" 30458998"	"GG"	"AA"	"CC>TT"	"ZNF536"	"intronic"	"DBS9"	5.450157682553e-18	4
"chr19"	" 30458998"	"GG"	"AA"	"CC>TT"	"ZNF536"	"intronic"	"DBS2"	1.73658832525489e-18	4
"chr19"	" 34964631"	"GC"	"CG"	"GC>CG"	"ZNF792"	"upstream"	"DBS1"	0.00388419011608727	4
"chr19"	" 34964631"	"GC"	"CG"	"GC>CG"	"ZNF792"	"upstream"	"DBS4"	0.000572780092359153	4
"chr19"	" 34964631"	"GC"	"CG"	"GC>CG"	"ZNF792"	"upstream"	"DBS9"	0.977514202540716	4
"chr19"	" 34964631"	"GC"	"CG"	"GC>CG"	"ZNF792"	"upstream"	"DBS2"	0.0180288272508375	4
"chr19"	" 53608975"	"GG"	"AA"	"CC>TT"	"DPRX"	"intergenic"	"DBS1"	1	4
"chr19"	" 53608975"	"GG"	"AA"	"CC>TT"	"DPRX"	"intergenic"	"DBS4"	6.30306665375539e-18	4
"chr19"	" 53608975"	"GG"	"AA"	"CC>TT"	"DPRX"	"intergenic"	"DBS9"	5.450157682553e-18	4
"chr19"	" 53608975"	"GG"	"AA"	"CC>TT"	"DPRX"	"intergenic"	"DBS2"	1.73658832525489e-18	4
"chr19"	" 53998950"	"CC"	"TT"	"CC>TT"	"CACNG6"	"intronic"	"DBS1"	1	4
"chr19"	" 53998950"	"CC"	"TT"	"CC>TT"	"CACNG6"	"intronic"	"DBS4"	6.30306665375539e-18	4
"chr19"	" 53998950"	"CC"	"TT"	"CC>TT"	"CACNG6"	"intronic"	"DBS9"	5.450157682553e-18	4
"chr19"	" 53998950"	"CC"	"TT"	"CC>TT"	"CACNG6"	"intronic"	"DBS2"	1.73658832525489e-18	4
"chr19"	" 54758524"	"CA"	"GG"	"TG>CC"	"KIR2DL1;KIR2DL2;KIR2DS1;KIR2DS2;KIR2DS3;KIR2DS5;LOC102725023;LOC112267881"	"intronic"	"DBS1"	0.0162604112484499	4
"chr19"	" 54758524"	"CA"	"GG"	"TG>CC"	"KIR2DL1;KIR2DL2;KIR2DS1;KIR2DS2;KIR2DS3;KIR2DS5;LOC102725023;LOC112267881"	"intronic"	"DBS4"	0.0146358076853787	4
"chr19"	" 54758524"	"CA"	"GG"	"TG>CC"	"KIR2DL1;KIR2DL2;KIR2DS1;KIR2DS2;KIR2DS3;KIR2DS5;LOC102725023;LOC112267881"	"intronic"	"DBS9"	0.965753132682317	4
"chr19"	" 54758524"	"CA"	"GG"	"TG>CC"	"KIR2DL1;KIR2DL2;KIR2DS1;KIR2DS2;KIR2DS3;KIR2DS5;LOC102725023;LOC112267881"	"intronic"	"DBS2"	0.00335064838385419	4
"chr20"	"  6438513"	"GG"	"AA"	"CC>TT"	"CASC20"	"ncRNA_intronic"	"DBS1"	1	4
"chr20"	"  6438513"	"GG"	"AA"	"CC>TT"	"CASC20"	"ncRNA_intronic"	"DBS4"	6.30306665375539e-18	4
"chr20"	"  6438513"	"GG"	"AA"	"CC>TT"	"CASC20"	"ncRNA_intronic"	"DBS9"	5.450157682553e-18	4
"chr20"	"  6438513"	"GG"	"AA"	"CC>TT"	"CASC20"	"ncRNA_intronic"	"DBS2"	1.73658832525489e-18	4
"chr20"	" 20972795"	"CC"	"TT"	"CC>TT"	"RALGAPA2"	"intergenic"	"DBS1"	1	4
"chr20"	" 20972795"	"CC"	"TT"	"CC>TT"	"RALGAPA2"	"intergenic"	"DBS4"	6.30306665375539e-18	4
"chr20"	" 20972795"	"CC"	"TT"	"CC>TT"	"RALGAPA2"	"intergenic"	"DBS9"	5.450157682553e-18	4
"chr20"	" 20972795"	"CC"	"TT"	"CC>TT"	"RALGAPA2"	"intergenic"	"DBS2"	1.73658832525489e-18	4
"chr20"	" 42352344"	"GG"	"AA"	"CC>TT"	"PTPRT"	"intronic"	"DBS1"	1	4
"chr20"	" 42352344"	"GG"	"AA"	"CC>TT"	"PTPRT"	"intronic"	"DBS4"	6.30306665375539e-18	4
"chr20"	" 42352344"	"GG"	"AA"	"CC>TT"	"PTPRT"	"intronic"	"DBS9"	5.450157682553e-18	4
"chr20"	" 42352344"	"GG"	"AA"	"CC>TT"	"PTPRT"	"intronic"	"DBS2"	1.73658832525489e-18	4
"chr20"	" 46603825"	"GC"	"TT"	"GC>AA"	"SLC13A3"	"intronic"	"DBS1"	0.00615264708671377	4
"chr20"	" 46603825"	"GC"	"TT"	"GC>AA"	"SLC13A3"	"intronic"	"DBS4"	0.986779024169647	4
"chr20"	" 46603825"	"GC"	"TT"	"GC>AA"	"SLC13A3"	"intronic"	"DBS9"	1.82096363568597e-17	4
"chr20"	" 46603825"	"GC"	"TT"	"GC>AA"	"SLC13A3"	"intronic"	"DBS2"	0.00706832874363879	4
"chr20"	" 61774321"	"GC"	"AA"	"GC>AA"	"CDH4"	"intronic"	"DBS1"	0.00615264708671377	4
"chr20"	" 61774321"	"GC"	"AA"	"GC>AA"	"CDH4"	"intronic"	"DBS4"	0.986779024169647	4
"chr20"	" 61774321"	"GC"	"AA"	"GC>AA"	"CDH4"	"intronic"	"DBS9"	1.82096363568597e-17	4
"chr20"	" 61774321"	"GC"	"AA"	"GC>AA"	"CDH4"	"intronic"	"DBS2"	0.00706832874363879	4
"chr22"	" 26486641"	"GC"	"AG"	"GC>AG"	"SRRD"	"intronic"	"DBS1"	0.00146098005168058	4
"chr22"	" 26486641"	"GC"	"AG"	"GC>AG"	"SRRD"	"intronic"	"DBS4"	0.119201055074049	4
"chr22"	" 26486641"	"GC"	"AG"	"GC>AG"	"SRRD"	"intronic"	"DBS9"	0.877752370927087	4
"chr22"	" 26486641"	"GC"	"AG"	"GC>AG"	"SRRD"	"intronic"	"DBS2"	0.00158559394718327	4
"chr22"	" 46004665"	"GT"	"TG"	"AC>CA"	"WNT7B"	"intergenic"	"DBS1"	0.00308022823536902	4
"chr22"	" 46004665"	"GT"	"TG"	"AC>CA"	"WNT7B"	"intergenic"	"DBS4"	0.198229368539003	4
"chr22"	" 46004665"	"GT"	"TG"	"AC>CA"	"WNT7B"	"intergenic"	"DBS9"	0.790408193552731	4
"chr22"	" 46004665"	"GT"	"TG"	"AC>CA"	"WNT7B"	"intergenic"	"DBS2"	0.00828220967289682	4
"chrX"	" 29773412"	"GG"	"TT"	"CC>AA"	"IL1RAPL1"	"intronic"	"DBS1"	4.09733425269899e-05	4
"chrX"	" 29773412"	"GG"	"TT"	"CC>AA"	"IL1RAPL1"	"intronic"	"DBS4"	2.09042560660708e-17	4
"chrX"	" 29773412"	"GG"	"TT"	"CC>AA"	"IL1RAPL1"	"intronic"	"DBS9"	1.80755651264881e-17	4
"chrX"	" 29773412"	"GG"	"TT"	"CC>AA"	"IL1RAPL1"	"intronic"	"DBS2"	0.999959026657473	4
"chrX"	" 33648425"	"TA"	"AT"	"TA>AT"	"FAM47A"	"intergenic"	"DBS1"	0.0152985912350564	4
"chrX"	" 33648425"	"TA"	"AT"	"TA>AT"	"FAM47A"	"intergenic"	"DBS4"	0.711499818894192	4
"chrX"	" 33648425"	"TA"	"AT"	"TA>AT"	"FAM47A"	"intergenic"	"DBS9"	0.243434192401218	4
"chrX"	" 33648425"	"TA"	"AT"	"TA>AT"	"FAM47A"	"intergenic"	"DBS2"	0.0297673974695339	4
"chrX"	" 43591074"	"CC"	"GA"	"CC>GA"	"PINCR"	"intergenic"	"DBS1"	0.00899099549289489	4
"chrX"	" 43591074"	"CC"	"GA"	"CC>GA"	"PINCR"	"intergenic"	"DBS4"	0.184023159232271	4
"chrX"	" 43591074"	"CC"	"GA"	"CC>GA"	"PINCR"	"intergenic"	"DBS9"	0.382635697404128	4
"chrX"	" 43591074"	"CC"	"GA"	"CC>GA"	"PINCR"	"intergenic"	"DBS2"	0.424350147870706	4
"chrX"	" 44059515"	"GG"	"AA"	"CC>TT"	"EFHC2"	"intergenic"	"DBS1"	1	4
"chrX"	" 44059515"	"GG"	"AA"	"CC>TT"	"EFHC2"	"intergenic"	"DBS4"	6.30306665375539e-18	4
"chrX"	" 44059515"	"GG"	"AA"	"CC>TT"	"EFHC2"	"intergenic"	"DBS9"	5.450157682553e-18	4
"chrX"	" 44059515"	"GG"	"AA"	"CC>TT"	"EFHC2"	"intergenic"	"DBS2"	1.73658832525489e-18	4
"chrX"	" 53136329"	"CC"	"TT"	"CC>TT"	"KANTR"	"ncRNA_intronic"	"DBS1"	1	4
"chrX"	" 53136329"	"CC"	"TT"	"CC>TT"	"KANTR"	"ncRNA_intronic"	"DBS4"	6.30306665375539e-18	4
"chrX"	" 53136329"	"CC"	"TT"	"CC>TT"	"KANTR"	"ncRNA_intronic"	"DBS9"	5.450157682553e-18	4
"chrX"	" 53136329"	"CC"	"TT"	"CC>TT"	"KANTR"	"ncRNA_intronic"	"DBS2"	1.73658832525489e-18	4
"chrX"	" 65289655"	"AT"	"CA"	"AT>CA"	"ZC4H2"	"intergenic"	"DBS1"	0.0618961095387145	4
"chrX"	" 65289655"	"AT"	"CA"	"AT>CA"	"ZC4H2"	"intergenic"	"DBS4"	0.0908767810391852	4
"chrX"	" 65289655"	"AT"	"CA"	"AT>CA"	"ZC4H2"	"intergenic"	"DBS9"	0.845492681630136	4
"chrX"	" 65289655"	"AT"	"CA"	"AT>CA"	"ZC4H2"	"intergenic"	"DBS2"	0.00173442779196423	4
"chrX"	" 80432401"	"GG"	"AA"	"CC>TT"	"TENT5D"	"intronic"	"DBS1"	1	4
"chrX"	" 80432401"	"GG"	"AA"	"CC>TT"	"TENT5D"	"intronic"	"DBS4"	6.30306665375539e-18	4
"chrX"	" 80432401"	"GG"	"AA"	"CC>TT"	"TENT5D"	"intronic"	"DBS9"	5.450157682553e-18	4
"chrX"	" 80432401"	"GG"	"AA"	"CC>TT"	"TENT5D"	"intronic"	"DBS2"	1.73658832525489e-18	4
"chrX"	" 80574496"	"CC"	"TT"	"CC>TT"	"TENT5D"	"intergenic"	"DBS1"	1	4
"chrX"	" 80574496"	"CC"	"TT"	"CC>TT"	"TENT5D"	"intergenic"	"DBS4"	6.30306665375539e-18	4
"chrX"	" 80574496"	"CC"	"TT"	"CC>TT"	"TENT5D"	"intergenic"	"DBS9"	5.450157682553e-18	4
"chrX"	" 80574496"	"CC"	"TT"	"CC>TT"	"TENT5D"	"intergenic"	"DBS2"	1.73658832525489e-18	4
"chrX"	"109813276"	"CC"	"TT"	"CC>TT"	"LOC105373311"	"intergenic"	"DBS1"	1	4
"chrX"	"109813276"	"CC"	"TT"	"CC>TT"	"LOC105373311"	"intergenic"	"DBS4"	6.30306665375539e-18	4
"chrX"	"109813276"	"CC"	"TT"	"CC>TT"	"LOC105373311"	"intergenic"	"DBS9"	5.450157682553e-18	4
"chrX"	"109813276"	"CC"	"TT"	"CC>TT"	"LOC105373311"	"intergenic"	"DBS2"	1.73658832525489e-18	4
