Mutation_Type,SNP SBS,SBS sc_E,SBS sc_F
A[C>A]A,0.0035659,0.009226032,0.0078886793
A[C>A]C,0.01320994,0.0006296941,0.0032742581
A[C>A]G,0.00387927,0.000135584,0.000929175
A[C>A]T,0.00314465,0.0067390127,0.0046959112
C[C>A]A,0.00437612,0.0017259522,0.0019984401
C[C>A]C,0.00932513,0.0006964061,0.0012332001
C[C>A]G,0.00443423,0.000387109,0.000808312
C[C>A]T,0.00470345,0.0036923974,0.0022851591
G[C>A]A,0.00877735,0.0065683297,0.0047267282
G[C>A]C,0.00931293,0.0010253921,0.0037497652
G[C>A]G,0.00639833,7.01E-05,0.000782792
G[C>A]T,0.0034034,0.0071197728,0.0054501362
T[C>A]A,0.00372287,0.0037282934,0.0055237982
T[C>A]C,0.00953248,0.0015742982,0.0050532062
T[C>A]G,0.00378159,0.0004718131,0.000403742
T[C>A]T,0.00580136,0.0017126102,0.000144908
A[C>G]A,0.01043465,0.0030809963,0.001182604
A[C>G]C,0.00822472,0.0044074565,0.001095256
A[C>G]G,0.00360223,0.0007411091,2.94E-05
A[C>G]T,0.01147314,0.0032779674,0.0019391921
C[C>G]A,0.00804286,0.0007710801,0.000504671
C[C>G]C,0.01193282,0.0020317602,0.000445706
C[C>G]G,0.00592301,0.0008724091,0.00014247
C[C>G]T,0.01371715,0.0010963301,0.000512173
G[C>G]A,0.00757918,0.0008540541,0.000449813
G[C>G]C,0.00678122,0.0021217612,0.000709797
G[C>G]G,0.00606501,0.000422757,9.19E-06
G[C>G]T,0.00969083,0.0035935714,0.0019063411
T[C>G]A,0.01132078,0.0019733512,9.4E-05
T[C>G]C,0.0086448,0.000308542,0.000640202
T[C>G]G,0.00434768,9E-05,6.76E-06
T[C>G]T,0.01940701,0.0012474341,0.000844871
A[C>T]A,0.00261467,0.0113841722,0.0674378338
A[C>T]C,0.00171379,0.0121641523,0.0447620518
A[C>T]G,0.009079,0,0.0053460972
A[C>T]T,0.00279491,0.009523157,0.0578617524
C[C>T]A,0.00086169,0.0266431159,0.0669541367
C[C>T]C,0.00112819,0.0232756985,0.0605047955
C[C>T]G,0.0085917,0.0081946009,0.0124776955
C[C>T]T,0.00205554,0.0144046995,0.0717848699
G[C>T]A,0.00199994,0.1620084993,0.0703815529
G[C>T]C,0.00184806,0.2023326786,0.0810196853
G[C>T]G,0.00735397,0.0167536548,0.0092418504
G[C>T]T,0.00280376,0.1146290663,0.0707091719
T[C>T]A,0.00066712,0.0039543404,0.0503881351
T[C>T]C,0.00030095,0.0041334394,0.0672720338
T[C>T]G,0.00458902,0,0.0047497462
T[C>T]T,0.00170775,0.0115694622,0.0765521241
A[T>A]A,0.00323849,0.0017471892,0.0013264651
A[T>A]C,0.00870848,0.0025724843,0.000414562
A[T>A]G,0.00572949,0.0015841742,0.000479355
A[T>A]T,0.00684619,0.0081005149,0.0037558112
C[T>A]A,0.00092289,0.0019959132,0.000359142
C[T>A]C,0.00210956,0.0036854924,0.0014317111
C[T>A]G,0.0039986,0.0023730333,0.0018296971
C[T>A]T,0.00082059,0.0046305135,0.0018212131
G[T>A]A,0.00174969,0.0006995571,0.000489614
G[T>A]C,0.0035331,0.0014706322,0.000674726
G[T>A]G,0.0050211,0.0015603582,0.000553368
G[T>A]T,0.00173487,0.0035382624,0.0023185791
T[T>A]A,0.01020269,0.0041609454,0.0013668001
T[T>A]C,0.00368431,0.0010881711,0.0009347
T[T>A]G,0.0021101,0.0018915492,0.000529189
T[T>A]T,0.00735919,0.0036587734,0.0041724342
A[T>C]A,0.05248306,0.0158203747,0.0071513793
A[T>C]C,0.02356268,0.0120783943,0.0047375532
A[T>C]G,0.10298602,0.0143078615,0.0066223233
A[T>C]T,0.04323767,0.0106862711,0.0050871192
C[T>C]A,0.0171069,0.0144006885,0.0056350112
C[T>C]C,0.01839437,0.018922373,0.0072253813
C[T>C]G,0.06446983,0.0411852954,0.0136184676
C[T>C]T,0.01534132,0.0125748263,0.0040777252
G[T>C]A,0.0162268,0.0202765362,0.0073847803
G[T>C]C,0.01704333,0.0129165314,0.0039854402
G[T>C]G,0.05059117,0.0213816493,0.0062305993
G[T>C]T,0.01867473,0.0113481742,0.0047087072
T[T>C]A,0.02360914,0.0105488301,0.0048335022
T[T>C]C,0.02074464,0.0108197302,0.0040519032
T[T>C]G,0.0445614,0.0148772806,0.0040234212
T[T>C]T,0.02702003,0.0068912327,0.0038627422
A[T>G]A,0.00374724,0.000257075,0.00089847
A[T>G]C,0.00372131,0.0011943691,0.000537857
A[T>G]G,0.00625828,0.0012011241,7.83E-05
A[T>G]T,0.00424399,0.0004714591,0.000277253
C[T>G]A,0.00434428,0.000356192,0.000238888
C[T>G]C,0.00720395,0.000400384,0.000329769
C[T>G]G,0.01040174,0.0010444111,0.000596808
C[T>G]T,0.00095825,6.89E-05,0.000169449
G[T>G]A,0.00282096,0.0006482871,0.0006042
G[T>G]C,0.00391222,0.0013365161,0.000308461
G[T>G]G,0.00066771,0.0015834312,0.000115032
G[T>G]T,0.00700881,0.0014266832,0.000321757
T[T>G]A,0.00442957,0.000185026,0.001035877
T[T>G]C,0.00542382,0.0010611081,0.000383142
T[T>G]G,0.00706692,0.0015189062,0.001004307
T[T>G]T,0.00930236,8.84E-05,0.000502817
