"Mutation_Type"	"Mutation_Type_Group"	"Frequency"
"AA[C>A]AA"	""	47
"AA[C>A]AC"	""	12
"AA[C>A]AG"	""	11
"AA[C>A]AT"	""	13
"AA[C>A]CA"	""	18
"AA[C>A]CC"	""	7
"AA[C>A]CG"	""	2
"AA[C>A]CT"	""	14
"AA[C>A]GA"	""	14
"AA[C>A]GC"	""	2
"AA[C>A]GG"	""	2
"AA[C>A]GT"	""	4
"AA[C>A]TA"	""	15
"AA[C>A]TC"	""	14
"AA[C>A]TG"	""	5
"AA[C>A]TT"	""	28
"AC[C>A]AA"	""	17
"AC[C>A]AC"	""	17
"AC[C>A]AG"	""	11
"AC[C>A]AT"	""	12
"AC[C>A]CA"	""	23
"AC[C>A]CC"	""	15
"AC[C>A]CG"	""	2
"AC[C>A]CT"	""	6
"AC[C>A]GA"	""	9
"AC[C>A]GC"	""	1
"AC[C>A]GG"	""	2
"AC[C>A]GT"	""	8
"AC[C>A]TA"	""	11
"AC[C>A]TC"	""	15
"AC[C>A]TG"	""	12
"AC[C>A]TT"	""	21
"AG[C>A]AA"	""	37
"AG[C>A]AC"	""	14
"AG[C>A]AG"	""	15
"AG[C>A]AT"	""	13
"AG[C>A]CA"	""	13
"AG[C>A]CC"	""	9
"AG[C>A]CG"	""	1
"AG[C>A]CT"	""	10
"AG[C>A]GA"	""	9
"AG[C>A]GC"	""	0
"AG[C>A]GG"	""	2
"AG[C>A]GT"	""	1
"AG[C>A]TA"	""	17
"AG[C>A]TC"	""	14
"AG[C>A]TG"	""	7
"AG[C>A]TT"	""	18
"AT[C>A]AA"	""	20
"AT[C>A]AC"	""	8
"AT[C>A]AG"	""	10
"AT[C>A]AT"	""	19
"AT[C>A]CA"	""	8
"AT[C>A]CC"	""	11
"AT[C>A]CG"	""	3
"AT[C>A]CT"	""	13
"AT[C>A]GA"	""	6
"AT[C>A]GC"	""	1
"AT[C>A]GG"	""	3
"AT[C>A]GT"	""	3
"AT[C>A]TA"	""	13
"AT[C>A]TC"	""	11
"AT[C>A]TG"	""	14
"AT[C>A]TT"	""	23
"CA[C>A]AA"	""	22
"CA[C>A]AC"	""	16
"CA[C>A]AG"	""	8
"CA[C>A]AT"	""	13
"CA[C>A]CA"	""	13
"CA[C>A]CC"	""	18
"CA[C>A]CG"	""	2
"CA[C>A]CT"	""	13
"CA[C>A]GA"	""	9
"CA[C>A]GC"	""	4
"CA[C>A]GG"	""	1
"CA[C>A]GT"	""	4
"CA[C>A]TA"	""	13
"CA[C>A]TC"	""	9
"CA[C>A]TG"	""	7
"CA[C>A]TT"	""	16
"CC[C>A]AA"	""	25
"CC[C>A]AC"	""	20
"CC[C>A]AG"	""	12
"CC[C>A]AT"	""	10
"CC[C>A]CA"	""	15
"CC[C>A]CC"	""	9
"CC[C>A]CG"	""	4
"CC[C>A]CT"	""	10
"CC[C>A]GA"	""	19
"CC[C>A]GC"	""	0
"CC[C>A]GG"	""	3
"CC[C>A]GT"	""	5
"CC[C>A]TA"	""	8
"CC[C>A]TC"	""	14
"CC[C>A]TG"	""	6
"CC[C>A]TT"	""	17
"CG[C>A]AA"	""	11
"CG[C>A]AC"	""	4
"CG[C>A]AG"	""	0
"CG[C>A]AT"	""	3
"CG[C>A]CA"	""	7
"CG[C>A]CC"	""	5
"CG[C>A]CG"	""	2
"CG[C>A]CT"	""	8
"CG[C>A]GA"	""	6
"CG[C>A]GC"	""	5
"CG[C>A]GG"	""	4
"CG[C>A]GT"	""	6
"CG[C>A]TA"	""	4
"CG[C>A]TC"	""	3
"CG[C>A]TG"	""	1
"CG[C>A]TT"	""	5
"CT[C>A]AA"	""	16
"CT[C>A]AC"	""	16
"CT[C>A]AG"	""	6
"CT[C>A]AT"	""	13
"CT[C>A]CA"	""	12
"CT[C>A]CC"	""	10
"CT[C>A]CG"	""	0
"CT[C>A]CT"	""	14
"CT[C>A]GA"	""	12
"CT[C>A]GC"	""	2
"CT[C>A]GG"	""	2
"CT[C>A]GT"	""	7
"CT[C>A]TA"	""	14
"CT[C>A]TC"	""	12
"CT[C>A]TG"	""	6
"CT[C>A]TT"	""	26
"GA[C>A]AA"	""	29
"GA[C>A]AC"	""	14
"GA[C>A]AG"	""	10
"GA[C>A]AT"	""	13
"GA[C>A]CA"	""	16
"GA[C>A]CC"	""	4
"GA[C>A]CG"	""	1
"GA[C>A]CT"	""	10
"GA[C>A]GA"	""	7
"GA[C>A]GC"	""	1
"GA[C>A]GG"	""	0
"GA[C>A]GT"	""	10
"GA[C>A]TA"	""	11
"GA[C>A]TC"	""	12
"GA[C>A]TG"	""	5
"GA[C>A]TT"	""	8
"GC[C>A]AA"	""	4
"GC[C>A]AC"	""	7
"GC[C>A]AG"	""	7
"GC[C>A]AT"	""	7
"GC[C>A]CA"	""	6
"GC[C>A]CC"	""	4
"GC[C>A]CG"	""	0
"GC[C>A]CT"	""	7
"GC[C>A]GA"	""	3
"GC[C>A]GC"	""	2
"GC[C>A]GG"	""	4
"GC[C>A]GT"	""	2
"GC[C>A]TA"	""	4
"GC[C>A]TC"	""	6
"GC[C>A]TG"	""	5
"GC[C>A]TT"	""	7
"GG[C>A]AA"	""	38
"GG[C>A]AC"	""	16
"GG[C>A]AG"	""	16
"GG[C>A]AT"	""	9
"GG[C>A]CA"	""	13
"GG[C>A]CC"	""	3
"GG[C>A]CG"	""	4
"GG[C>A]CT"	""	13
"GG[C>A]GA"	""	18
"GG[C>A]GC"	""	7
"GG[C>A]GG"	""	2
"GG[C>A]GT"	""	11
"GG[C>A]TA"	""	11
"GG[C>A]TC"	""	10
"GG[C>A]TG"	""	11
"GG[C>A]TT"	""	13
"GT[C>A]AA"	""	18
"GT[C>A]AC"	""	7
"GT[C>A]AG"	""	4
"GT[C>A]AT"	""	11
"GT[C>A]CA"	""	7
"GT[C>A]CC"	""	8
"GT[C>A]CG"	""	2
"GT[C>A]CT"	""	3
"GT[C>A]GA"	""	6
"GT[C>A]GC"	""	1
"GT[C>A]GG"	""	2
"GT[C>A]GT"	""	15
"GT[C>A]TA"	""	13
"GT[C>A]TC"	""	14
"GT[C>A]TG"	""	5
"GT[C>A]TT"	""	17
"TA[C>A]AA"	""	26
"TA[C>A]AC"	""	13
"TA[C>A]AG"	""	8
"TA[C>A]AT"	""	24
"TA[C>A]CA"	""	14
"TA[C>A]CC"	""	7
"TA[C>A]CG"	""	0
"TA[C>A]CT"	""	17
"TA[C>A]GA"	""	17
"TA[C>A]GC"	""	0
"TA[C>A]GG"	""	2
"TA[C>A]GT"	""	5
"TA[C>A]TA"	""	10
"TA[C>A]TC"	""	7
"TA[C>A]TG"	""	5
"TA[C>A]TT"	""	28
"TC[C>A]AA"	""	38
"TC[C>A]AC"	""	13
"TC[C>A]AG"	""	7
"TC[C>A]AT"	""	12
"TC[C>A]CA"	""	14
"TC[C>A]CC"	""	5
"TC[C>A]CG"	""	2
"TC[C>A]CT"	""	9
"TC[C>A]GA"	""	7
"TC[C>A]GC"	""	3
"TC[C>A]GG"	""	4
"TC[C>A]GT"	""	13
"TC[C>A]TA"	""	13
"TC[C>A]TC"	""	15
"TC[C>A]TG"	""	6
"TC[C>A]TT"	""	19
"TG[C>A]AA"	""	17
"TG[C>A]AC"	""	11
"TG[C>A]AG"	""	9
"TG[C>A]AT"	""	15
"TG[C>A]CA"	""	12
"TG[C>A]CC"	""	10
"TG[C>A]CG"	""	2
"TG[C>A]CT"	""	12
"TG[C>A]GA"	""	2
"TG[C>A]GC"	""	2
"TG[C>A]GG"	""	1
"TG[C>A]GT"	""	8
"TG[C>A]TA"	""	4
"TG[C>A]TC"	""	7
"TG[C>A]TG"	""	7
"TG[C>A]TT"	""	20
"TT[C>A]AA"	""	20
"TT[C>A]AC"	""	11
"TT[C>A]AG"	""	8
"TT[C>A]AT"	""	16
"TT[C>A]CA"	""	9
"TT[C>A]CC"	""	8
"TT[C>A]CG"	""	1
"TT[C>A]CT"	""	18
"TT[C>A]GA"	""	10
"TT[C>A]GC"	""	2
"TT[C>A]GG"	""	2
"TT[C>A]GT"	""	12
"TT[C>A]TA"	""	21
"TT[C>A]TC"	""	29
"TT[C>A]TG"	""	11
"TT[C>A]TT"	""	65
"AA[C>G]AA"	""	11
"AA[C>G]AC"	""	10
"AA[C>G]AG"	""	10
"AA[C>G]AT"	""	13
"AA[C>G]CA"	""	11
"AA[C>G]CC"	""	4
"AA[C>G]CG"	""	1
"AA[C>G]CT"	""	9
"AA[C>G]GA"	""	9
"AA[C>G]GC"	""	2
"AA[C>G]GG"	""	2
"AA[C>G]GT"	""	4
"AA[C>G]TA"	""	9
"AA[C>G]TC"	""	6
"AA[C>G]TG"	""	7
"AA[C>G]TT"	""	20
"AC[C>G]AA"	""	13
"AC[C>G]AC"	""	5
"AC[C>G]AG"	""	5
"AC[C>G]AT"	""	8
"AC[C>G]CA"	""	9
"AC[C>G]CC"	""	5
"AC[C>G]CG"	""	1
"AC[C>G]CT"	""	8
"AC[C>G]GA"	""	9
"AC[C>G]GC"	""	4
"AC[C>G]GG"	""	4
"AC[C>G]GT"	""	12
"AC[C>G]TA"	""	6
"AC[C>G]TC"	""	13
"AC[C>G]TG"	""	9
"AC[C>G]TT"	""	16
"AG[C>G]AA"	""	15
"AG[C>G]AC"	""	6
"AG[C>G]AG"	""	8
"AG[C>G]AT"	""	2
"AG[C>G]CA"	""	8
"AG[C>G]CC"	""	5
"AG[C>G]CG"	""	1
"AG[C>G]CT"	""	7
"AG[C>G]GA"	""	6
"AG[C>G]GC"	""	3
"AG[C>G]GG"	""	6
"AG[C>G]GT"	""	2
"AG[C>G]TA"	""	3
"AG[C>G]TC"	""	9
"AG[C>G]TG"	""	9
"AG[C>G]TT"	""	11
"AT[C>G]AA"	""	19
"AT[C>G]AC"	""	8
"AT[C>G]AG"	""	4
"AT[C>G]AT"	""	11
"AT[C>G]CA"	""	10
"AT[C>G]CC"	""	6
"AT[C>G]CG"	""	1
"AT[C>G]CT"	""	9
"AT[C>G]GA"	""	3
"AT[C>G]GC"	""	2
"AT[C>G]GG"	""	0
"AT[C>G]GT"	""	5
"AT[C>G]TA"	""	12
"AT[C>G]TC"	""	15
"AT[C>G]TG"	""	7
"AT[C>G]TT"	""	21
"CA[C>G]AA"	""	10
"CA[C>G]AC"	""	8
"CA[C>G]AG"	""	7
"CA[C>G]AT"	""	12
"CA[C>G]CA"	""	11
"CA[C>G]CC"	""	5
"CA[C>G]CG"	""	2
"CA[C>G]CT"	""	12
"CA[C>G]GA"	""	7
"CA[C>G]GC"	""	7
"CA[C>G]GG"	""	1
"CA[C>G]GT"	""	8
"CA[C>G]TA"	""	7
"CA[C>G]TC"	""	10
"CA[C>G]TG"	""	7
"CA[C>G]TT"	""	9
"CC[C>G]AA"	""	15
"CC[C>G]AC"	""	9
"CC[C>G]AG"	""	12
"CC[C>G]AT"	""	11
"CC[C>G]CA"	""	10
"CC[C>G]CC"	""	10
"CC[C>G]CG"	""	4
"CC[C>G]CT"	""	4
"CC[C>G]GA"	""	5
"CC[C>G]GC"	""	2
"CC[C>G]GG"	""	7
"CC[C>G]GT"	""	9
"CC[C>G]TA"	""	6
"CC[C>G]TC"	""	4
"CC[C>G]TG"	""	11
"CC[C>G]TT"	""	12
"CG[C>G]AA"	""	8
"CG[C>G]AC"	""	8
"CG[C>G]AG"	""	3
"CG[C>G]AT"	""	3
"CG[C>G]CA"	""	3
"CG[C>G]CC"	""	1
"CG[C>G]CG"	""	5
"CG[C>G]CT"	""	6
"CG[C>G]GA"	""	4
"CG[C>G]GC"	""	2
"CG[C>G]GG"	""	2
"CG[C>G]GT"	""	2
"CG[C>G]TA"	""	2
"CG[C>G]TC"	""	7
"CG[C>G]TG"	""	3
"CG[C>G]TT"	""	10
"CT[C>G]AA"	""	16
"CT[C>G]AC"	""	13
"CT[C>G]AG"	""	7
"CT[C>G]AT"	""	8
"CT[C>G]CA"	""	15
"CT[C>G]CC"	""	7
"CT[C>G]CG"	""	4
"CT[C>G]CT"	""	16
"CT[C>G]GA"	""	4
"CT[C>G]GC"	""	0
"CT[C>G]GG"	""	3
"CT[C>G]GT"	""	3
"CT[C>G]TA"	""	13
"CT[C>G]TC"	""	12
"CT[C>G]TG"	""	12
"CT[C>G]TT"	""	17
"GA[C>G]AA"	""	11
"GA[C>G]AC"	""	8
"GA[C>G]AG"	""	8
"GA[C>G]AT"	""	6
"GA[C>G]CA"	""	8
"GA[C>G]CC"	""	8
"GA[C>G]CG"	""	0
"GA[C>G]CT"	""	6
"GA[C>G]GA"	""	5
"GA[C>G]GC"	""	2
"GA[C>G]GG"	""	3
"GA[C>G]GT"	""	12
"GA[C>G]TA"	""	6
"GA[C>G]TC"	""	5
"GA[C>G]TG"	""	6
"GA[C>G]TT"	""	7
"GC[C>G]AA"	""	0
"GC[C>G]AC"	""	4
"GC[C>G]AG"	""	8
"GC[C>G]AT"	""	3
"GC[C>G]CA"	""	5
"GC[C>G]CC"	""	2
"GC[C>G]CG"	""	0
"GC[C>G]CT"	""	4
"GC[C>G]GA"	""	1
"GC[C>G]GC"	""	1
"GC[C>G]GG"	""	4
"GC[C>G]GT"	""	5
"GC[C>G]TA"	""	3
"GC[C>G]TC"	""	4
"GC[C>G]TG"	""	7
"GC[C>G]TT"	""	3
"GG[C>G]AA"	""	9
"GG[C>G]AC"	""	3
"GG[C>G]AG"	""	1
"GG[C>G]AT"	""	4
"GG[C>G]CA"	""	4
"GG[C>G]CC"	""	4
"GG[C>G]CG"	""	0
"GG[C>G]CT"	""	3
"GG[C>G]GA"	""	6
"GG[C>G]GC"	""	2
"GG[C>G]GG"	""	4
"GG[C>G]GT"	""	6
"GG[C>G]TA"	""	6
"GG[C>G]TC"	""	0
"GG[C>G]TG"	""	5
"GG[C>G]TT"	""	8
"GT[C>G]AA"	""	8
"GT[C>G]AC"	""	1
"GT[C>G]AG"	""	3
"GT[C>G]AT"	""	6
"GT[C>G]CA"	""	6
"GT[C>G]CC"	""	5
"GT[C>G]CG"	""	0
"GT[C>G]CT"	""	6
"GT[C>G]GA"	""	2
"GT[C>G]GC"	""	1
"GT[C>G]GG"	""	2
"GT[C>G]GT"	""	4
"GT[C>G]TA"	""	4
"GT[C>G]TC"	""	14
"GT[C>G]TG"	""	6
"GT[C>G]TT"	""	10
"TA[C>G]AA"	""	21
"TA[C>G]AC"	""	11
"TA[C>G]AG"	""	5
"TA[C>G]AT"	""	14
"TA[C>G]CA"	""	4
"TA[C>G]CC"	""	9
"TA[C>G]CG"	""	0
"TA[C>G]CT"	""	14
"TA[C>G]GA"	""	5
"TA[C>G]GC"	""	3
"TA[C>G]GG"	""	2
"TA[C>G]GT"	""	10
"TA[C>G]TA"	""	11
"TA[C>G]TC"	""	7
"TA[C>G]TG"	""	3
"TA[C>G]TT"	""	20
"TC[C>G]AA"	""	18
"TC[C>G]AC"	""	13
"TC[C>G]AG"	""	5
"TC[C>G]AT"	""	8
"TC[C>G]CA"	""	7
"TC[C>G]CC"	""	10
"TC[C>G]CG"	""	2
"TC[C>G]CT"	""	13
"TC[C>G]GA"	""	7
"TC[C>G]GC"	""	2
"TC[C>G]GG"	""	3
"TC[C>G]GT"	""	14
"TC[C>G]TA"	""	6
"TC[C>G]TC"	""	12
"TC[C>G]TG"	""	9
"TC[C>G]TT"	""	16
"TG[C>G]AA"	""	12
"TG[C>G]AC"	""	5
"TG[C>G]AG"	""	3
"TG[C>G]AT"	""	17
"TG[C>G]CA"	""	7
"TG[C>G]CC"	""	7
"TG[C>G]CG"	""	0
"TG[C>G]CT"	""	13
"TG[C>G]GA"	""	5
"TG[C>G]GC"	""	0
"TG[C>G]GG"	""	1
"TG[C>G]GT"	""	2
"TG[C>G]TA"	""	7
"TG[C>G]TC"	""	4
"TG[C>G]TG"	""	4
"TG[C>G]TT"	""	18
"TT[C>G]AA"	""	29
"TT[C>G]AC"	""	9
"TT[C>G]AG"	""	4
"TT[C>G]AT"	""	14
"TT[C>G]CA"	""	7
"TT[C>G]CC"	""	5
"TT[C>G]CG"	""	0
"TT[C>G]CT"	""	13
"TT[C>G]GA"	""	7
"TT[C>G]GC"	""	1
"TT[C>G]GG"	""	3
"TT[C>G]GT"	""	8
"TT[C>G]TA"	""	9
"TT[C>G]TC"	""	19
"TT[C>G]TG"	""	13
"TT[C>G]TT"	""	38
"AA[C>T]AA"	""	15
"AA[C>T]AC"	""	11
"AA[C>T]AG"	""	15
"AA[C>T]AT"	""	21
"AA[C>T]CA"	""	10
"AA[C>T]CC"	""	9
"AA[C>T]CG"	""	11
"AA[C>T]CT"	""	11
"AA[C>T]GA"	""	12
"AA[C>T]GC"	""	6
"AA[C>T]GG"	""	14
"AA[C>T]GT"	""	13
"AA[C>T]TA"	""	24
"AA[C>T]TC"	""	16
"AA[C>T]TG"	""	15
"AA[C>T]TT"	""	16
"AC[C>T]AA"	""	17
"AC[C>T]AC"	""	18
"AC[C>T]AG"	""	9
"AC[C>T]AT"	""	4
"AC[C>T]CA"	""	16
"AC[C>T]CC"	""	10
"AC[C>T]CG"	""	16
"AC[C>T]CT"	""	10
"AC[C>T]GA"	""	4
"AC[C>T]GC"	""	9
"AC[C>T]GG"	""	18
"AC[C>T]GT"	""	13
"AC[C>T]TA"	""	18
"AC[C>T]TC"	""	10
"AC[C>T]TG"	""	16
"AC[C>T]TT"	""	20
"AG[C>T]AA"	""	7
"AG[C>T]AC"	""	11
"AG[C>T]AG"	""	12
"AG[C>T]AT"	""	11
"AG[C>T]CA"	""	10
"AG[C>T]CC"	""	11
"AG[C>T]CG"	""	9
"AG[C>T]CT"	""	11
"AG[C>T]GA"	""	11
"AG[C>T]GC"	""	3
"AG[C>T]GG"	""	13
"AG[C>T]GT"	""	7
"AG[C>T]TA"	""	14
"AG[C>T]TC"	""	6
"AG[C>T]TG"	""	14
"AG[C>T]TT"	""	11
"AT[C>T]AA"	""	19
"AT[C>T]AC"	""	21
"AT[C>T]AG"	""	21
"AT[C>T]AT"	""	27
"AT[C>T]CA"	""	14
"AT[C>T]CC"	""	13
"AT[C>T]CG"	""	5
"AT[C>T]CT"	""	12
"AT[C>T]GA"	""	7
"AT[C>T]GC"	""	4
"AT[C>T]GG"	""	9
"AT[C>T]GT"	""	16
"AT[C>T]TA"	""	17
"AT[C>T]TC"	""	20
"AT[C>T]TG"	""	18
"AT[C>T]TT"	""	20
"CA[C>T]AA"	""	6
"CA[C>T]AC"	""	11
"CA[C>T]AG"	""	9
"CA[C>T]AT"	""	20
"CA[C>T]CA"	""	16
"CA[C>T]CC"	""	14
"CA[C>T]CG"	""	2
"CA[C>T]CT"	""	14
"CA[C>T]GA"	""	8
"CA[C>T]GC"	""	12
"CA[C>T]GG"	""	16
"CA[C>T]GT"	""	13
"CA[C>T]TA"	""	14
"CA[C>T]TC"	""	6
"CA[C>T]TG"	""	10
"CA[C>T]TT"	""	15
"CC[C>T]AA"	""	8
"CC[C>T]AC"	""	16
"CC[C>T]AG"	""	15
"CC[C>T]AT"	""	20
"CC[C>T]CA"	""	17
"CC[C>T]CC"	""	11
"CC[C>T]CG"	""	10
"CC[C>T]CT"	""	13
"CC[C>T]GA"	""	21
"CC[C>T]GC"	""	16
"CC[C>T]GG"	""	30
"CC[C>T]GT"	""	15
"CC[C>T]TA"	""	15
"CC[C>T]TC"	""	14
"CC[C>T]TG"	""	15
"CC[C>T]TT"	""	32
"CG[C>T]AA"	""	4
"CG[C>T]AC"	""	12
"CG[C>T]AG"	""	6
"CG[C>T]AT"	""	5
"CG[C>T]CA"	""	6
"CG[C>T]CC"	""	10
"CG[C>T]CG"	""	4
"CG[C>T]CT"	""	11
"CG[C>T]GA"	""	8
"CG[C>T]GC"	""	8
"CG[C>T]GG"	""	14
"CG[C>T]GT"	""	12
"CG[C>T]TA"	""	6
"CG[C>T]TC"	""	7
"CG[C>T]TG"	""	4
"CG[C>T]TT"	""	4
"CT[C>T]AA"	""	8
"CT[C>T]AC"	""	25
"CT[C>T]AG"	""	17
"CT[C>T]AT"	""	17
"CT[C>T]CA"	""	16
"CT[C>T]CC"	""	25
"CT[C>T]CG"	""	11
"CT[C>T]CT"	""	23
"CT[C>T]GA"	""	13
"CT[C>T]GC"	""	9
"CT[C>T]GG"	""	17
"CT[C>T]GT"	""	26
"CT[C>T]TA"	""	16
"CT[C>T]TC"	""	36
"CT[C>T]TG"	""	22
"CT[C>T]TT"	""	27
"GA[C>T]AA"	""	12
"GA[C>T]AC"	""	11
"GA[C>T]AG"	""	11
"GA[C>T]AT"	""	9
"GA[C>T]CA"	""	13
"GA[C>T]CC"	""	3
"GA[C>T]CG"	""	3
"GA[C>T]CT"	""	13
"GA[C>T]GA"	""	16
"GA[C>T]GC"	""	5
"GA[C>T]GG"	""	19
"GA[C>T]GT"	""	11
"GA[C>T]TA"	""	7
"GA[C>T]TC"	""	10
"GA[C>T]TG"	""	10
"GA[C>T]TT"	""	11
"GC[C>T]AA"	""	5
"GC[C>T]AC"	""	3
"GC[C>T]AG"	""	10
"GC[C>T]AT"	""	7
"GC[C>T]CA"	""	6
"GC[C>T]CC"	""	6
"GC[C>T]CG"	""	6
"GC[C>T]CT"	""	6
"GC[C>T]GA"	""	3
"GC[C>T]GC"	""	5
"GC[C>T]GG"	""	18
"GC[C>T]GT"	""	9
"GC[C>T]TA"	""	5
"GC[C>T]TC"	""	15
"GC[C>T]TG"	""	8
"GC[C>T]TT"	""	8
"GG[C>T]AA"	""	8
"GG[C>T]AC"	""	17
"GG[C>T]AG"	""	21
"GG[C>T]AT"	""	7
"GG[C>T]CA"	""	8
"GG[C>T]CC"	""	14
"GG[C>T]CG"	""	17
"GG[C>T]CT"	""	8
"GG[C>T]GA"	""	11
"GG[C>T]GC"	""	16
"GG[C>T]GG"	""	31
"GG[C>T]GT"	""	19
"GG[C>T]TA"	""	9
"GG[C>T]TC"	""	14
"GG[C>T]TG"	""	17
"GG[C>T]TT"	""	8
"GT[C>T]AA"	""	18
"GT[C>T]AC"	""	13
"GT[C>T]AG"	""	8
"GT[C>T]AT"	""	9
"GT[C>T]CA"	""	10
"GT[C>T]CC"	""	14
"GT[C>T]CG"	""	8
"GT[C>T]CT"	""	7
"GT[C>T]GA"	""	12
"GT[C>T]GC"	""	2
"GT[C>T]GG"	""	13
"GT[C>T]GT"	""	11
"GT[C>T]TA"	""	11
"GT[C>T]TC"	""	25
"GT[C>T]TG"	""	13
"GT[C>T]TT"	""	15
"TA[C>T]AA"	""	19
"TA[C>T]AC"	""	15
"TA[C>T]AG"	""	8
"TA[C>T]AT"	""	20
"TA[C>T]CA"	""	14
"TA[C>T]CC"	""	9
"TA[C>T]CG"	""	2
"TA[C>T]CT"	""	20
"TA[C>T]GA"	""	15
"TA[C>T]GC"	""	7
"TA[C>T]GG"	""	6
"TA[C>T]GT"	""	18
"TA[C>T]TA"	""	18
"TA[C>T]TC"	""	17
"TA[C>T]TG"	""	2
"TA[C>T]TT"	""	19
"TC[C>T]AA"	""	15
"TC[C>T]AC"	""	14
"TC[C>T]AG"	""	12
"TC[C>T]AT"	""	22
"TC[C>T]CA"	""	32
"TC[C>T]CC"	""	30
"TC[C>T]CG"	""	5
"TC[C>T]CT"	""	26
"TC[C>T]GA"	""	5
"TC[C>T]GC"	""	7
"TC[C>T]GG"	""	19
"TC[C>T]GT"	""	23
"TC[C>T]TA"	""	18
"TC[C>T]TC"	""	32
"TC[C>T]TG"	""	24
"TC[C>T]TT"	""	35
"TG[C>T]AA"	""	11
"TG[C>T]AC"	""	15
"TG[C>T]AG"	""	10
"TG[C>T]AT"	""	13
"TG[C>T]CA"	""	10
"TG[C>T]CC"	""	18
"TG[C>T]CG"	""	8
"TG[C>T]CT"	""	20
"TG[C>T]GA"	""	14
"TG[C>T]GC"	""	10
"TG[C>T]GG"	""	10
"TG[C>T]GT"	""	21
"TG[C>T]TA"	""	13
"TG[C>T]TC"	""	12
"TG[C>T]TG"	""	8
"TG[C>T]TT"	""	26
"TT[C>T]AA"	""	26
"TT[C>T]AC"	""	40
"TT[C>T]AG"	""	23
"TT[C>T]AT"	""	41
"TT[C>T]CA"	""	30
"TT[C>T]CC"	""	55
"TT[C>T]CG"	""	6
"TT[C>T]CT"	""	58
"TT[C>T]GA"	""	36
"TT[C>T]GC"	""	7
"TT[C>T]GG"	""	19
"TT[C>T]GT"	""	35
"TT[C>T]TA"	""	58
"TT[C>T]TC"	""	59
"TT[C>T]TG"	""	28
"TT[C>T]TT"	""	84
"AA[T>A]AA"	""	22
"AA[T>A]AC"	""	5
"AA[T>A]AG"	""	4
"AA[T>A]AT"	""	10
"AA[T>A]CA"	""	4
"AA[T>A]CC"	""	4
"AA[T>A]CG"	""	1
"AA[T>A]CT"	""	7
"AA[T>A]GA"	""	5
"AA[T>A]GC"	""	1
"AA[T>A]GG"	""	12
"AA[T>A]GT"	""	8
"AA[T>A]TA"	""	20
"AA[T>A]TC"	""	6
"AA[T>A]TG"	""	10
"AA[T>A]TT"	""	35
"AC[T>A]AA"	""	10
"AC[T>A]AC"	""	7
"AC[T>A]AG"	""	8
"AC[T>A]AT"	""	2
"AC[T>A]CA"	""	5
"AC[T>A]CC"	""	12
"AC[T>A]CG"	""	4
"AC[T>A]CT"	""	12
"AC[T>A]GA"	""	6
"AC[T>A]GC"	""	5
"AC[T>A]GG"	""	4
"AC[T>A]GT"	""	3
"AC[T>A]TA"	""	10
"AC[T>A]TC"	""	7
"AC[T>A]TG"	""	4
"AC[T>A]TT"	""	14
"AG[T>A]AA"	""	8
"AG[T>A]AC"	""	3
"AG[T>A]AG"	""	2
"AG[T>A]AT"	""	4
"AG[T>A]CA"	""	5
"AG[T>A]CC"	""	5
"AG[T>A]CG"	""	0
"AG[T>A]CT"	""	5
"AG[T>A]GA"	""	5
"AG[T>A]GC"	""	7
"AG[T>A]GG"	""	5
"AG[T>A]GT"	""	1
"AG[T>A]TA"	""	2
"AG[T>A]TC"	""	5
"AG[T>A]TG"	""	7
"AG[T>A]TT"	""	11
"AT[T>A]AA"	""	10
"AT[T>A]AC"	""	4
"AT[T>A]AG"	""	4
"AT[T>A]AT"	""	7
"AT[T>A]CA"	""	9
"AT[T>A]CC"	""	8
"AT[T>A]CG"	""	1
"AT[T>A]CT"	""	5
"AT[T>A]GA"	""	1
"AT[T>A]GC"	""	3
"AT[T>A]GG"	""	3
"AT[T>A]GT"	""	2
"AT[T>A]TA"	""	9
"AT[T>A]TC"	""	3
"AT[T>A]TG"	""	13
"AT[T>A]TT"	""	24
"CA[T>A]AA"	""	9
"CA[T>A]AC"	""	7
"CA[T>A]AG"	""	6
"CA[T>A]AT"	""	9
"CA[T>A]CA"	""	5
"CA[T>A]CC"	""	3
"CA[T>A]CG"	""	5
"CA[T>A]CT"	""	8
"CA[T>A]GA"	""	3
"CA[T>A]GC"	""	3
"CA[T>A]GG"	""	6
"CA[T>A]GT"	""	5
"CA[T>A]TA"	""	10
"CA[T>A]TC"	""	8
"CA[T>A]TG"	""	12
"CA[T>A]TT"	""	16
"CC[T>A]AA"	""	2
"CC[T>A]AC"	""	7
"CC[T>A]AG"	""	3
"CC[T>A]AT"	""	4
"CC[T>A]CA"	""	5
"CC[T>A]CC"	""	5
"CC[T>A]CG"	""	2
"CC[T>A]CT"	""	3
"CC[T>A]GA"	""	6
"CC[T>A]GC"	""	6
"CC[T>A]GG"	""	11
"CC[T>A]GT"	""	6
"CC[T>A]TA"	""	5
"CC[T>A]TC"	""	8
"CC[T>A]TG"	""	6
"CC[T>A]TT"	""	8
"CG[T>A]AA"	""	2
"CG[T>A]AC"	""	5
"CG[T>A]AG"	""	2
"CG[T>A]AT"	""	0
"CG[T>A]CA"	""	3
"CG[T>A]CC"	""	3
"CG[T>A]CG"	""	5
"CG[T>A]CT"	""	1
"CG[T>A]GA"	""	3
"CG[T>A]GC"	""	1
"CG[T>A]GG"	""	2
"CG[T>A]GT"	""	2
"CG[T>A]TA"	""	5
"CG[T>A]TC"	""	3
"CG[T>A]TG"	""	4
"CG[T>A]TT"	""	6
"CT[T>A]AA"	""	2
"CT[T>A]AC"	""	6
"CT[T>A]AG"	""	2
"CT[T>A]AT"	""	6
"CT[T>A]CA"	""	5
"CT[T>A]CC"	""	4
"CT[T>A]CG"	""	1
"CT[T>A]CT"	""	4
"CT[T>A]GA"	""	6
"CT[T>A]GC"	""	1
"CT[T>A]GG"	""	6
"CT[T>A]GT"	""	7
"CT[T>A]TA"	""	3
"CT[T>A]TC"	""	5
"CT[T>A]TG"	""	6
"CT[T>A]TT"	""	21
"GA[T>A]AA"	""	7
"GA[T>A]AC"	""	2
"GA[T>A]AG"	""	3
"GA[T>A]AT"	""	6
"GA[T>A]CA"	""	6
"GA[T>A]CC"	""	8
"GA[T>A]CG"	""	2
"GA[T>A]CT"	""	6
"GA[T>A]GA"	""	7
"GA[T>A]GC"	""	3
"GA[T>A]GG"	""	5
"GA[T>A]GT"	""	4
"GA[T>A]TA"	""	9
"GA[T>A]TC"	""	2
"GA[T>A]TG"	""	5
"GA[T>A]TT"	""	14
"GC[T>A]AA"	""	4
"GC[T>A]AC"	""	3
"GC[T>A]AG"	""	4
"GC[T>A]AT"	""	2
"GC[T>A]CA"	""	3
"GC[T>A]CC"	""	3
"GC[T>A]CG"	""	0
"GC[T>A]CT"	""	5
"GC[T>A]GA"	""	3
"GC[T>A]GC"	""	1
"GC[T>A]GG"	""	3
"GC[T>A]GT"	""	4
"GC[T>A]TA"	""	2
"GC[T>A]TC"	""	1
"GC[T>A]TG"	""	4
"GC[T>A]TT"	""	4
"GG[T>A]AA"	""	4
"GG[T>A]AC"	""	8
"GG[T>A]AG"	""	5
"GG[T>A]AT"	""	3
"GG[T>A]CA"	""	6
"GG[T>A]CC"	""	3
"GG[T>A]CG"	""	3
"GG[T>A]CT"	""	2
"GG[T>A]GA"	""	4
"GG[T>A]GC"	""	2
"GG[T>A]GG"	""	3
"GG[T>A]GT"	""	4
"GG[T>A]TA"	""	6
"GG[T>A]TC"	""	4
"GG[T>A]TG"	""	4
"GG[T>A]TT"	""	10
"GT[T>A]AA"	""	6
"GT[T>A]AC"	""	5
"GT[T>A]AG"	""	3
"GT[T>A]AT"	""	7
"GT[T>A]CA"	""	4
"GT[T>A]CC"	""	2
"GT[T>A]CG"	""	2
"GT[T>A]CT"	""	5
"GT[T>A]GA"	""	3
"GT[T>A]GC"	""	2
"GT[T>A]GG"	""	1
"GT[T>A]GT"	""	4
"GT[T>A]TA"	""	5
"GT[T>A]TC"	""	3
"GT[T>A]TG"	""	6
"GT[T>A]TT"	""	13
"TA[T>A]AA"	""	7
"TA[T>A]AC"	""	6
"TA[T>A]AG"	""	2
"TA[T>A]AT"	""	15
"TA[T>A]CA"	""	8
"TA[T>A]CC"	""	5
"TA[T>A]CG"	""	2
"TA[T>A]CT"	""	1
"TA[T>A]GA"	""	6
"TA[T>A]GC"	""	2
"TA[T>A]GG"	""	2
"TA[T>A]GT"	""	5
"TA[T>A]TA"	""	18
"TA[T>A]TC"	""	5
"TA[T>A]TG"	""	8
"TA[T>A]TT"	""	16
"TC[T>A]AA"	""	6
"TC[T>A]AC"	""	2
"TC[T>A]AG"	""	6
"TC[T>A]AT"	""	6
"TC[T>A]CA"	""	3
"TC[T>A]CC"	""	5
"TC[T>A]CG"	""	3
"TC[T>A]CT"	""	6
"TC[T>A]GA"	""	5
"TC[T>A]GC"	""	6
"TC[T>A]GG"	""	1
"TC[T>A]GT"	""	7
"TC[T>A]TA"	""	1
"TC[T>A]TC"	""	3
"TC[T>A]TG"	""	3
"TC[T>A]TT"	""	12
"TG[T>A]AA"	""	9
"TG[T>A]AC"	""	7
"TG[T>A]AG"	""	7
"TG[T>A]AT"	""	4
"TG[T>A]CA"	""	2
"TG[T>A]CC"	""	3
"TG[T>A]CG"	""	0
"TG[T>A]CT"	""	5
"TG[T>A]GA"	""	7
"TG[T>A]GC"	""	2
"TG[T>A]GG"	""	6
"TG[T>A]GT"	""	4
"TG[T>A]TA"	""	3
"TG[T>A]TC"	""	9
"TG[T>A]TG"	""	3
"TG[T>A]TT"	""	15
"TT[T>A]AA"	""	51
"TT[T>A]AC"	""	4
"TT[T>A]AG"	""	4
"TT[T>A]AT"	""	15
"TT[T>A]CA"	""	3
"TT[T>A]CC"	""	4
"TT[T>A]CG"	""	1
"TT[T>A]CT"	""	5
"TT[T>A]GA"	""	5
"TT[T>A]GC"	""	3
"TT[T>A]GG"	""	4
"TT[T>A]GT"	""	11
"TT[T>A]TA"	""	11
"TT[T>A]TC"	""	5
"TT[T>A]TG"	""	6
"TT[T>A]TT"	""	46
"AA[T>C]AA"	""	33
"AA[T>C]AC"	""	11
"AA[T>C]AG"	""	36
"AA[T>C]AT"	""	24
"AA[T>C]CA"	""	16
"AA[T>C]CC"	""	9
"AA[T>C]CG"	""	5
"AA[T>C]CT"	""	19
"AA[T>C]GA"	""	21
"AA[T>C]GC"	""	5
"AA[T>C]GG"	""	17
"AA[T>C]GT"	""	11
"AA[T>C]TA"	""	27
"AA[T>C]TC"	""	8
"AA[T>C]TG"	""	23
"AA[T>C]TT"	""	35
"AC[T>C]AA"	""	6
"AC[T>C]AC"	""	14
"AC[T>C]AG"	""	6
"AC[T>C]AT"	""	7
"AC[T>C]CA"	""	9
"AC[T>C]CC"	""	5
"AC[T>C]CG"	""	4
"AC[T>C]CT"	""	13
"AC[T>C]GA"	""	8
"AC[T>C]GC"	""	4
"AC[T>C]GG"	""	14
"AC[T>C]GT"	""	25
"AC[T>C]TA"	""	7
"AC[T>C]TC"	""	10
"AC[T>C]TG"	""	6
"AC[T>C]TT"	""	21
"AG[T>C]AA"	""	7
"AG[T>C]AC"	""	5
"AG[T>C]AG"	""	15
"AG[T>C]AT"	""	13
"AG[T>C]CA"	""	4
"AG[T>C]CC"	""	7
"AG[T>C]CG"	""	4
"AG[T>C]CT"	""	13
"AG[T>C]GA"	""	10
"AG[T>C]GC"	""	5
"AG[T>C]GG"	""	14
"AG[T>C]GT"	""	11
"AG[T>C]TA"	""	10
"AG[T>C]TC"	""	14
"AG[T>C]TG"	""	13
"AG[T>C]TT"	""	11
"AT[T>C]AA"	""	20
"AT[T>C]AC"	""	11
"AT[T>C]AG"	""	8
"AT[T>C]AT"	""	24
"AT[T>C]CA"	""	12
"AT[T>C]CC"	""	9
"AT[T>C]CG"	""	3
"AT[T>C]CT"	""	12
"AT[T>C]GA"	""	22
"AT[T>C]GC"	""	2
"AT[T>C]GG"	""	11
"AT[T>C]GT"	""	11
"AT[T>C]TA"	""	32
"AT[T>C]TC"	""	9
"AT[T>C]TG"	""	17
"AT[T>C]TT"	""	20
"CA[T>C]AA"	""	12
"CA[T>C]AC"	""	11
"CA[T>C]AG"	""	17
"CA[T>C]AT"	""	20
"CA[T>C]CA"	""	6
"CA[T>C]CC"	""	5
"CA[T>C]CG"	""	3
"CA[T>C]CT"	""	5
"CA[T>C]GA"	""	11
"CA[T>C]GC"	""	4
"CA[T>C]GG"	""	14
"CA[T>C]GT"	""	10
"CA[T>C]TA"	""	16
"CA[T>C]TC"	""	14
"CA[T>C]TG"	""	12
"CA[T>C]TT"	""	17
"CC[T>C]AA"	""	3
"CC[T>C]AC"	""	11
"CC[T>C]AG"	""	6
"CC[T>C]AT"	""	14
"CC[T>C]CA"	""	7
"CC[T>C]CC"	""	7
"CC[T>C]CG"	""	6
"CC[T>C]CT"	""	4
"CC[T>C]GA"	""	8
"CC[T>C]GC"	""	3
"CC[T>C]GG"	""	10
"CC[T>C]GT"	""	8
"CC[T>C]TA"	""	7
"CC[T>C]TC"	""	3
"CC[T>C]TG"	""	11
"CC[T>C]TT"	""	13
"CG[T>C]AA"	""	2
"CG[T>C]AC"	""	3
"CG[T>C]AG"	""	6
"CG[T>C]AT"	""	2
"CG[T>C]CA"	""	2
"CG[T>C]CC"	""	4
"CG[T>C]CG"	""	1
"CG[T>C]CT"	""	4
"CG[T>C]GA"	""	5
"CG[T>C]GC"	""	5
"CG[T>C]GG"	""	5
"CG[T>C]GT"	""	7
"CG[T>C]TA"	""	3
"CG[T>C]TC"	""	7
"CG[T>C]TG"	""	2
"CG[T>C]TT"	""	4
"CT[T>C]AA"	""	16
"CT[T>C]AC"	""	8
"CT[T>C]AG"	""	13
"CT[T>C]AT"	""	7
"CT[T>C]CA"	""	8
"CT[T>C]CC"	""	13
"CT[T>C]CG"	""	2
"CT[T>C]CT"	""	18
"CT[T>C]GA"	""	12
"CT[T>C]GC"	""	3
"CT[T>C]GG"	""	8
"CT[T>C]GT"	""	17
"CT[T>C]TA"	""	7
"CT[T>C]TC"	""	20
"CT[T>C]TG"	""	11
"CT[T>C]TT"	""	20
"GA[T>C]AA"	""	14
"GA[T>C]AC"	""	3
"GA[T>C]AG"	""	8
"GA[T>C]AT"	""	14
"GA[T>C]CA"	""	10
"GA[T>C]CC"	""	8
"GA[T>C]CG"	""	2
"GA[T>C]CT"	""	3
"GA[T>C]GA"	""	12
"GA[T>C]GC"	""	5
"GA[T>C]GG"	""	5
"GA[T>C]GT"	""	9
"GA[T>C]TA"	""	12
"GA[T>C]TC"	""	9
"GA[T>C]TG"	""	6
"GA[T>C]TT"	""	16
"GC[T>C]AA"	""	5
"GC[T>C]AC"	""	3
"GC[T>C]AG"	""	7
"GC[T>C]AT"	""	2
"GC[T>C]CA"	""	2
"GC[T>C]CC"	""	2
"GC[T>C]CG"	""	1
"GC[T>C]CT"	""	5
"GC[T>C]GA"	""	2
"GC[T>C]GC"	""	3
"GC[T>C]GG"	""	5
"GC[T>C]GT"	""	6
"GC[T>C]TA"	""	4
"GC[T>C]TC"	""	2
"GC[T>C]TG"	""	2
"GC[T>C]TT"	""	9
"GG[T>C]AA"	""	8
"GG[T>C]AC"	""	10
"GG[T>C]AG"	""	17
"GG[T>C]AT"	""	10
"GG[T>C]CA"	""	11
"GG[T>C]CC"	""	7
"GG[T>C]CG"	""	6
"GG[T>C]CT"	""	5
"GG[T>C]GA"	""	6
"GG[T>C]GC"	""	7
"GG[T>C]GG"	""	15
"GG[T>C]GT"	""	7
"GG[T>C]TA"	""	9
"GG[T>C]TC"	""	7
"GG[T>C]TG"	""	9
"GG[T>C]TT"	""	13
"GT[T>C]AA"	""	12
"GT[T>C]AC"	""	13
"GT[T>C]AG"	""	10
"GT[T>C]AT"	""	9
"GT[T>C]CA"	""	7
"GT[T>C]CC"	""	7
"GT[T>C]CG"	""	3
"GT[T>C]CT"	""	12
"GT[T>C]GA"	""	7
"GT[T>C]GC"	""	2
"GT[T>C]GG"	""	10
"GT[T>C]GT"	""	11
"GT[T>C]TA"	""	11
"GT[T>C]TC"	""	13
"GT[T>C]TG"	""	10
"GT[T>C]TT"	""	19
"TA[T>C]AA"	""	17
"TA[T>C]AC"	""	12
"TA[T>C]AG"	""	12
"TA[T>C]AT"	""	43
"TA[T>C]CA"	""	9
"TA[T>C]CC"	""	4
"TA[T>C]CG"	""	4
"TA[T>C]CT"	""	8
"TA[T>C]GA"	""	11
"TA[T>C]GC"	""	5
"TA[T>C]GG"	""	6
"TA[T>C]GT"	""	17
"TA[T>C]TA"	""	11
"TA[T>C]TC"	""	9
"TA[T>C]TG"	""	11
"TA[T>C]TT"	""	22
"TC[T>C]AA"	""	9
"TC[T>C]AC"	""	12
"TC[T>C]AG"	""	8
"TC[T>C]AT"	""	7
"TC[T>C]CA"	""	11
"TC[T>C]CC"	""	12
"TC[T>C]CG"	""	1
"TC[T>C]CT"	""	19
"TC[T>C]GA"	""	13
"TC[T>C]GC"	""	7
"TC[T>C]GG"	""	14
"TC[T>C]GT"	""	11
"TC[T>C]TA"	""	11
"TC[T>C]TC"	""	12
"TC[T>C]TG"	""	10
"TC[T>C]TT"	""	23
"TG[T>C]AA"	""	11
"TG[T>C]AC"	""	7
"TG[T>C]AG"	""	16
"TG[T>C]AT"	""	17
"TG[T>C]CA"	""	7
"TG[T>C]CC"	""	11
"TG[T>C]CG"	""	4
"TG[T>C]CT"	""	9
"TG[T>C]GA"	""	8
"TG[T>C]GC"	""	2
"TG[T>C]GG"	""	9
"TG[T>C]GT"	""	16
"TG[T>C]TA"	""	5
"TG[T>C]TC"	""	12
"TG[T>C]TG"	""	17
"TG[T>C]TT"	""	19
"TT[T>C]AA"	""	36
"TT[T>C]AC"	""	17
"TT[T>C]AG"	""	20
"TT[T>C]AT"	""	40
"TT[T>C]CA"	""	17
"TT[T>C]CC"	""	25
"TT[T>C]CG"	""	6
"TT[T>C]CT"	""	27
"TT[T>C]GA"	""	21
"TT[T>C]GC"	""	8
"TT[T>C]GG"	""	18
"TT[T>C]GT"	""	29
"TT[T>C]TA"	""	29
"TT[T>C]TC"	""	29
"TT[T>C]TG"	""	16
"TT[T>C]TT"	""	79
"AA[T>G]AA"	""	10
"AA[T>G]AC"	""	7
"AA[T>G]AG"	""	1
"AA[T>G]AT"	""	8
"AA[T>G]CA"	""	2
"AA[T>G]CC"	""	1
"AA[T>G]CG"	""	4
"AA[T>G]CT"	""	3
"AA[T>G]GA"	""	3
"AA[T>G]GC"	""	2
"AA[T>G]GG"	""	2
"AA[T>G]GT"	""	4
"AA[T>G]TA"	""	2
"AA[T>G]TC"	""	4
"AA[T>G]TG"	""	6
"AA[T>G]TT"	""	10
"AC[T>G]AA"	""	9
"AC[T>G]AC"	""	2
"AC[T>G]AG"	""	2
"AC[T>G]AT"	""	4
"AC[T>G]CA"	""	2
"AC[T>G]CC"	""	3
"AC[T>G]CG"	""	1
"AC[T>G]CT"	""	5
"AC[T>G]GA"	""	3
"AC[T>G]GC"	""	3
"AC[T>G]GG"	""	5
"AC[T>G]GT"	""	5
"AC[T>G]TA"	""	9
"AC[T>G]TC"	""	8
"AC[T>G]TG"	""	5
"AC[T>G]TT"	""	13
"AG[T>G]AA"	""	5
"AG[T>G]AC"	""	3
"AG[T>G]AG"	""	3
"AG[T>G]AT"	""	0
"AG[T>G]CA"	""	3
"AG[T>G]CC"	""	5
"AG[T>G]CG"	""	1
"AG[T>G]CT"	""	5
"AG[T>G]GA"	""	11
"AG[T>G]GC"	""	2
"AG[T>G]GG"	""	7
"AG[T>G]GT"	""	1
"AG[T>G]TA"	""	7
"AG[T>G]TC"	""	2
"AG[T>G]TG"	""	6
"AG[T>G]TT"	""	8
"AT[T>G]AA"	""	12
"AT[T>G]AC"	""	5
"AT[T>G]AG"	""	4
"AT[T>G]AT"	""	6
"AT[T>G]CA"	""	2
"AT[T>G]CC"	""	3
"AT[T>G]CG"	""	0
"AT[T>G]CT"	""	4
"AT[T>G]GA"	""	5
"AT[T>G]GC"	""	3
"AT[T>G]GG"	""	4
"AT[T>G]GT"	""	6
"AT[T>G]TA"	""	10
"AT[T>G]TC"	""	6
"AT[T>G]TG"	""	8
"AT[T>G]TT"	""	15
"CA[T>G]AA"	""	8
"CA[T>G]AC"	""	5
"CA[T>G]AG"	""	8
"CA[T>G]AT"	""	8
"CA[T>G]CA"	""	2
"CA[T>G]CC"	""	1
"CA[T>G]CG"	""	2
"CA[T>G]CT"	""	8
"CA[T>G]GA"	""	5
"CA[T>G]GC"	""	2
"CA[T>G]GG"	""	6
"CA[T>G]GT"	""	7
"CA[T>G]TA"	""	2
"CA[T>G]TC"	""	6
"CA[T>G]TG"	""	5
"CA[T>G]TT"	""	13
"CC[T>G]AA"	""	2
"CC[T>G]AC"	""	3
"CC[T>G]AG"	""	4
"CC[T>G]AT"	""	1
"CC[T>G]CA"	""	3
"CC[T>G]CC"	""	4
"CC[T>G]CG"	""	0
"CC[T>G]CT"	""	4
"CC[T>G]GA"	""	5
"CC[T>G]GC"	""	2
"CC[T>G]GG"	""	6
"CC[T>G]GT"	""	5
"CC[T>G]TA"	""	3
"CC[T>G]TC"	""	5
"CC[T>G]TG"	""	4
"CC[T>G]TT"	""	6
"CG[T>G]AA"	""	2
"CG[T>G]AC"	""	1
"CG[T>G]AG"	""	3
"CG[T>G]AT"	""	3
"CG[T>G]CA"	""	1
"CG[T>G]CC"	""	1
"CG[T>G]CG"	""	2
"CG[T>G]CT"	""	4
"CG[T>G]GA"	""	1
"CG[T>G]GC"	""	0
"CG[T>G]GG"	""	3
"CG[T>G]GT"	""	2
"CG[T>G]TA"	""	1
"CG[T>G]TC"	""	3
"CG[T>G]TG"	""	5
"CG[T>G]TT"	""	5
"CT[T>G]AA"	""	9
"CT[T>G]AC"	""	3
"CT[T>G]AG"	""	3
"CT[T>G]AT"	""	6
"CT[T>G]CA"	""	0
"CT[T>G]CC"	""	3
"CT[T>G]CG"	""	2
"CT[T>G]CT"	""	9
"CT[T>G]GA"	""	4
"CT[T>G]GC"	""	5
"CT[T>G]GG"	""	4
"CT[T>G]GT"	""	5
"CT[T>G]TA"	""	2
"CT[T>G]TC"	""	5
"CT[T>G]TG"	""	5
"CT[T>G]TT"	""	13
"GA[T>G]AA"	""	1
"GA[T>G]AC"	""	4
"GA[T>G]AG"	""	13
"GA[T>G]AT"	""	4
"GA[T>G]CA"	""	3
"GA[T>G]CC"	""	0
"GA[T>G]CG"	""	2
"GA[T>G]CT"	""	3
"GA[T>G]GA"	""	3
"GA[T>G]GC"	""	0
"GA[T>G]GG"	""	6
"GA[T>G]GT"	""	6
"GA[T>G]TA"	""	2
"GA[T>G]TC"	""	4
"GA[T>G]TG"	""	2
"GA[T>G]TT"	""	9
"GC[T>G]AA"	""	1
"GC[T>G]AC"	""	1
"GC[T>G]AG"	""	3
"GC[T>G]AT"	""	3
"GC[T>G]CA"	""	5
"GC[T>G]CC"	""	0
"GC[T>G]CG"	""	1
"GC[T>G]CT"	""	5
"GC[T>G]GA"	""	0
"GC[T>G]GC"	""	2
"GC[T>G]GG"	""	0
"GC[T>G]GT"	""	1
"GC[T>G]TA"	""	2
"GC[T>G]TC"	""	3
"GC[T>G]TG"	""	2
"GC[T>G]TT"	""	6
"GG[T>G]AA"	""	1
"GG[T>G]AC"	""	2
"GG[T>G]AG"	""	1
"GG[T>G]AT"	""	1
"GG[T>G]CA"	""	1
"GG[T>G]CC"	""	0
"GG[T>G]CG"	""	1
"GG[T>G]CT"	""	1
"GG[T>G]GA"	""	3
"GG[T>G]GC"	""	6
"GG[T>G]GG"	""	17
"GG[T>G]GT"	""	4
"GG[T>G]TA"	""	2
"GG[T>G]TC"	""	5
"GG[T>G]TG"	""	5
"GG[T>G]TT"	""	41
"GT[T>G]AA"	""	2
"GT[T>G]AC"	""	0
"GT[T>G]AG"	""	3
"GT[T>G]AT"	""	1
"GT[T>G]CA"	""	2
"GT[T>G]CC"	""	0
"GT[T>G]CG"	""	2
"GT[T>G]CT"	""	1
"GT[T>G]GA"	""	2
"GT[T>G]GC"	""	3
"GT[T>G]GG"	""	5
"GT[T>G]GT"	""	3
"GT[T>G]TA"	""	4
"GT[T>G]TC"	""	4
"GT[T>G]TG"	""	7
"GT[T>G]TT"	""	12
"TA[T>G]AA"	""	12
"TA[T>G]AC"	""	1
"TA[T>G]AG"	""	7
"TA[T>G]AT"	""	9
"TA[T>G]CA"	""	5
"TA[T>G]CC"	""	1
"TA[T>G]CG"	""	3
"TA[T>G]CT"	""	2
"TA[T>G]GA"	""	3
"TA[T>G]GC"	""	4
"TA[T>G]GG"	""	4
"TA[T>G]GT"	""	3
"TA[T>G]TA"	""	3
"TA[T>G]TC"	""	4
"TA[T>G]TG"	""	5
"TA[T>G]TT"	""	17
"TC[T>G]AA"	""	5
"TC[T>G]AC"	""	5
"TC[T>G]AG"	""	7
"TC[T>G]AT"	""	5
"TC[T>G]CA"	""	3
"TC[T>G]CC"	""	0
"TC[T>G]CG"	""	1
"TC[T>G]CT"	""	5
"TC[T>G]GA"	""	3
"TC[T>G]GC"	""	2
"TC[T>G]GG"	""	1
"TC[T>G]GT"	""	7
"TC[T>G]TA"	""	7
"TC[T>G]TC"	""	6
"TC[T>G]TG"	""	3
"TC[T>G]TT"	""	17
"TG[T>G]AA"	""	4
"TG[T>G]AC"	""	1
"TG[T>G]AG"	""	4
"TG[T>G]AT"	""	5
"TG[T>G]CA"	""	3
"TG[T>G]CC"	""	1
"TG[T>G]CG"	""	1
"TG[T>G]CT"	""	4
"TG[T>G]GA"	""	6
"TG[T>G]GC"	""	4
"TG[T>G]GG"	""	5
"TG[T>G]GT"	""	4
"TG[T>G]TA"	""	4
"TG[T>G]TC"	""	2
"TG[T>G]TG"	""	3
"TG[T>G]TT"	""	10
"TT[T>G]AA"	""	19
"TT[T>G]AC"	""	2
"TT[T>G]AG"	""	6
"TT[T>G]AT"	""	11
"TT[T>G]CA"	""	7
"TT[T>G]CC"	""	4
"TT[T>G]CG"	""	2
"TT[T>G]CT"	""	12
"TT[T>G]GA"	""	6
"TT[T>G]GC"	""	0
"TT[T>G]GG"	""	5
"TT[T>G]GT"	""	12
"TT[T>G]TA"	""	15
"TT[T>G]TC"	""	7
"TT[T>G]TG"	""	9
"TT[T>G]TT"	""	47
